bigram	count
go ahead	7037
can you	6058
i copy	5931
in the	5742
i'll be	5504
on the	4970
medic 3	4816
to the	4764
medic 1	4617
you can	4604
going to	4581
out of	4521
year old	4255
thank you	4051
of the	3904
for a	3857
in service	3493
en route	3368
dispatch medic	3357
we'll be	3069
medic 2	2995
to be	2835
be 10-8	2783
all set	2732
if you	2542
car 2	2371
at the	2342
respond to	2293
be out	2275
back in	2263
old male	2233
on scene	2063
have a	2033
engine 3	2027
i'm sorry	1991
3 is	1867
in a	1861
truck 1	1754
this is	1747
no wants	1747
old female	1738
valid no	1731
gonna be	1722
on a	1704
with a	1693
for the	1689
engine 2	1646
dispatch from	1579
are you	1569
you guys	1561
will be	1534
i have	1520
there's a	1518
front of	1506
back to	1498
i can	1462
with the	1429
from the	1359
in front	1315
the area	1276
2 is	1222
do you	1207
can go	1195
to get	1153
a male	1153
i'm out	1151
route to	1147
i'm going	1125
should be	1054
out with	1024
it was	1022
he was	997
a female	988
looks like	978
and the	975
i got	975
i don't	960
a black	950
1 medic	950
you have	949
be in	932
1 is	932
could you	927
all companies	921
can i	921
the vehicle	913
is a	912
parking lot	911
she said	911
trying to	907
we have	900
out at	896
you could	894
a white	887
i'm closer	885
it's a	880
10 8	851
station 1	844
see if	838
to fairview	822
able to	814
is on	813
is out	812
as well	810
said that	804
has a	792
be a	788
he said	775
of birth	770
3 medic	765
is going	764
the back	763
date of	763
we're going	759
got a	753
24 i'm	753
you check	750
to go	750
right now	749
a second	735
to a	734
is en	728
the male	714
2 engine	712
of cleveland	709
is in	703
there's no	701
detroit and	697
the owner	688
have the	686
get a	685
you want	671
i'll get	669
is back	667
go to	663
copy thank	660
she was	660
i'm on	660
to lakewood	656
give me	647
want to	647
the city	644
can disregard	641
can get	631
we're 10-8	629
be 10	629
the car	622
they were	620
that male	618
be on	615
medic 1's	614
me a	610
1 respond	607
2 medic	606
medic 3's	605
was a	604
from car	602
and i	599
i think	598
companies medic	597
said he	593
i'm 10-8	590
the phone	582
the building	581
the street	578
from medic	577
3 respond	572
i'm gonna	567
and a	566
the parking	565
you get	565
dispatch to	564
attention all	564
a call	563
medic one's	560
the front	554
that was	548
there was	545
with king	545
with him	540
that vehicle	540
for medic	536
i'm all	534
last name	533
and then	532
the other	529
got it	526
clifton and	523
is gonna	521
south of	520
copy that	510
be en	509
when you	509
i just	507
did you	505
check on	505
you copy	505
and brown	503
get him	502
we can	499
you all	499
the door	499
i'm not	497
the last	497
know if	496
take that	495
a couple	491
i get	489
for that	482
try to	480
no 1	480
the female	479
not sure	473
comes back	472
with that	471
you just	471
and i'll	470
by the	470
the complainant	469
a vehicle	469
over to	467
had a	466
out on	465
dispatch for	460
they said	460
you run	456
i was	450
don't know	450
on it	449
sounds like	449
on that	448
check the	448
male valid	447
side of	444
white male	444
north of	442
first name	441
madison and	441
up to	441
2 and	440
and he	438
apartment number	438
a little	437
the station	436
that he	435
complainant said	431
you give	429
head to	428
he has	427
report number	426
black male	426
with her	424
1 to	421
to that	420
wearing a	420
name is	420
said she	418
and 2	417
with john	416
brown and	415
spoke with	415
lakewood heights	413
the plate	412
was advised	410
to medic	410
stand by	408
it's going	401
2 respond	401
you need	400
is the	400
1 copies	400
and she	400
you start	398
be all	398
we're all	398
the house	397
for an	397
spoke to	396
to call	393
car 2's	393
we're gonna	393
10-4 thank	392
you know	389
into the	389
be checking	389
area of	388
show me	385
one of	384
to you	383
you a	383
be at	380
unable to	377
i'm in	376
station 3	373
3 to	373
the jail	371
it to	370
up here	370
number for	369
that female	362
black and	362
of a	360
with this	358
it's gonna	357
to make	357
2 copies	356
for you	355
the address	354
that the	354
can just	352
to speak	352
the westerly	352
get the	350
speak to	349
the driveway	348
is that	348
speak with	348
get you	347
117th and	347
a report	344
you respond	344
they have	342
20 9	341
to check	340
phone number	340
up there	340
medic 2's	339
be with	338
she has	337
of fairview	337
can copy	336
1 copy	336
2 0	335
a minute	334
the way	334
can show	334
that she	334
the caller	331
was just	330
just a	330
at lakewood	328
for me	328
male is	328
i didn't	326
be 19	325
this male	325
of that	325
west clifton	325
on detroit	323
on his	323
of them	322
is not	322
you see	320
on her	320
valid id	318
a few	317
the detail	316
it looks	316
all the	315
come back	315
with them	315
me to	315
19 with	314
to come	314
vehicle is	313
sorry i'm	312
station 2	311
there is	310
a separate	309
have to	309
the apartment	309
that for	308
said there's	307
3 copies	305
kind of	305
to have	304
and they	303
make sure	303
you go	303
me out	302
to see	302
to her	302
at a	302
to leave	299
15 i	299
was the	299
he is	298
need to	298
be back	297
to find	297
13 i'm	296
in detroit	295
run a	295
code 3	295
standing by	295
said he's	295
id card	295
that they	294
is transporting	294
you said	294
of her	292
that call	292
we got	292
and i'm	291
can take	290
25 25	290
male he's	290
2 from	289
in his	289
put me	288
name and	287
i believe	286
a blue	286
could just	286
1 17	286
he's not	285
the list	285
that way	285
the tracks	285
detroit apartment	285
he's valid	284
1 of	283
of madison	282
might be	282
and madison	281
and see	281
parked in	281
male in	281
11 i	280
a plate	280
from engine	280
him to	278
is there	277
female valid	277
here in	277
don't need	277
detroit the	277
detroit for	275
list please	274
years old	274
around the	273
ahead and	273
let me	273
of lakewood	272
are out	272
we copy	271
out in	270
a car	270
has been	270
in her	269
have any	268
3 copy	268
of detroit	267
we're in	267
we are	267
talk to	266
a gray	266
female she's	263
like a	263
owner of	262
10-8 10-4	262
for now	261
fire ground	261
she's valid	260
what's the	260
24 24	259
would like	259
it's not	258
you send	258
said they	258
me on	256
coming from	256
2 to	256
sure if	256
a red	255
the road	254
i added	254
i'm at	253
at this	253
we're out	253
checks okay	252
did not	252
at fairview	251
the west	251
copy from	251
they're all	250
me the	249
like to	249
contact with	249
does not	249
off the	248
3 and	248
we spoke	248
on 4	248
station wagon	247
we're back	247
the property	246
send me	245
and he's	245
for this	245
said the	245
do we	244
having a	243
if they	243
us to	242
and date	242
19 to	242
the same	241
brown valid	241
warren and	240
over there	239
to respond	239
the pickup	239
the lobby	238
male that	238
coming back	237
transporting to	236
checked the	236
she's not	236
and is	236
3 we're	236
on arrival	235
i'll have	235
just add	234
a squad	234
i'm just	233
no answer	233
1 and	233
can head	232
i see	232
out and	232
we're on	232
go on	232
over here	232
the scene	232
29 i	232
if i	231
to fire	231
pick up	230
stall door	230
the hospital	230
and said	230
wants to	230
got the	229
and franklin	228
male wearing	228
be advised	227
be investigating	227
responding to	227
a valid	226
the call	225
lakewood park	225
i'm fine	225
on clifton	225
female that	225
i need	224
that there's	224
and detroit	224
20 5	224
of it	223
like the	223
said it	223
i'm with	223
there for	223
you put	223
new york	223
failure to	222
it is	222
out there	221
lot of	220
on madison	220
we were	219
that address	219
the store	219
out to	217
clear from	217
up and	217
if there's	216
he just	216
guys all	216
and it's	216
if we	215
he's in	215
i had	215
on this	215
2 2	215
a silver	214
the resident	214
from dispatch	213
set here	213
the alarm	213
to him	212
back and	212
of his	212
service returning	212
10 7	212
be the	210
the first	210
i'll head	210
if he	210
need a	210
4 door	210
2 truck	209
this female	209
the corner	209
there and	209
head over	208
that's the	207
set i'll	207
back up	207
said it's	207
i can't	207
copy detroit	207
from station	207
and it	206
don't have	205
to do	205
if you're	205
call at	205
have that	205
in there	204
the truck	203
she is	203
19 i	203
to give	202
little bit	202
copy i'll	202
we checked	202
you in	202
and she's	202
a message	202
you're on	201
dispatch engine	201
car 10	201
fire alarm	200
back on	200
blocking the	200
city in	200
on 10	200
the park	199
the driver	199
10-8 i'm	199
call back	198
copy i'm	198
3's on	198
just south	198
that's a	198
you repeat	197
have an	197
a phone	197
1 2	197
female is	196
i sent	196
it's the	196
they're going	196
car is	196
10-8 with	195
i'm trying	195
female in	195
edgewater apartment	195
that a	195
thanks for	195
he's a	194
10-8 from	194
up the	194
that is	194
29 i'm	193
no one	193
you add	193
what was	193
franklin and	193
down the	193
lunch list	192
be clear	192
i guess	192
male and	192
no one's	191
let you	191
go back	191
she just	191
just north	191
get them	191
advised that	190
it back	190
29 copy	190
west of	190
from here	189
15 i'm	189
with henry	188
male was	188
you head	188
a lot	188
refusing to	187
he's going	187
i'll take	187
the stall	187
the second	187
the light	187
about a	186
and clifton	186
15 traffic	186
have it	186
myself and	185
in that	185
number 1	185
sorry i	184
looking for	184
up on	184
just got	184
20 2	184
copy and	183
sent you	183
on my	183
i'm 10-7	183
3 en	183
and medic	183
west 117	182
an officer	181
for him	181
don't see	180
her to	180
of this	180
to my	180
to take	180
talking to	179
it out	179
to this	179
my driver	179
and truck	179
them to	179
heading to	179
the report	179
14306 detroit	179
10-8 10-8	179
10 16	179
the fire	178
going off	178
over the	178
was no	178
east of	178
lake and	178
2 copy	178
through the	178
with you	178
i've got	178
rocky river	178
starting mileage	177
said she's	177
by a	177
14312 detroit	177
out the	177
there's nothing	177
added to	176
check for	176
and you	176
give you	176
the sidewalk	176
i will	176
his way	176
birth is	176
you call	176
just to	175
copy thanks	175
advised of	175
close to	175
there are	175
a number	175
one's en	175
you try	174
saying that	174
so i	174
29 traffic	174
are going	174
and they're	174
1 0	174
you wanna	174
to appear	173
can we	173
1 we're	173
11 traffic	173
229 and	173
19 for	173
it's on	173
break for	172
a moment	172
12 i'm	172
i spoke	172
is it	171
another car	171
going on	171
madison for	171
a 21	171
make contact	171
king victor	171
it sounds	171
due to	170
you thank	170
at that	170
add it	170
him and	169
17 i	169
a note	169
can start	169
her and	169
king frank	169
from a	168
west 117th	168
you show	168
the east	168
vehicle was	168
was in	168
if it's	167
brown brown	167
him in	167
yeah i	167
have been	167
15 i'll	167
for her	167
he's on	167
male he	166
3's en	166
this time	166
24 i	166
me back	166
that he's	166
white female	166
companies car	165
10-8 and	165
couple of	165
gonna have	165
route from	165
get it	164
and that	164
front door	164
all right	164
a hold	164
2 can	164
copy you	163
be there	163
we're en	163
1 i	163
on him	162
2 on	162
and car	162
and we'll	162
like it's	162
is all	162
mileage is	162
19 traffic	162
you to	161
1's en	161
here and	161
10 4	161
male with	160
in and	160
the squad	160
and if	160
it's just	160
call the	160
they can	160
2's en	160
service patient	160
start a	160
to move	160
said her	160
kufner has	160
king edward	160
a fire	160
19 i'm	160
i found	159
to head	159
and 229	159
eastbound on	159
across the	159
public service	159
madison apartment	159
not have	158
it in	158
were advised	158
11 i'll	158
it should	158
to try	157
in color	157
but he	157
19 and	157
find a	157
female said	157
and just	157
the upstairs	157
if he's	156
they just	156
get in	156
want me	156
see you	155
lakewood er	155
2's on	155
to an	155
everything checks	155
number 2	155
one's on	155
of you	154
that i	154
the complaint	154
check in	154
she's in	154
to meet	154
and there's	154
but she	153
id no	153
and blue	153
head there	153
2 will	153
back hill	153
down to	153
and her	153
call from	152
come out	152
we get	152
down here	152
2's out	152
bunts and	152
detroit room	152
king ida	152
is valid	152
the middle	152
the 1	152
you say	151
real quick	151
2 are	151
the north	151
i'm close	151
has an	151
1 en	151
1 1	151
it up	150
didn't see	150
3's out	150
this was	150
from detroit	150
was on	150
service call	150
start heading	150
wants 10-4	150
like it	149
bye bye	149
a dl	149
when you're	148
to stop	148
2 20	148
back door	147
the side	147
you able	147
coming in	147
king union	147
black brown	147
king henry	147
last night	147
there in	147
1 in	147
male on	147
supposed to	146
are in	146
11 i'm	146
i'm a	146
1 will	146
detroit number	146
to his	146
be transporting	146
not a	146
17 i'm	145
be able	145
we just	145
to me	145
hold of	145
be coming	145
the south	144
you still	144
1's on	144
just want	144
transporting a	144
to madison	144
1 from	144
car 8	144
he's got	143
one's out	143
that car	143
and we're	143
the dog	143
to service	143
st charles	143
welfare check	143
10-7 at	143
i checked	143
10-4 and	143
it and	143
2 1	143
still on	142
an hour	142
out here	142
here for	142
1's out	142
my car	142
i'm set	142
need it	142
called back	142
3 i	142
1 on	141
at all	141
the downstairs	141
11 and	141
there's an	141
set up	141
license plate	141
17 i'll	141
and we	141
just called	140
dispatch medical	140
with an	140
and engine	140
king king	140
has that	140
registered owner	140
on their	140
and 215	140
we've got	140
the backyard	140
prior to	139
is still	139
the name	139
lift assist	139
number and	139
can find	139
with us	139
added notes	139
plate is	139
female with	138
near the	138
13 i	138
i do	138
you please	138
female she	138
15 can	138
i know	138
to your	138
of those	138
behind the	138
12400 madison	138
so you	138
you the	137
that are	137
to pick	137
in route	137
he's gonna	137
ending mileage	137
and beale	136
2-car mva	136
and his	136
i be	136
2 en	136
or not	136
parked on	136
didn't know	136
a verbal	136
advised to	136
they are	136
down there	136
0 3	136
but i	135
i'll let	135
like he	135
3 truck	135
verbal argument	135
me know	135
with his	135
call for	135
front counter	135
meet you	135
is no	135
tell me	135
days inn	135
they're gonna	135
do a	134
was not	134
13 traffic	134
in for	134
detroit in	134
so there's	134
minutes ago	134
the bus	134
29 i'll	134
ahead go	134
and get	134
when i	134
i'm checking	134
female to	134
0 4	134
truck one's	134
came out	133
the one	133
i go	133
just be	133
madison the	133
last 6	133
can hear	133
the right	133
guys could	133
king george	133
from truck	133
black female	133
john victor	133
see anything	133
madison park	133
2 car	133
in apartment	132
right here	132
would you	132
has it	132
driver's license	132
that you	131
for us	131
he doesn't	131
number is	131
as a	131
the lakewood	131
he had	131
from that	131
engine 3's	131
fell and	131
the mail	131
alarm company	131
12 i	131
25 24	130
24 25	130
at madison	130
lakeshore towers	130
arriving at	130
get her	130
i did	130
that her	130
talked to	129
that we	129
okay we'll	129
and berea	129
under arrest	129
29 and	129
to talk	129
he's been	129
i'm coming	129
and hilliard	129
for my	129
do it	128
okay thank	128
guys can	128
are on	128
called said	128
king adam	128
we don't	128
us a	127
she's going	127
there a	127
one to	127
the vin	127
that she's	127
is medic	127
the wrong	127
22 i	127
said there	127
17 and	127
call me	127
and 219	127
28 copy	127
no no	127
i'm clear	126
might have	126
checking the	126
do not	126
checked okay	126
we're at	125
you're ready	125
can see	125
i tried	125
male at	125
you assist	125
is at	125
try and	125
alarm showing	125
into a	124
but the	124
corner of	124
an alarm	124
give us	124
get that	124
take a	124
11 can	123
king sam	123
1 truck	123
but it's	123
tried to	123
go for	123
checking on	123
off of	123
copy i	123
3 on	123
here i'll	123
25 traffic	123
215 and	123
here at	122
plate in	122
henry adam	122
1 you	122
but it	122
male to	122
not in	122
clifton with	122
be responding	122
inside the	122
is arriving	122
3 are	122
to assist	122
middle of	122
advise the	122
219 and	122
2 15	122
to our	121
if she	121
okay i	121
in cleveland	121
you at	121
we need	121
13900 detroit	121
difficulty breathing	121
king ocean	121
her apartment	121
female at	121
14300 detroit	121
and black	120
that one	120
was able	120
got him	120
17 traffic	120
traffic stop	120
2 we're	120
to dispatch	120
the only	120
0 2	120
4 thank	120
2 i	119
12506 edgewater	119
no visible	119
be added	119
a good	119
set i'm	119
and 222	119
29 can	119
she's a	119
a name	118
you got	118
car and	118
she doesn't	118
of service	118
the ground	118
copy medic	118
and out	118
king tom	118
each other	118
i'll check	118
it down	118
24 i'll	118
check around	118
group of	118
8 and	118
can send	117
back of	117
number please	117
of franklin	117
has the	117
southbound on	117
check at	117
this call	117
3 will	117
she thinks	117
a public	117
24 hour	117
1341 marlowe	117
you're good	116
we're just	116
king david	116
way to	116
westbound on	116
be waiting	116
that back	116
found a	116
is taking	116
he does	116
take it	116
and 3	116
14 i	116
truck 2	116
see the	115
the lake	115
king queen	115
is clear	115
from her	115
for it	115
a welfare	115
i couldn't	115
female was	115
lives in	115
16 traffic	115
nothing showing	115
to clear	114
i am	114
for your	114
that plate	114
company is	114
from madison	114
speaking with	114
suspended no	114
3 in	114
know what	114
on our	114
it's in	114
some notes	114
return to	114
224 and	114
the number	113
arrest for	113
it for	113
the stop	113
out we'll	113
to stay	113
29 we're	113
vehicle and	113
his name	113
the registered	113
or anything	113
no issues	113
of clifton	113
the haven	113
and female	113
for dci	113
can have	113
21 i	113
property room	113
said they're	113
yeah yeah	113
attention medic	113
22 traffic	112
i'll go	112
you on	112
truck 1's	112
female having	112
a resident	112
and cove	112
a parking	112
to stand	112
if the	112
call and	112
come in	112
1 can	112
70 70	112
saint charles	112
3 can	111
be standing	111
it on	111
need for	111
he's having	111
to handle	111
coming up	111
you're all	111
you stop	111
we're good	110
this morning	110
can clear	110
she's on	110
a lift	110
find an	110
but he's	110
left the	110
211 i	110
15 and	110
his car	110
no longer	110
in case	109
after the	109
post office	109
was going	109
the traffic	109
back out	109
15 to	109
is also	109
get to	109
out for	108
3 from	108
get out	108
head that	108
that fell	108
an obt	108
211 and	108
copies medic	108
2 you	108
have him	108
25 i'm	108
2's in	108
we're set	108
just so	108
here on	108
and can	108
mental health	108
edward robert	108
ahead i	108
in this	108
gave me	108
20 1	108
in our	107
6 of	107
a traffic	107
no need	107
25 i	107
adam robert	107
beale street	106
needs to	106
and 211	106
a dog	106
9 i	106
just wanted	106
madison number	106
could check	106
male having	106
1 car	106
the time	106
be for	106
no injuries	106
and 220	106
a 2-car	105
one more	105
it'll be	105
for another	105
them in	105
a listing	105
company medic	105
26 i'm	105
a group	105
manor park	105
station at	105
be 108	105
me that	104
not on	104
and west	104
just going	104
they don't	104
see any	104
is an	104
to start	104
27 year	104
this vehicle	104
need me	104
he left	104
type of	104
a warrant	104
call on	104
this car	103
show us	103
a 10-16	103
of 26	103
see him	103
and 217	103
29 you	103
about the	103
you for	103
to locate	103
here with	103
called and	103
to turn	103
and lakewood	103
the roadway	103
next to	103
she had	103
up in	102
owner is	102
with it	102
having some	102
i'll call	102
door please	102
9 i'm	102
door and	102
the elevator	102
back here	102
she believes	102
15 you	102
back if	102
can't get	102
serial number	102
or a	102
you hear	102
just west	102
john david	102
companies engine	102
16 i	102
on 1	102
was at	101
the bar	101
that parking	101
her car	101
answer at	101
a 19	101
i covered	101
king boy	101
are we	101
out front	101
on foot	101
he's all	101
still in	101
that it's	100
violent tendencies	100
king john	100
let them	100
25 year	100
him on	100
working on	100
a ride	100
start kufner	100
wanted to	100
you confirm	100
copy we're	100
third party	100
or the	100
the rear	100
yeah i'm	100
need that	100
3's in	100
john king	100
copy madison	100
10-4 10-4	100
they're not	100
a large	100
217 and	99
3's back	99
was that	99
on lake	99
he's at	99
and warren	99
no parking	99
are back	99
the water	99
the days	99
19 can	99
clifton number	99
not valid	99
got you	99
for his	98
east side	98
on to	98
hilliard and	98
feeling well	98
was an	98
from clifton	98
to let	98
13 i'll	98
left a	98
head up	98
cars are	98
gonna go	98
switching to	98
is now	98
16 i'm	98
26 i	98
hold on	98
medic 4	98
ahead i'm	98
have her	97
that it	97
name of	97
if it	97
10-4 i'm	97
was cited	97
10-4 i'll	97
that'll be	97
to it	97
make a	97
10-4 i	97
clifton apartment	97
2 go	97
the night	97
male said	97
vehicle parked	97
that's what	97
me please	97
like he's	97
copy clifton	97
said his	97
male has	97
we'll take	97
the white	97
the basement	97
time for	97
the manager	97
in here	96
just check	96
he didn't	96
appear for	96
number on	96
about to	96
the post	96
we had	96
the lunch	96
i'm right	96
in madison	96
they're on	96
we're 10-7	96
on 10-8	96
take the	96
1's back	96
not going	96
same traffic	96
and now	96
call her	96
any of	96
so we	96
so they	96
the rest	96
a 24-hour	96
can return	96
bunch of	96
i'll try	95
at detroit	95
guys are	95
we're clear	95
taking one	95
appears to	95
north side	95
to send	95
come up	95
add a	95
and 213	95
respond at	95
there as	95
and 214	95
lake the	95
that's correct	95
like they're	95
hit her	95
and there	95
2 17	95
1 for	94
cautions for	94
her phone	94
so far	94
under the	94
lake apartment	94
at clifton	94
so i'm	94
it says	94
the police	94
you 19	94
her head	94
fairview hospital	94
send you	93
ahead with	93
they're in	93
plate for	93
a description	93
said a	93
my way	93
loud music	93
rush hour	93
kufner's has	93
an active	93
know that	93
his apartment	93
but they	93
just gonna	93
northbound on	93
she's gonna	93
high school	93
think it's	92
26 year	92
and 29	92
a license	92
smoke detector	92
may have	92
right in	92
set there	92
i'll send	92
for follow-up	92
description of	92
may be	92
not to	92
lives at	92
copy can	92
her back	92
like they	92
clifton the	92
she's been	92
waiting for	92
he's just	92
a bunch	92
to detroit	92
they need	92
car 4	92
of our	91
of their	91
the lot	91
10-4 thanks	91
be here	91
madison with	91
is this	91
just east	91
the residence	91
your location	91
plate on	91
a copy	91
her in	91
one is	91
copy the	91
0 1	91
a 10	91
outside of	91
to 2	91
17 can	90
robert adam	90
to 19	90
up a	90
use the	90
to confirm	90
have another	90
10-4 can	90
29 year	90
36 year	90
on bunts	90
detroit with	90
spring garden	90
all of	90
the train	90
30 year	90
on fire	90
know it's	90
that's been	90
of 24	90
common spelling	90
mutual aid	90
route with	90
check it	89
17 to	89
28 year	89
i could	89
yelling at	89
you make	89
on lakewood	89
at her	89
3 engine	89
detroit to	89
just let	89
there to	89
they want	89
detroit medic	89
down and	89
they got	89
1 are	89
robert tom	89
phone with	89
know the	89
across from	89
the bridge	89
1 more	89
on 117th	88
20 i'm	88
west side	88
that his	88
you are	88
engine 2's	88
to all	88
and has	88
here i'm	88
parking complaint	88
is just	88
in an	88
like that	88
on your	88
a tow	88
24 copy	88
an mva	88
with me	88
and advised	88
it might	88
205 and	88
down on	88
come to	88
card no	88
the tow	88
25 and	88
could be	88
the garage	88
and lake	88
the tree	88
it's an	87
south marginal	87
now and	87
edgewater number	87
have them	87
and time	87
john tom	87
on warren	87
not feeling	87
unit 1	87
at 1	87
patient was	87
a dark	87
the carlisle	87
the welfare	87
23 year	87
john john	87
and confirm	87
that there	87
with george	87
you come	87
here to	87
at least	87
35 year	87
there any	87
not driving	87
was there	87
212 and	87
2 3	87
3 0	87
one's back	87
1 17th	87
that mail	86
to us	86
so the	86
cleveland on	86
them know	86
cars on	86
i'm back	86
and 20	86
34 year	86
be 10-7	86
female who	86
he wants	86
hung up	86
1's in	86
the line	86
for 2	86
in their	86
gonna head	86
switch to	86
number 3	86
she's having	86
a tree	86
2 19	86
14 i'm	85
where are	85
that's going	85
copy 24	85
female on	85
advised the	85
you don't	85
cited for	85
can try	85
the cars	85
ennis court	85
in it	85
vehicle that	85
22 on	85
other cars	85
towards the	85
one's in	85
down in	85
her boyfriend	85
this mail	85
3 you	85
and 221	85
orchard grove	85
their way	85
all black	85
car mva	85
can call	84
a bit	84
visible plate	84
advise and	84
the past	84
requesting a	84
and 202	84
medic is	84
29 detroit	84
repeat that	84
number 4	84
drug mart	84
she does	84
he lives	84
i'll give	84
john william	84
address is	84
check okay	84
passed out	84
some of	84
at 10	84
disregard the	84
and 224	84
the fedor	84
route back	84
and 225	84
get on	84
you back	84
3 go	84
19 i'll	84
we're 10	84
check out	83
vehicle in	83
send a	83
for traffic	83
king paul	83
11820 edgewater	83
parking violation	83
listing is	83
had to	83
bus stop	83
protection order	83
open the	83
it's all	83
can give	83
sitting in	83
1 go	83
it just	83
driving due	83
they're just	83
dispatch truck	83
24 year	82
still there	82
what kind	82
37 year	82
transporting one	82
and release	82
male who	82
okay i'll	82
she can	82
between the	82
213 and	82
both parties	82
part of	82
quiet on	82
2's back	82
she's at	82
may i	82
222 and	82
up with	82
issues with	82
is for	82
checked on	82
move it	82
vehicle on	82
them and	82
set we'll	82
12900 lake	82
the listing	82
cell phone	82
door is	82
okay and	82
burger king	82
care of	82
and 19	82
2 12	82
12 and	82
just wanna	82
john sam	81
she didn't	81
i called	81
just in	81
for failure	81
blue valid	81
22 can	81
responding from	81
be king	81
says she	81
can check	81
you like	81
to return	81
the camera	81
ahold of	81
he'll be	81
the track	81
clifton king	81
lincoln adam	81
16 i'll	81
6 foot	81
me at	81
ahead can	81
to 20	81
2 for	81
1 4	81
went to	80
get further	80
keys in	80
9 i'll	80
coming out	80
a possible	80
i left	80
the key	80
his vehicle	80
up for	80
clifton for	80
no plate	80
having difficulty	80
dropped off	80
it's been	80
and was	80
refused transport	80
squad assist	80
and 203	80
just the	80
to them	80
rest of	80
6 1	80
so it's	80
have you	80
and that's	79
our arrival	79
on west	79
shirt and	79
from there	79
shows a	79
we will	79
just for	79
good to	79
i saw	79
13 and	79
attempt to	79
an elderly	79
just have	79
unit 2	79
the location	79
can be	79
yeah we're	79
when he	79
that they're	79
here i	79
in lakewood	79
have some	79
to walk	79
lake for	79
would be	79
216 and	79
one's closer	79
it shows	79
33 year	79
and 212	79
1 6	79
right there	78
what's your	78
a 2	78
do that	78
a 24	78
dispatch you	78
22 i'm	78
of him	78
says that	78
a match	78
the business	78
waiting in	78
caution for	78
add that	78
like there's	78
get up	78
he can	78
there's any	78
assist the	78
call you	78
and 1	78
set we're	78
i'm 10	78
0 8	78
2 11	78
be turning	77
11 you	77
damage to	77
doesn't have	77
the er	77
211 traffic	77
is king	77
his phone	77
29 we'll	77
i want	77
18 year	77
okay we're	77
clifton cove	77
25 copy	77
any further	77
like us	77
the berkshire	77
i'm still	77
fire department	77
was unable	77
riverside and	77
we're still	77
set on	77
any other	77
dl for	77
patient refused	77
to emergency	77
she left	77
on edgewater	77
2 8	77
dispatch 3	77
female fell	77
we could	76
says she's	76
can cancel	76
not seeing	76
more time	76
to 11	76
the description	76
i'm en	76
her way	76
the intersection	76
that's all	76
king mary	76
stuck in	76
is having	76
copy back	76
where the	76
suspended valid	76
outside the	76
the third	76
the dl	76
and hit	76
the premise	76
with no	76
now i'll	76
2 in	76
and all	76
40 year	76
so she	76
received a	76
1 5	76
19 you	76
she says	75
him he	75
got me	75
this way	75
and have	75
lakewood ed	75
the window	75
to contact	75
dispatch car	75
a deal	75
no i	75
report room	75
did they	75
a green	75
18 i	75
ahead the	75
that lives	75
be heading	75
the drive	75
is he	75
like she	75
on file	75
you and	74
i should	74
doesn't know	74
20 i'll	74
showing a	74
that's it	74
211 i'm	74
of 25	74
the gas	74
31 year	74
king robert	74
lincoln edward	74
it doesn't	74
not coming	74
the patient	74
see it	74
edward lincoln	74
now i'm	74
her vehicle	74
and 216	74
station to	74
a small	74
there with	74
19 copy	74
14 traffic	74
are gonna	74
we're not	73
to keep	73
that should	73
odor of	73
pulling into	73
for some	73
is coming	73
apartment 1	73
franklin with	73
wearing all	73
came back	73
adam nora	73
notes added	73
too close	73
address to	73
be giving	73
does have	73
he thinks	73
john young	73
car 6	73
was trying	73
not answering	73
you do	73
adam lincoln	73
the residents	73
wait for	73
covered you	73
back there	73
stop up	73
29 10-4	73
0 9	73
14 and	73
the complainant's	72
head back	72
needs a	72
that i'm	72
of parma	72
get into	72
when we	72
hit a	72
she wants	72
13315 detroit	72
the left	72
get your	72
my partner	72
this address	72
armed and	72
and dangerous	72
locked out	72
part 2	72
a gun	72
vehicle i'll	72
welfare of	72
a medical	72
i'll just	72
and 15	72
from this	72
and 218	72
now he's	72
looking at	72
but she's	72
4 and	72
was it	72
been parked	72
check started	72
male 6	72
listed owner	72
about it	72
that 1	72
20 8	72
car two's	72
29 go	71
now i	71
send it	71
work phone	71
it from	71
it i'll	71
21 year	71
don't think	71
can come	71
to 3	71
both of	71
change the	71
can add	71
her she	71
front desk	71
see that	71
if they're	71
you're not	71
22 i'll	71
2 of	71
her name	71
from lakewood	71
a follow-up	71
lincoln lincoln	71
they had	71
28 10-7	71
robert robert	71
16 and	71
for 10	71
need the	71
be tonight	71
back with	71
where you	71
90 westbound	71
house and	71
i 90	71
1 3	71
214 and	71
she did	70
a wire	70
her a	70
advised and	70
it comes	70
premise file	70
end of	70
1 out	70
he went	70
so i'll	70
copy a	70
could start	70
with one	70
9 can	70
ground on	70
look like	70
male called	70
black chevy	70
called in	70
the highway	70
26 traffic	70
he did	70
the pool	70
ahead sir	70
to 1	70
there's some	70
some type	70
19 we're	70
of gas	69
have no	69
that's fine	69
are all	69
she's got	69
having chest	69
westerly 14312	69
5 minutes	69
him up	69
were able	69
john union	69
got into	69
the floor	69
and 205	69
the bathroom	69
in my	69
copy warren	69
for about	69
me in	69
south side	69
14701 detroit	69
4 is	69
0 7	69
giant eagle	69
0 6	69
32 year	68
call to	68
and check	68
ahead we	68
need any	68
which is	68
is calling	68
complaining of	68
elderly female	68
cleveland heights	68
to metro	68
a while	68
if not	68
what's going	68
in clifton	68
7 at	68
she would	68
as the	68
when they	68
bleeding from	68
speaking to	68
to 15	68
been there	68
i agree	68
we'll have	68
he's wearing	68
released to	68
02 15	68
10-7 lunch	67
i'm getting	67
you i'm	67
just had	67
out investigating	67
obt for	67
is closed	67
been advised	67
this location	67
to 10	67
there were	67
on 117	67
12511 clifton	67
light at	67
like she's	67
yes i	67
3rd floor	67
all these	67
we'll head	67
active permit	67
come down	67
and no	67
figure out	67
please check	67
to wait	67
want us	67
female called	67
or something	67
copy we'll	67
a disturbance	67
edgewater the	67
the cleveland	67
to station	67
detroit from	67
walking around	67
as in	67
male fell	67
if she's	67
one's gonna	67
west 1	67
think i	66
him back	66
the radio	66
of north	66
are en	66
be under	66
in on	66
it off	66
9 traffic	66
in traffic	66
28 10-4	66
what the	66
have your	66
and belle	66
i'm here	66
traffic 24	66
12 000	66
an expired	66
and bunts	66
they didn't	66
call them	66
chest pain	66
it i	66
medical 1	66
he believes	66
clifton road	66
a new	66
3 1	66
a bike	66
sort of	66
to clifton	66
at cleveland	66
on me	66
the cad	66
need you	66
the main	66
a test	66
7 i	66
3 car	65
and breathing	65
let us	65
sorry can	65
be right	65
were just	65
give it	65
for them	65
pulling up	65
assist only	65
that has	65
the jailer	65
a complainant	65
a complaint	65
i ran	65
chest pains	65
and left	65
the doors	65
victor frank	65
that's right	65
a serial	65
your car	65
at 20	65
to know	65
right at	65
from his	65
17 year	65
she lives	65
our city	65
conscious and	65
away from	65
having trouble	65
car was	65
a truck	65
he's still	65
see a	65
the high	65
you i	65
if that	64
so he	64
it a	64
yelling and	64
go i	64
or just	64
you also	64
about that	64
of these	64
them a	64
i said	64
sam henry	64
waiting on	64
10-7 10-8	64
checked out	64
and nicholson	64
about 5	64
to put	64
2 i'll	64
the 3rd	64
5 1	64
dispatch can	64
or do	64
look at	64
with 2	64
party call	64
black shirt	64
be john	64
10 minutes	64
frank edward	64
check secure	64
be going	64
that comes	64
came in	64
are no	64
or 10	64
all be	64
90 eastbound	64
see what	64
central companies	64
meet me	64
history of	64
you calling	64
9 copy	64
female says	64
king william	64
2 14	64
we're trying	63
get back	63
10-4 you	63
john zebra	63
you're in	63
were you	63
i'd like	63
3 i'm	63
are they	63
area for	63
an older	63
just said	63
a half	63
like we	63
female has	63
she got	63
and green	63
her house	63
them on	63
guys still	63
area and	63
we've been	63
the clifton	63
number 10	63
she needs	63
new jersey	63
added the	63
soon as	63
out i'm	63
causing a	63
stop in	63
resident there	63
to county	63
i'm so	63
so sorry	63
you were	63
know when	63
john x-ray	63
the mckinley	63
the black	63
8 1	63
ahead i'll	63
us in	62
call us	62
to use	62
that to	62
off at	62
female that's	62
he's suspended	62
22 year	62
can advise	62
back over	62
with traffic	62
know where	62
the library	62
dispatch mike	62
and needs	62
female and	62
him out	62
believe it's	62
it's out	62
union robert	62
wire down	62
service this	62
ride to	62
with 1	62
first one	62
1 7	62
to copy	62
and let	62
complainant is	62
confirm the	62
lot with	62
you're going	62
card is	62
few minutes	62
on franklin	62
226 and	62
be fine	62
2 10	62
taco bell	62
you meet	62
speeds are	62
she called	62
clifton in	62
14 can	62
it's probably	61
go check	61
king lincoln	61
that from	61
19 year	61
that's not	61
can put	61
registered to	61
that area	61
the warrant	61
yes sir	61
by for	61
the hallway	61
toyota camry	61
parked too	61
hit the	61
i gave	61
a cleveland	61
of your	61
we did	61
phone and	61
hear me	61
20 minutes	61
him for	61
that name	61
was released	61
find the	61
henry paul	61
the listed	61
6 7	61
your work	61
still accessible	61
1 8	61
14 i'll	61
two's out	61
two's en	61
on 108	61
just give	60
off and	60
just go	60
for our	60
i'm good	60
20 year	60
address for	60
and 22	60
i thought	60
he would	60
apartment building	60
all over	60
so we'll	60
was quiet	60
closer to	60
39 year	60
the animal	60
the person	60
a protection	60
1 at	60
guys need	60
the next	60
confirm that	60
sent on	60
henry victor	60
to help	60
it now	60
is john	60
service medic	60
so that	60
him he's	60
take care	60
29 to	60
fedor manor	60
as soon	60
14401 detroit	60
to car	60
some kind	60
issue me	60
the original	60
4 2	60
black in	60
14 copy	60
24 you	59
on board	59
have both	59
john mary	59
there at	59
on there	59
saw a	59
the top	59
guys have	59
warren in	59
here we're	59
within the	59
the correct	59
area checking	59
so we're	59
second floor	59
of us	59
the red	59
when she	59
get ahold	59
20 to	59
for ems	59
he fell	59
call in	59
john george	59
told me	59
knocking on	59
a key	59
caller said	59
you tell	59
a look	59
there now	59
what i	59
we do	59
up at	59
211 copy	59
plates expiring	59
a ds	59
and 208	59
if no	59
5 to	59
some sort	59
was driving	59
have one	59
george king	59
address on	59
and 226	59
there she	59
and lincoln	59
1 i'm	59
belle and	59
or if	59
11 are	59
that description	59
show medic	59
at 02	59
get there	58
have this	58
add him	58
an address	58
start kufner's	58
11 to	58
headed to	58
sam adam	58
the numbers	58
didn't get	58
the mom	58
the party	58
to o'neill	58
side door	58
king charlie	58
1346 cove	58
from warren	58
last seen	58
north marginal	58
the unit	58
a light	58
mckinley and	58
41 year	58
expired permit	58
back at	58
a check	58
police involvement	58
24 and	58
a chance	58
27 i'm	58
10-8 i	58
he also	58
she might	58
he called	58
2 000	58
but i'm	58
it's coming	58
not want	58
21 i'm	58
can't see	58
possession of	58
is conscious	58
middle initial	58
pc for	58
the the	58
5 6	58
check that	57
found the	57
of here	57
14 to	57
it but	57
asking for	57
17 we're	57
male that's	57
a pickup	57
paul lincoln	57
those vehicles	57
adam henry	57
they say	57
drug paraphernalia	57
13 we're	57
24 can	57
union sam	57
he says	57
a seizure	57
top of	57
your traffic	57
that listing	57
15 copy	57
to harm	57
i'm detroit	57
into her	57
13 can	57
be clearing	57
got to	57
for unit	57
65 year	57
15 we're	57
they should	57
are the	57
13 you	57
29 are	57
1381 bunts	57
victor edward	57
a party	57
back for	57
service we'll	57
me and	57
henry tom	57
him a	57
apartments apartment	57
john ocean	57
excuse me	57
check and	57
has no	57
but i'll	57
21 i'll	57
stop and	57
28 i'll	57
13330 detroit	57
not see	57
lake road	57
john adam	57
in 1	57
out a	57
on and	57
lakewood cars	57
in contact	57
anything on	57
11 copy	57
medic two's	57
we're getting	56
she'll be	56
for violent	56
turned over	56
involved in	56
there on	56
we can't	56
1277 cove	56
david edward	56
with your	56
regards to	56
22 and	56
ready to	56
for equipment	56
an employee	56
lives there	56
i mean	56
i'll see	56
male for	56
that apartment	56
a week	56
female wearing	56
elderly male	56
the plates	56
her daughter	56
16 can	56
205 we're	56
on an	56
26 copy	56
over a	56
it the	56
51 year	56
17 you	56
not able	56
just need	56
but there's	56
43 year	56
6 5	56
211 can	56
vehicle we'll	56
miles an	56
a disabled	56
copy your	56
mva no	56
4 1	56
male 05	56
2 03	56
104 thank	56
leave the	55
call him	55
getting a	55
his head	55
by on	55
it's still	55
23 i	55
service for	55
and 11	55
38 year	55
5 8	55
of berea	55
need another	55
24 is	55
her she's	55
to add	55
put it	55
the neighbor	55
robert lincoln	55
said you	55
she can't	55
fairview with	55
heights and	55
2 5	55
been able	55
her up	55
all quiet	55
matching that	55
nicholson and	55
25 can	55
madison in	55
5 7	55
that can	55
robert edward	55
the homeowner	55
female starting	55
around and	55
was walking	55
call please	55
the bike	55
number 5	55
the school	55
few days	55
6 6	55
20 6	55
family dollar	54
and take	54
honda civic	54
number to	54
henry edward	54
i'm turning	54
we didn't	54
say that	54
robert paul	54
the vehicles	54
47 year	54
they've been	54
to tell	54
in pursuit	54
alarm going	54
a honda	54
down by	54
can slow	54
50 year	54
dark blue	54
order against	54
his house	54
called the	54
he should	54
home and	54
to need	54
to pull	54
okay i'm	54
investigating all	54
we know	54
be set	54
his wife	54
turn it	54
off to	54
5 i	54
25 you	54
to figure	54
and riverside	54
and 5	54
he got	54
everything checked	54
the day	54
her mom	54
never had	54
he's walking	54
male date	54
clear of	54
you speak	54
15 minutes	54
3 of	54
117 in	54
a consumer	54
parking enforcement	54
8 from	54
that's parked	54
close the	54
1 second	54
for 1	54
01 17	54
that's for	53
what you	53
and 17	53
you're out	53
and for	53
give her	53
the end	53
brown he's	53
was out	53
she's out	53
that male's	53
felony drugs	53
you may	53
2's are	53
detroit 1	53
on 90	53
25 disregard	53
didn't have	53
dl is	53
be following	53
just wants	53
go with	53
7 0	53
15 on	53
an eye	53
companies switch	53
key holder	53
brown black	53
sounded like	53
he checks	53
24 traffic	53
edward adam	53
and go	53
also has	53
has not	53
lake house	53
2 i'm	53
on set	53
parking zone	53
they'll be	53
is suspended	53
to close	53
could head	53
pulled into	53
car to	53
george henry	53
trouble breathing	53
a private	53
just send	53
22 copy	53
not working	53
dispatch copy	53
from bunts	53
7 6	53
do have	53
6 i	53
we should	53
1 9	53
stay in	53
seems to	53
henry x-ray	53
tom edward	53
test this	53
did the	53
down at	53
7 i'm	53
and 207	53
should have	52
left in	52
ahead we're	52
repeat the	52
now she's	52
that that	52
if that's	52
jail with	52
where he	52
off in	52
on 2	52
64 year	52
loud and	52
a picture	52
you can't	52
talking about	52
the power	52
meet us	52
at mckinley	52
203 i'll	52
of breath	52
it please	52
service from	52
6 2	52
up now	52
slow down	52
for transport	52
black ford	52
complaint said	52
apartment and	52
you set	52
haven 1341	52
69 year	52
3 for	52
street and	52
them back	52
not getting	52
detroit there's	52
park for	52
that's in	52
a mental	52
a no	52
8 copy	52
to walgreens	52
11839 edgewater	52
madison king	52
with some	52
i'm also	52
been a	52
was to	52
24-hour check	52
at 12	52
let him	52
the construction	52
66 year	52
2 29	52
the walgreens	52
4 6	52
to investigate	52
south lane	52
3 4	52
1 the	52
15 o	52
copy go	51
there i	51
make it	51
about an	51
black honda	51
victor adam	51
11 go	51
had you	51
sam tom	51
the two	51
just get	51
22 you	51
will you	51
pain in	51
13 is	51
9 you	51
i also	51
officer about	51
your plate	51
traffic is	51
john lincoln	51
tom henry	51
at home	51
the male's	51
says he	51
send the	51
20 and	51
kufner says	51
the employee	51
going back	51
11701 detroit	51
17 copy	51
at it	51
70 year	51
gonna need	51
not there	51
at each	51
17 in	51
find out	51
yeah we	51
fairview park	51
is open	51
sam sam	51
gonna try	51
hit his	51
station for	51
come on	51
gave you	51
just make	51
in franklin	51
to advise	51
dollar general	51
9 and	51
need anything	51
the envoy	51
warren franklin	51
67 year	51
the southwest	51
stated that	51
12 to	51
27 i	51
a loud	51
2 7	51
shut down	51
police department	50
to break	50
black pants	50
because he	50
and 13	50
back into	50
57 year	50
it thank	50
made contact	50
of hilliard	50
detroit at	50
74 year	50
got out	50
could have	50
her son	50
think he's	50
the parties	50
they believe	50
mary adam	50
sure you	50
henry queen	50
set 10-8	50
for armed	50
and marlowe	50
we're checking	50
to run	50
or is	50
a different	50
be sending	50
taking a	50
hard to	50
turn around	50
car that	50
the ed	50
you let	50
to 29	50
here please	50
coming down	50
remain on	50
possibly a	50
checking for	50
i'm sure	50
it at	50
owner came	50
white suv	50
car please	50
to their	50
cove apartments	50
the driver's	50
and some	50
john yesterday	50
you available	50
parked for	50
and talk	50
charlie henry	50
city center	50
2 9	50
transporting 1	50
72 year	50
westerly 14306	50
list to	50
copy it's	50
a month	50
detroit extension	50
male 5	50
black shorts	50
it will	50
wells fargo	50
10-4 15	49
okay can	49
the guy	49
not here	49
guys set	49
55 year	49
north on	49
to 13	49
he might	49
companies are	49
argument between	49
3 2	49
there's nobody	49
go i'm	49
71 year	49
on camera	49
lakewood center	49
adam george	49
she went	49
doesn't want	49
medical 1's	49
arguing with	49
vehicle i	49
can make	49
the lights	49
give them	49
but they're	49
on them	49
what we	49
28 i'm	49
cleveland clinic	49
a transport	49
3 back	49
copy 10-8	49
12700 lake	49
an open	49
have anything	49
a third	49
her friend	49
sitting on	49
permit no	49
221 and	49
here we'll	49
15 are	49
look for	49
marine towers	49
the passenger	49
that and	49
do they	49
21 traffic	49
he advised	49
run the	49
copies we're	49
and this	49
by while	49
on you	49
go get	49
there that	49
shows the	49
dark colored	49
the owner's	49
how to	49
they did	49
this will	49
no traffic	49
the 2	49
and white	49
so if	49
the room	48
told her	48
continue to	48
i've been	48
he needs	48
male black	48
back parking	48
20 traffic	48
in place	48
henry lincoln	48
2's going	48
an ongoing	48
closer you	48
75 year	48
gas station	48
way back	48
can respond	48
sorry it's	48
the people	48
as i	48
didn't hear	48
dl to	48
blood pressure	48
1's transporting	48
the trespass	48
202 can	48
guys go	48
let the	48
okay he	48
to follow	48
east end	48
that's gonna	48
call it	48
to drive	48
it it's	48
confirm no	48
union queen	48
alarm at	48
to engine	48
separate and	48
this one	48
sure what	48
go through	48
you change	48
on riverside	48
an apartment	48
about 10	48
and advise	48
robert ida	48
help you	48
5 can	48
male just	48
before the	48
back lot	48
couldn't copy	48
saw him	48
male i	48
is parked	48
46 year	48
10-8 we're	48
the office	48
male suspended	48
sure i	48
shows that	48
stay on	48
and also	48
6 3	48
sorry you	48
it appears	48
taking 1	48
5 4	48
stop at	48
8 7	48
19 are	48
your number	48
could please	48
number in	48
of 1	48
you check-in	48
bit of	47
detroit king	47
the keys	47
it i'm	47
22 to	47
just trying	47
she's saying	47
think you	47
29 will	47
can do	47
your way	47
ford fusion	47
in just	47
in to	47
brown suspended	47
natural gas	47
center north	47
henry ocean	47
in regards	47
traffic on	47
this to	47
meet a	47
attached to	47
called about	47
there the	47
1 do	47
with medic	47
john charlie	47
he saw	47
took a	47
got an	47
i'll start	47
11 we're	47
an ambulance	47
28 traffic	47
he's out	47
just waiting	47
yeah it's	47
me your	47
complainant called	47
to truck	47
screaming at	47
is here	47
a 2020	47
and close	47
back from	47
no damage	47
car wash	47
king charles	47
was coming	47
62 year	47
lake avenue	47
were unable	47
16 you	47
6 9	47
6 0	47
a history	47
7 7	47
8 i'll	47
they're still	47
2 18	47
toyota corolla	47
2 traffic	47
2nd floor	47
5 5	47
a better	47
of 20	47
and make	46
you too	46
lake number	46
but we	46
vehicle that's	46
at 2	46
file for	46
way we'll	46
48 year	46
42 year	46
a qualified	46
an odor	46
one patient	46
and clear	46
she fell	46
charles henry	46
contact the	46
henry sam	46
saying he	46
temporary permit	46
and cook	46
for 3	46
they might	46
of travel	46
robert king	46
was parked	46
resident was	46
company called	46
had the	46
he could	46
you another	46
car on	46
your report	46
you sir	46
of people	46
didn't want	46
them now	46
thinks it's	46
5 and	46
16 on	46
now on	46
here we	46
to franklin	46
sam edward	46
keep an	46
get his	46
back home	46
victor david	46
it's parked	46
these are	46
gonna call	46
be knocking	46
4 i'll	46
they're both	46
any issues	46
and do	46
beginning mileage	46
to confiscate	46
and 12	46
they left	46
complaints that	46
stop was	46
and 4	46
calls that	46
number 6	46
7 8	46
wants copy	46
have 1	46
check-in the	46
i told	45
before you	45
to work	45
a 2015	45
calling for	45
now we're	45
can use	45
who is	45
59 year	45
red and	45
are not	45
other one	45
car in	45
dispatch back	45
10-4 29	45
is actually	45
it's got	45
on 10-7	45
next door	45
detroit unit	45
be trying	45
be outside	45
charlie victor	45
29 clifton	45
at his	45
we found	45
follow up	45
fair view	45
the medics	45
10-8 for	45
okay she	45
there he	45
7 i'll	45
3 out	45
complainant says	45
to lutheran	45
was hit	45
someone else	45
give the	45
you should	45
truck park	45
they think	45
the background	45
on i	45
21 can	45
him from	45
he can't	45
for one	45
on cove	45
no i'm	45
was evaluated	45
there's been	45
now but	45
to reinstate	45
notes and	45
44 year	45
more information	45
door alarm	45
and more	45
union lincoln	45
it right	45
robert sam	45
owner has	45
the accident	45
give a	45
and 21	45
they would	45
name date	45
sleeping in	45
it with	45
additional owner	45
that someone	45
fell in	45
save up	45
it if	45
7 on	45
ahead robert	45
17 o	45
20 4	45
over by	44
15 disregard	44
and one	44
then he	44
the suspect	44
no problem	44
anyone else	44
my work	44
disregard that	44
towers 12506	44
all units	44
on follow-up	44
i haven't	44
black jacket	44
20 i	44
highly intoxicated	44
caller was	44
was calling	44
who fell	44
hasn't been	44
going in	44
29 disregard	44
patient to	44
complainant was	44
can't find	44
vehicle at	44
to ennis	44
we check	44
8 9	44
the detroit	44
david adam	44
sure it's	44
yeah that's	44
at walgreens	44
detroit a	44
so you're	44
52 year	44
i asked	44
who lives	44
i'm heading	44
keep it	44
8 3	44
she's unable	44
rear of	44
inside of	44
53 year	44
gonna respond	44
for drug	44
check to	44
westerly apartment	44
go over	44
be stopping	44
sam david	44
was accidental	44
check's okay	44
one that	44
is responding	44
gonna check	44
see anybody	44
king nora	44
for madison	44
11850 edgewater	44
nora edward	44
12 i'll	44
east drive	44
beach parkway	44
where they	44
is she	44
7 9	44
copy franklin	44
25 on	44
going through	44
27 i'll	44
a problem	44
hear a	44
manor apartment	44
4 5	44
3 the	44
those parties	44
1 back	44
225 and	44
ahead john	44
8 2	44
and 14	44
0 5	44
4 0	44
service 10-4	44
now we'll	43
looked like	43
get here	43
that's why	43
our way	43
don't want	43
other car	43
scene at	43
detroit 117	43
lot at	43
could respond	43
is breathing	43
member of	43
north coast	43
he's saying	43
and not	43
10-4 13	43
got her	43
it's showing	43
of course	43
in between	43
address of	43
john edward	43
park 2	43
a smoke	43
union adam	43
the home	43
caller is	43
appear to	43
arrival we	43
she heard	43
her husband	43
gonna get	43
to open	43
to westerly	43
leave a	43
the medic	43
you're gonna	43
scene switching	43
25 i'll	43
chevy truck	43
and 24	43
lakewood with	43
get some	43
just put	43
9 1	43
and coutant	43
29 is	43
female there	43
detroit i	43
his keys	43
banging on	43
just pulled	43
on at	43
company's medic	43
26 i'll	43
take 5	43
ccw permit	43
john boy	43
a hazard	43
apartment 3	43
can handle	43
just hit	43
just keep	43
here is	43
on 3	43
lincoln and	43
owner was	43
listing out	43
good night	43
with union	43
9 we're	43
for money	43
yes please	43
still set	43
time to	43
asked him	43
for two	43
a hard	43
the family	43
west on	43
coming to	43
her driveway	43
in custody	43
is locked	43
get an	43
14 on	43
2 6	43
white shirt	43
5 3	43
first 1	43
2 02	43
male left	42
the air	42
then i	42
copy you're	42
is requesting	42
both copies	42
it's for	42
you ask	42
who was	42
you find	42
like him	42
he hasn't	42
202 and	42
minor damage	42
parties are	42
complaint on	42
here you	42
from franklin	42
we're transporting	42
i'm talking	42
what are	42
wrong side	42
detroit on	42
the child	42
he gave	42
that we're	42
on athens	42
building and	42
go in	42
medic to	42
29 madison	42
advised not	42
209 and	42
and 9	42
be an	42
a medic	42
service no	42
north olmstead	42
off for	42
was back	42
franklin gas	42
a neighbor	42
13 copy	42
direction of	42
and try	42
south on	42
us at	42
flagged down	42
because she	42
little closer	42
anything else	42
warren road	42
an accident	42
with their	42
cove apartment	42
anything back	42
a sec	42
think it	42
heights for	42
i'm working	42
it's like	42
the whole	42
not the	42
park and	42
of my	42
she's still	42
has any	42
copy we	42
last time	42
by with	42
you open	42
is to	42
over at	42
put the	42
of traffic	42
partially blocking	42
like you	42
private property	42
added some	42
there said	42
your phone	42
18 can	42
12019 lake	42
vehicle moved	42
you think	42
a ford	42
off on	42
are still	42
10-4 do	42
the madison	42
time and	42
1 we	42
still have	42
white chevy	42
cleveland a	42
72 on	42
7 traffic	42
voice mail	42
waiting outside	42
a 20	42
and released	42
general fire	42
that please	42
12 can	42
you had	42
off msrp	42
white toyota	42
into his	42
to block	42
advised we're	42
2 4	42
female 5	42
4 traffic	42
conscious breathing	42
one's transporting	42
call that	41
were on	41
at west	41
him i'm	41
49 year	41
madison i'll	41
another call	41
of there	41
got that	41
before i	41
she could	41
go up	41
qualified adult	41
right back	41
at warren	41
her out	41
good morning	41
athens and	41
the bank	41
vehicle with	41
she hasn't	41
silver toyota	41
on top	41
at lake	41
chevy malibu	41
start to	41
edward sam	41
at franklin	41
victor x-ray	41
vehicle sighted	41
if this	41
madison medic	41
for manpower	41
george robert	41
they're at	41
11839 clifton	41
220 and	41
a row	41
no further	41
we're coming	41
15 go	41
10 for	41
a 2017	41
18 i'm	41
but if	41
3 at	41
3 8	41
to lake	41
her for	41
18 and	41
closer i'm	41
are there	41
be speaking	41
was gained	41
were in	41
henry robert	41
and hurd	41
can assist	41
117th in	41
cove and	41
at 19	41
they do	41
are at	41
has some	41
copy this	41
the 19	41
clifton boulevard	41
john frank	41
no it's	41
detroit i'll	41
phone numbers	41
answer the	41
for both	41
a firearm	41
him know	41
ready for	41
to look	41
and back	41
on ramp	41
2 we	41
crestmont north	41
around to	41
cleveland the	41
brown hazel	41
it could	41
through ohio	41
by and	41
so he's	41
7 4	41
officers are	41
25 to	41
at cvs	41
of westlake	41
that were	41
traffic offense	41
the info	41
guys head	41
just see	41
14 you	41
ahead this	41
2 22	41
left prior	40
george john	40
a caller	40
what is	40
we'll go	40
want the	40
2 the	40
was wearing	40
of car	40
squad to	40
a lockout	40
truck on	40
45 year	40
a house	40
how many	40
copy that's	40
for 20	40
david lincoln	40
10-7 on	40
her keys	40
2 do	40
returning to	40
11 on	40
1's going	40
else is	40
henry ida	40
pickup for	40
white ford	40
tried calling	40
trespass file	40
a 2014	40
clifton from	40
says the	40
the license	40
1's arriving	40
send that	40
9 to	40
a brown	40
dealt with	40
me i	40
close i'm	40
63 year	40
upon arrival	40
female arguing	40
copies thank	40
from command	40
then the	40
all good	40
parked there	40
brown blue	40
there's 2	40
door to	40
how are	40
guys check	40
hang up	40
one male	40
believes that	40
move the	40
of west	40
21 you	40
10-4 the	40
7 in	40
had some	40
knocking at	40
to reset	40
driver is	40
what he	40
saw the	40
come over	40
drug abuse	40
open container	40
a 2018	40
double check	40
bay village	40
you gave	40
black toyota	40
in your	40
to just	40
westbound from	40
on all	40
clear for	40
and down	40
so it	40
fell on	40
8 can	40
to 21	40
1 i'll	40
respond for	40
ida edward	40
brown she's	40
the fence	40
80 year	40
we'll get	40
people in	40
we'll all	40
227 and	40
with those	40
i'm seeing	40
was sighted	40
the 2026	40
and 270	40
copy engine	40
called it	40
19 is	40
4 4	40
76 year	40
not gonna	40
believe that	40
head down	40
ahead king	40
02 11	40
000 off	40
do the	39
if anyone	39
scene and	39
a 3	39
23 i'm	39
have two	39
13 are	39
blue jeans	39
him at	39
think he	39
she's just	39
21 copy	39
and 18	39
19 at	39
the company	39
and athens	39
copy truck	39
cad number	39
17 madison	39
117 for	39
gray hoodie	39
in question	39
gonna take	39
advised car	39
tow for	39
and will	39
is right	39
4 3	39
on in	39
a parked	39
called her	39
the old	39
is set	39
to report	39
still at	39
they went	39
clear the	39
to say	39
pull up	39
doesn't look	39
medical on	39
21 please	39
for help	39
one on	39
there but	39
your time	39
the hilliard	39
black kia	39
there you	39
her on	39
the new	39
find her	39
i talked	39
two males	39
21 and	39
and arthur	39
is with	39
at 13	39
that thank	39
king mike	39
that's my	39
heard from	39
any more	39
12650 detroit	39
brown hair	39
with frank	39
7 5	39
for felony	39
westbound at	39
just came	39
the meridian	39
showed up	39
while she	39
on for	39
closer can	39
to lakeshore	39
starting to	39
property manager	39
robert ocean	39
3 5	39
to cleveland	39
disabled vehicle	39
frank robert	39
detroit just	39
and 27	39
criminal trespass	39
cars in	39
resident called	39
bunts in	39
the juvenile	39
17 on	39
white in	39
that this	39
and would	39
female states	39
7 1	39
9 0	39
o 1	39
8 with	39
oh i	38
us know	38
just sent	38
17 for	38
you out	38
over and	38
just left	38
tom robert	38
the travel	38
our department	38
units are	38
honda accord	38
to 17	38
as you	38
took off	38
frank adam	38
copy disregard	38
24 on	38
wasn't sure	38
detroit female	38
dispatch station	38
closer i'll	38
and cars	38
he may	38
get another	38
drugs and	38
squad for	38
driveway and	38
she advised	38
were at	38
parked car	38
us back	38
walking in	38
transported to	38
picture of	38
can also	38
this point	38
henry mary	38
further police	38
is currently	38
george lincoln	38
hang on	38
didn't copy	38
copies we'll	38
all other	38
find anything	38
what color	38
one out	38
attempted to	38
lakewood and	38
to kill	38
and find	38
his girlfriend	38
to bring	38
5 9	38
okay we	38
cleveland it's	38
been in	38
13 to	38
here now	38
get any	38
yeah the	38
they're out	38
entry was	38
any medical	38
and 16	38
211 211	38
paul king	38
left on	38
i'm calling	38
female for	38
want him	38
advise them	38
just spoke	38
add the	38
is your	38
25 go	38
respond back	38
now you	38
yeah i'll	38
ix number	38
john henry	38
a chevy	38
them for	38
on belle	38
edward nora	38
copy 117	38
215 traffic	38
77 year	38
okay the	38
in about	38
give him	38
berkshire 11820	38
5 2	38
61 year	38
health consumer	38
his neighbor	38
house is	38
10-8 i'll	38
was sent	38
to 22	38
we're pulling	38
the windows	38
back open	38
bring the	38
58 year	38
8 0	38
city and	38
9 7	38
the entrance	38
a water	38
hour check	38
at 16	38
kufner for	38
19 disregard	38
2 back	38
17 from	38
needs help	38
she wasn't	38
5 0	38
19 go	38
at 01	38
to radio	37
he wasn't	37
you're welcome	37
so she's	37
last week	37
i'm looking	37
department for	37
plate expired	37
gray honda	37
signs of	37
like her	37
car for	37
calling from	37
and screaming	37
lake in	37
and what	37
me from	37
sorry about	37
goes to	37
time please	37
2 disregard	37
on lakeland	37
211 i'll	37
a juvenile	37
209 i'm	37
knock on	37
in unit	37
ongoing issue	37
king nick	37
ahead 24	37
white vehicle	37
the caller's	37
is refusing	37
leave and	37
22 are	37
here just	37
17 10-4	37
unsure if	37
and when	37
heading back	37
copy of	37
10-8 copy	37
because they	37
then i'll	37
be done	37
now it's	37
he came	37
probably going	37
2 this	37
of an	37
she also	37
21 to	37
here but	37
disorderly conduct	37
and didn't	37
want any	37
her door	37
for all	37
what do	37
and call	37
it has	37
24 to	37
3 do	37
and webb	37
117 just	37
on with	37
no emergency	37
ida nora	37
madison 117	37
got another	37
24 we'll	37
scene we'll	37
so they're	37
24-hour follow-up	37
update the	37
some property	37
know how	37
a kid	37
third floor	37
8 4	37
road and	37
vehicle will	37
12 copy	37
the kids	37
for criminal	37
2 if	37
and mckinley	37
gonna come	37
phone call	37
8 you	37
19 on	37
8 i	37
at apartment	37
1 if	37
1 20	37
community center	37
9 2	37
10 and	37
0 0	37
54 year	37
ahead that	37
sam do	37
copy sam	37
foot 1	37
20 7	37
10 08	37
domestic violence	36
truck is	36
henry george	36
17 are	36
here the	36
stop by	36
him now	36
he took	36
here if	36
scene we	36
an issue	36
the place	36
were there	36
wants break	36
and to	36
clear me	36
you're clear	36
patient refusal	36
radio check	36
abdominal pain	36
co detector	36
it again	36
of state	36
medical alert	36
3 i'll	36
just leave	36
you print	36
be riding	36
the rta	36
came to	36
added 10-8	36
9 will	36
and 209	36
an emergency	36
doing a	36
first one's	36
apartment 4	36
there's two	36
be good	36
ocean adam	36
driver was	36
unit number	36
panic alarm	36
permanent id	36
motion alarm	36
you take	36
you're aware	36
the owners	36
call or	36
that just	36
can confirm	36
and in	36
6 and	36
jr out	36
find it	36
do i	36
a 10-16c	36
heard a	36
their car	36
that's where	36
the dollar	36
robert frank	36
10-16 on	36
adam tom	36
car's on	36
5 i'm	36
complaint and	36
i'm pulling	36
she's trying	36
pulled up	36
another one	36
ida x-ray	36
my passenger	36
from him	36
medical alarm	36
of new	36
2 or	36
brown eyes	36
had an	36
we're speaking	36
a lakewood	36
driveway is	36
victor george	36
old son	36
in fairview	36
they advised	36
in west	36
where she	36
a caution	36
son of	36
just before	36
been out	36
calls about	36
in number	36
a stroke	36
and hazel	36
you'll be	36
advised he	36
the drone	36
make me	36
thought it	36
it 10-8	36
have someone	36
adam nick	36
ford truck	36
signature health	36
attempting to	36
was gonna	36
it so	36
my phone	36
calling in	36
that in	36
6 8	36
go there	36
12 you	36
where he's	36
screaming and	36
days ago	36
add her	36
3 3	36
vehicle owner	36
of court	36
20 go	36
showing from	36
4 can	36
6 4	36
help getting	36
ahead we'll	36
jeep station	36
note for	36
10 to	36
117 to	36
of king	36
and 25	36
set 10-4	36
207 and	36
02 20	36
there i'm	35
be off	35
clear and	35
male who's	35
two of	35
17 go	35
us out	35
him if	35
address in	35
10-8 can	35
i'm off	35
the show	35
out i	35
his friend	35
22 we're	35
20 can	35
203 can	35
place is	35
all in	35
you're done	35
both vehicles	35
him i	35
and moved	35
threatening to	35
will take	35
the noise	35
of natural	35
9 on	35
called so	35
that's on	35
lights are	35
there they	35
station on	35
harm himself	35
that i'll	35
o'neill healthcare	35
madison on	35
22 is	35
the trailer	35
ago and	35
of warren	35
203 and	35
the neighborhood	35
listing for	35
warren madison	35
shortness of	35
dispatch mac	35
assist a	35
west drive	35
they're doing	35
victor tom	35
9 4	35
an accidental	35
to die	35
she's coming	35
multiple times	35
was supposed	35
is goa	35
56 year	35
is being	35
a toyota	35
west end	35
copy 10-7	35
against him	35
and so	35
not at	35
29 we	35
deal with	35
advised them	35
a landline	35
adam last	35
it does	35
the snow	35
black suv	35
and 117th	35
expired no	35
3 we	35
24 we're	35
hit by	35
well and	35
27 and	35
notes we'll	35
no lights	35
shirt black	35
73 year	35
old daughter	35
cove in	35
to warren	35
pickup truck	35
to west	35
was having	35
were out	35
to 12	35
here so	35
pain and	35
urgent care	35
also going	35
robert nora	35
a 2013	35
was with	35
18 i'll	35
vehicle it's	35
check westbound	35
arrived at	35
lights on	35
the notes	35
ida sam	35
22 detroit	35
arriving on	35
now to	35
follow-up at	35
25 detroit	35
thinks she	35
vehicle has	35
ocean nora	35
the county	35
a panic	35
the curb	35
property and	35
against the	35
apartment 2	35
the porch	35
4 i	35
right on	35
up from	35
they both	35
them at	35
hard time	35
it as	35
the lakeshore	35
heights boulevard	35
manager called	35
i heard	35
10-7 10-4	35
tom john	35
yeah it	35
marlowe room	35
sorry the	35
available to	35
a general	35
1 engine	35
people are	35
making a	35
copy station	35
19 we'll	35
dci and	35
to mcdonald's	35
edward queen	35
ahead for	35
gonna stay	35
your radio	35
north lane	35
them out	35
11855 edgewater	35
the playground	35
female 05	35
expires 06	35
need us	34
there if	34
one's a	34
a 1	34
find him	34
i would	34
us the	34
lot and	34
a person	34
her if	34
red light	34
now at	34
i'll meet	34
17 disregard	34
roll call	34
them from	34
they could	34
is advised	34
traffic go	34
believe he	34
any history	34
john walter	34
says there's	34
a back	34
not responding	34
advised they	34
john nick	34
raise the	34
or are	34
separate for	34
because the	34
very much	34
now we	34
ahead of	34
copy just	34
first floor	34
apartment door	34
says it's	34
let her	34
please start	34
could try	34
try it	34
valid temporary	34
not need	34
female who's	34
a 2019	34
william lincoln	34
and head	34
towers west	34
east on	34
his door	34
is bleeding	34
just passed	34
could send	34
the wall	34
the pole	34
other half	34
15 year	34
north carolina	34
81 year	34
10-4 16	34
breathing and	34
68 year	34
will respond	34
shut off	34
is very	34
put in	34
stop on	34
a 2024	34
stay with	34
think the	34
union king	34
needs assistance	34
8 6	34
his mom	34
frank sam	34
park on	34
she should	34
arrested for	34
a civil	34
ina building	34
a front	34
information for	34
he's now	34
having issues	34
in athens	34
advised her	34
going eastbound	34
detroit john	34
he's qualified	34
16 copy	34
refused to	34
road for	34
at 21	34
dispatch this	34
being loud	34
apartment 314	34
there or	34
disregard i	34
can notify	34
sam x-ray	34
9 6	34
black coat	34
in at	34
copy in	34
robert union	34
hear anything	34
dispatch my	34
tree branch	34
all clear	34
212 can	34
about his	34
that called	34
ahead union	34
to shut	34
sam union	34
just call	34
4 9	34
start coughing	34
wanna make	34
14532 lake	34
the 2nd	34
language barrier	34
ahead sam	34
york center	34
'20 9	34
30 2026	34
hy vee	34
i'll do	33
know who	33
today and	33
i'm ready	33
but you	33
parking spot	33
agency only	33
from my	33
special attention	33
start checking	33
yes i'm	33
now so	33
to both	33
numbers for	33
court 13315	33
john robert	33
of bunts	33
a hit	33
hit on	33
in from	33
just checking	33
the cat	33
call we're	33
the service	33
notes for	33
clear in	33
12 detroit	33
her medical	33
getting up	33
her dog	33
the exterior	33
leave it	33
advised on	33
okay if	33
released from	33
220 i	33
for car	33
the vehicle's	33
henry henry	33
a great	33
dangerous violent	33
23 i'll	33
shows valid	33
believe she	33
central company	33
they're advised	33
saying she	33
10-4 11	33
she's concerned	33
and drug	33
they're requesting	33
to understand	33
1600 west	33
the moment	33
aware of	33
called to	33
be around	33
was dropped	33
2 at	33
an eta	33
white jeep	33
fire is	33
5 i'll	33
6 is	33
to remain	33
couldn't find	33
a 2010	33
slow it	33
that hit	33
the railroad	33
adam david	33
that number	33
a police	33
think she	33
can tell	33
right behind	33
that would	33
plate expires	33
and delaware	33
u s	33
car up	33
with our	33
appear on	33
black hat	33
number i	33
for over	33
i'm speaking	33
me how	33
10 a	33
i'll come	33
victor charlie	33
the rapid	33
you with	33
group home	33
clifton west	33
24 are	33
that female's	33
detroit nicholson	33
for 11	33
spelling last	33
now they're	33
of florida	33
county for	33
the employees	33
medical attention	33
gas in	33
driver of	33
ocean union	33
for loud	33
9 3	33
by in	33
resident at	33
hang out	33
the waterford	33
10 go	33
john nora	33
of some	33
adam frank	33
male from	33
our caller	33
ida david	33
route for	33
one i	33
12 on	33
7 3	33
oh yeah	33
notify the	33
be taking	33
3 if	33
get this	33
working at	33
feels like	33
other companies	33
chevy station	33
9 8	33
clifton medic	33
11 will	33
madison i	33
lot on	33
229 i'm	33
them up	33
is trying	33
the highland	33
back i'm	33
she thought	33
county with	33
health issues	33
madison at	33
of lake	33
at hilliard	33
come and	33
they gave	33
dispatch 2	33
we advise	33
see anyone	33
respond code	33
get my	33
1 with	33
19 detroit	33
house drop	33
about her	33
a 2023	33
the evening	33
the of	33
11 o	33
19 o	33
know we're	32
check this	32
plate it's	32
sent a	32
the route	32
we'll just	32
i apologize	32
garfield heights	32
10-16 out	32
you i'll	32
13 disregard	32
we see	32
this guy	32
me check	32
jail for	32
sure he's	32
owner and	32
warren the	32
for lunch	32
and are	32
complainant and	32
advised him	32
couple minutes	32
to drug	32
parties were	32
warren for	32
outside and	32
an unknown	32
riding with	32
now the	32
hoodie and	32
is saying	32
him but	32
start the	32
detroit west	32
i'm madison	32
that's out	32
was assisted	32
tom x-ray	32
copy all	32
franklin king	32
the check	32
back or	32
11849 clifton	32
no other	32
lincoln queen	32
report of	32
the silver	32
from our	32
set and	32
you haven't	32
copy 19	32
stop it	32
it expires	32
117 franklin	32
the 12	32
there he's	32
ida adam	32
other side	32
back around	32
when the	32
one was	32
with two	32
it's at	32
and give	32
some follow-up	32
lot for	32
vehicle cited	32
and on	32
copy do	32
vehicles are	32
a 2016	32
george yesterday	32
with my	32
stuck on	32
female screaming	32
got in	32
she's conscious	32
dispatch we're	32
an uber	32
a 2025	32
add some	32
burglar alarm	32
to apartment	32
clifton john	32
days and	32
wants i	32
add them	32
hilliard in	32
is cited	32
someone to	32
and start	32
us on	32
his mother	32
vehicles in	32
clifton just	32
frank x-ray	32
16 year	32
set all	32
yeah if	32
the ina	32
and woodward	32
for more	32
26 and	32
terms apply	32
was left	32
the river	32
a patient	32
clifton 117	32
black jeep	32
16 is	32
temp tag	32
not been	32
showing on	32
honda crv	32
no signs	32
she'd like	32
cut out	32
to jail	32
be tight	32
jacket and	32
were going	32
by chance	32
front yard	32
back they	32
10 traffic	32
any mileage	32
brown for	32
be my	32
way up	32
60 year	32
to 14	32
and yelling	32
go down	32
hour follow-up	32
3 6	32
resident in	32
in time	32
at riverside	32
can disconnect	32
on some	32
cleveland side	32
wires down	32
for information	32
have there	32
city hall	32
area that	32
4 copy	32
that if	32
and 227	32
t shirt	32
104 and	32
check-in front	32
second 1	32
2 04	32
06 30	32
10 000	32
apartment 10	31
stating that	31
90 east	31
blue honda	31
and 8	31
in violation	31
got one	31
and my	31
area we'll	31
and wants	31
way from	31
o'neill 13900	31
you pull	31
henry young	31
house on	31
been notified	31
requesting we	31
henry frank	31
good thing	31
15 detroit	31
we go	31
that now	31
it's king	31
detroit male	31
sounds good	31
green valid	31
madison from	31
the son	31
check eastbound	31
vehicle the	31
madison john	31
other units	31
it we'll	31
it can	31
tell you	31
just try	31
eyes on	31
they're set	31
male there	31
female just	31
until we	31
the hill	31
frank boy	31
10-4 it's	31
a permit	31
copies engine	31
id verified	31
way down	31
car or	31
lakewood companies	31
water department	31
assist on	31
sure which	31
copy if	31
want a	31
second one	31
picked up	31
you look	31
car 3	31
and st	31
they called	31
a high	31
a 2012	31
anything in	31
them they	31
david david	31
the face	31
harm herself	31
lakewood hospital	31
10-4 17	31
knocked on	31
we'll check	31
tom lincoln	31
go 10-4	31
one in	31
4 to	31
is showing	31
pants and	31
employee said	31
we're looking	31
ask him	31
the date	31
half of	31
the group	31
he's there	31
4 8	31
be doing	31
you if	31
the ix	31
a felony	31
ds for	31
let's see	31
at 3	31
the head	31
also respond	31
14 go	31
the code	31
adam adam	31
reset the	31
road in	31
to lunch	31
location to	31
respond with	31
he's breathing	31
first respond	31
called they	31
now she	31
avenue for	31
slow to	31
eye out	31
copy it	31
two parties	31
202 i'll	31
12 traffic	31
sorry what	31
11 we'll	31
laying on	31
live in	31
your message	31
route as	31
while he	31
all lakewood	31
union 8	31
a stolen	31
be up	31
service and	31
address and	31
that'd be	31
17 franklin	31
was for	31
detroit it's	31
pulled over	31
10-4 19	31
like this	31
an id	31
god bless	31
i wanna	31
10-4 14	31
for 19	31
is 1	31
license to	31
1 500	31
kufner's kufner's	31
2 13	31
you're still	30
by her	30
call if	30
through a	30
location for	30
see me	30
found him	30
you've been	30
the daughter	30
you did	30
plate that	30
travel lodge	30
first is	30
entering agency	30
to disregard	30
ocean victor	30
13 10-7	30
hi copy	30
you an	30
211 you	30
from lake	30
clear to	30
phone he	30
made it	30
resident from	30
all i	30
one second	30
you going	30
30 minutes	30
a grey	30
and their	30
parking garage	30
mart east	30
complaining that	30
female from	30
another unit	30
car i	30
neighbor called	30
229 can	30
suffers from	30
meet at	30
please and	30
everyone else	30
there just	30
says he's	30
george adam	30
13 on	30
1480 warren	30
agreed to	30
him the	30
and speak	30
you that	30
9 we'll	30
thinks he	30
the nature	30
for their	30
she saw	30
on woodward	30
if any	30
you're able	30
for king	30
i wasn't	30
go and	30
does that	30
sure you're	30
way as	30
to 7	30
haven't seen	30
downstairs for	30
way out	30
ahead dispatch	30
are 10-8	30
there from	30
carlisle 12900	30
winton place	30
sure that	30
calling the	30
again please	30
of 117th	30
the cameras	30
218 and	30
because of	30
hilliard bridge	30
they haven't	30
you clear	30
that might	30
called she	30
you might	30
something about	30
delaware and	30
me down	30
that at	30
10-4 24	30
ran out	30
notes i'll	30
other than	30
a customer	30
issue with	30
and tell	30
was all	30
radio is	30
or in	30
upstairs for	30
25 we're	30
she checked	30
advised she	30
with both	30
23 is	30
is under	30
his back	30
old valid	30
city back	30
status is	30
color expires	30
that came	30
adam king	30
to hold	30
a voicemail	30
edward young	30
lot behind	30
of vehicle	30
back she	30
clear here	30
and went	30
gray chevy	30
hold up	30
check with	30
you there	30
his warrant	30
protected person	30
service we	30
to catch	30
north 13330	30
got on	30
union henry	30
run it	30
take 1	30
12500 edgewater	30
13 detroit	30
a very	30
park row	30
83 year	30
a 72	30
a power	30
10-4 that's	30
possibly having	30
been having	30
respond on	30
her right	30
back you	30
him over	30
resident calls	30
edgewater for	30
here shortly	30
worried about	30
boy adam	30
add to	30
you're at	30
kufner and	30
high blood	30
what they	30
2 cars	30
gonna give	30
called he	30
they saw	30
bunts with	30
78 year	30
my arrival	30
can stay	30
in all	30
a pink	30
3 7	30
cars i	30
carrying a	30
put us	30
20 copy	30
david sam	30
just walked	30
it expired	30
had no	30
executive house	30
allowed to	30
was involved	30
more car	30
the influence	30
king x-ray	30
7 and	30
18 to	30
about 3	30
at him	30
to edgewater	30
madison there's	30
in 10	30
that's that's	30
the 10	30
a language	30
have 2	30
the feeder	30
units 10-8	30
at macy's	30
o 4	30
o 7	30
13 o	30
this 1	30
on 01	30
to park	29
try the	29
that other	29
a knife	29
we're talking	29
and took	29
took the	29
was stolen	29
back but	29
her mother	29
copy is	29
it looked	29
detail please	29
is union	29
am i	29
9 9	29
intoxicated and	29
with another	29
actually going	29
get me	29
his driveway	29
does he	29
there i'll	29
now he	29
back pain	29
nothing on	29
you when	29
why don't	29
of 2025	29
10-7 in	29
to notify	29
to somebody	29
were no	29
advised we'll	29
john charles	29
mary edward	29
also in	29
on mckinley	29
vehicle blocking	29
clifton nicholson	29
she's the	29
to south	29
throwing up	29
night and	29
vehicle i'm	29
the i	29
wants has	29
adam sam	29
east cleveland	29
another male	29
he's trying	29
past the	29
that happened	29
dispatch i'm	29
the officers	29
the edge	29
9 are	29
valid permanent	29
work on	29
door of	29
he checked	29
3 9	29
apartments number	29
is my	29
to some	29
she checks	29
having severe	29
let's go	29
drug possession	29
to transport	29
us now	29
me for	29
area we	29
at 11	29
are clear	29
can leave	29
a heart	29
the mva	29
where do	29
minutes and	29
how far	29
you you	29
5 you	29
tell him	29
know i	29
17th and	29
ocean david	29
217 i	29
about 20	29
a list	29
reset it	29
ocean tom	29
found on	29
set you	29
205 traffic	29
117 madison	29
detroit department	29
responds to	29
hazel valid	29
leaving the	29
is returning	29
up some	29
will handle	29
walking up	29
want that	29
as of	29
is good	29
been on	29
a notice	29
i advised	29
guys in	29
park with	29
attention on	29
19 in	29
put a	29
back i	29
see them	29
adam edward	29
can open	29
now for	29
from 117th	29
4 i'm	29
returned to	29
have his	29
person is	29
1 has	29
car with	29
us for	29
on clearance	29
yeah there's	29
those cars	29
companies go	29
traffic and	29
and 7	29
in car	29
the tone	29
heading that	29
3 or	29
and 210	29
print that	29
that out	29
marlowe the	29
now in	29
at t	29
red chevy	29
over in	29
at 24	29
told him	29
some people	29
george edward	29
in with	29
blue ford	29
any weapons	29
the cove	29
for ovi	29
and had	29
this now	29
woodward and	29
male they	29
see dealer	29
dealer for	29
20 20	29
the mother	29
showing we'll	29
just on	29
the executive	29
street from	29
they're trying	29
just sitting	29
vehicle to	29
but there	29
number 8	29
there's another	29
3 traffic	29
blonde and	29
205 can	29
contact to	29
companies truck	29
at 14	29
7 to	29
it sounded	29
officers to	29
black hoodie	29
attention i'm	29
at attention	29
or or	29
18915 detroit	29
a trapped	29
1 10	29
225 225	29
anybody else	28
say he	28
there's someone	28
she wanted	28
over on	28
it all	28
advise that	28
pull in	28
frank frank	28
17 detroit	28
i'm about	28
female i	28
i'm over	28
calling saying	28
so much	28
that party	28
think we're	28
transporting fairview	28
and gray	28
be transported	28
detroit complainant	28
got some	28
detroit lakewood	28
his dog	28
117 from	28
driver and	28
none of	28
somebody else	28
left and	28
for any	28
211 we'll	28
know it	28
000 building	28
suv parked	28
state of	28
it over	28
just saw	28
both copy	28
the landlord	28
be having	28
we're with	28
15 is	28
at work	28
his property	28
mail to	28
southbound from	28
was looking	28
warrant for	28
go i'll	28
the van	28
sound like	28
the music	28
number 7	28
we haven't	28
i'm already	28
they're saying	28
more than	28
color is	28
getting anything	28
a courtesy	28
park to	28
the security	28
cars going	28
well i	28
vehicle we're	28
was still	28
of something	28
report for	28
a friend	28
to retrieve	28
no want	28
you've got	28
also be	28
please for	28
and copy	28
edward last	28
you this	28
out now	28
birth for	28
check your	28
phone she	28
dispatch are	28
with mr	28
a photo	28
came up	28
and edwards	28
is henry	28
silver ford	28
males in	28
launch list	28
george young	28
very well	28
work at	28
upstairs medic	28
and beach	28
21 we're	28
she's all	28
plate to	28
light on	28
on nicholson	28
piece of	28
18 you	28
24 go	28
with paul	28
handle the	28
between detroit	28
it went	28
copy west	28
the female's	28
ocean robert	28
edward nick	28
back just	28
charges on	28
1 that	28
ford station	28
on hilliard	28
who's that	28
did i	28
head and	28
other vehicle	28
fire in	28
17th in	28
show up	28
you now	28
5 on	28
few times	28
ran into	28
picking up	28
car that's	28
hear you	28
84 year	28
she may	28
calls for	28
address again	28
tom george	28
what time	28
about 15	28
same thing	28
be slow	28
edward david	28
clifton prado	28
a strong	28
could add	28
to gain	28
we're turning	28
her neighbor	28
that will	28
mckinley for	28
down for	28
you notify	28
customer has	28
set for	28
large tree	28
the church	28
hispanic male	28
john ida	28
me i'm	28
on medic	28
in please	28
the out	28
going up	28
back he	28
but we're	28
woodhouse buick	28
buick gmc	28
2026 see	28
just stand	28
hi hi	28
is down	28
where it	28
walking down	28
there we're	28
who has	28
agree i	28
westerly 14300	28
from 3	28
lives on	28
boy edward	28
4 are	28
park in	28
12943 clifton	28
original charge	28
all day	28
of pain	28
info for	28
dog and	28
drives a	28
538- 538-	28
older white	28
at 117	28
4 7	28
no line	28
blue shirt	28
in 02	28
14 o	28
70 2	28
breathing alert	28
another 1	28
the video	27
a code	27
1 please	27
hour ago	27
please go	27
alright copy	27
also a	27
warren south	27
22 go	27
maple heights	27
couple times	27
could get	27
what she	27
be pulling	27
it's actually	27
have their	27
stop back	27
the honda	27
appreciate it	27
meet the	27
she locked	27
number 206	27
female complainant	27
don't you	27
gray in	27
that traffic	27
before we	27
lpd to	27
to voicemail	27
it that	27
clifton beach	27
madison complainant	27
and south	27
he's coming	27
sam william	27
inside and	27
if anything	27
anything further	27
a gold	27
honda 4-door	27
copies car	27
the laundry	27
i'm done	27
handle it	27
checked all	27
of fair	27
kirtland house	27
adam mary	27
must have	27
any vehicles	27
not be	27
for tonight	27
1 responding	27
4 10	27
10-4 copy	27
he thought	27
up i	27
hear the	27
the launch	27
correct address	27
a 30	27
out but	27
a pole	27
heart attack	27
thing it's	27
again and	27
male 5'10	27
service the	27
last 4	27
medical one	27
has to	27
on on	27
3's arriving	27
up i'm	27
10-4 21	27
was saying	27
detroit i'm	27
right by	27
it or	27
i are	27
following him	27
clifton place	27
208 and	27
frank paul	27
berea with	27
sam zebra	27
26 can	27
won't be	27
seeing anything	27
cited and	27
6 i'm	27
he keeps	27
the details	27
the shelter	27
charles and	27
not come	27
white honda	27
door for	27
nissan altima	27
does the	27
at your	27
is wearing	27
just right	27
manic-3 manic-3	27
cleveland and	27
can let	27
7 2	27
out she	27
gave her	27
was like	27
we advised	27
a middle	27
10-4 if	27
you grab	27
straight to	27
an argument	27
grab the	27
known to	27
to hear	27
believes he	27
locate the	27
lake shore	27
of county	27
his dl	27
21 are	27
3 responding	27
car 5	27
no more	27
doing some	27
could advise	27
well as	27
of me	27
street i'm	27
yes it's	27
and jackson	27
you raise	27
87 year	27
the fairview	27
at them	27
way and	27
is our	27
robert mary	27
quite a	27
kufner is	27
time of	27
this out	27
it's right	27
warren just	27
son is	27
8 5	27
a time	27
still trying	27
call is	27
8 i'm	27
number 9	27
10 15	27
second is	27
the burger	27
lpd is	27
a 77	27
david victor	27
union edward	27
edward victor	27
a 2008	27
set at	27
was also	27
female her	27
10-16 with	27
i-90 westbound	27
it seems	27
that report	27
just went	27
here it's	27
we're heading	27
light blue	27
20 are	27
bunts road	27
the system	27
you advise	27
way we're	27
open and	27
the we've	27
they get	27
nora adam	27
yeah you	27
bless god	27
kid i'm	27
line no	27
break go	27
gray shirt	27
o b	27
cart 2	27
the briefing	27
104 thanks	27
2 08	27
o 9	27
a callback	27
2 16	27
newer vehicle	27
2026 gmc	27
get one	26
take him	26
1 this	26
outside in	26
white kia	26
no weapons	26
now if	26
amount of	26
there's also	26
to breathe	26
vehicles parked	26
see where	26
like i	26
for someone	26
that on	26
service lift	26
to hilliard	26
getting out	26
203 i'm	26
you didn't	26
any kind	26
a gas	26
animal warden	26
1430 west	26
29 10-7	26
14600 detroit	26
attempts to	26
a cad	26
sure where	26
turn on	26
23 copy	26
laser wash	26
store and	26
the morning	26
answering the	26
to reach	26
on one	26
male 6'1	26
of 90	26
active ccw	26
13 madison	26
too far	26
tom young	26
assisted living	26
gonna meet	26
ford escape	26
laundry room	26
no violation	26
cars can	26
28 i	26
send them	26
hear it	26
got this	26
have charges	26
nature of	26
very loud	26
eye on	26
that guy	26
boy sam	26
accidental by	26
found her	26
4 for	26
wanting to	26
car at	26
the winton	26
a 2011	26
the roof	26
victor william	26
a 2021	26
vehicle he	26
did he	26
lakeland for	26
yes that's	26
station i	26
returning medic	26
29 on	26
a false	26
there by	26
did she	26
place of	26
towers apartment	26
good day	26
there so	26
to play	26
a 2022	26
thinks it	26
me if	26
first name's	26
thinks that	26
in room	26
the travelodge	26
tell them	26
think we	26
on northland	26
asked her	26
know i'm	26
my report	26
10-4 26	26
the 3	26
that as	26
26 detroit	26
and service	26
that phone	26
i put	26
just ran	26
as they	26
tom queen	26
pick it	26
doing work	26
up by	26
at 10-8	26
henry king	26
to separate	26
bond is	26
26 10-4	26
marlowe in	26
by name	26
madison newman	26
start that	26
set of	26
at 117th	26
can probably	26
got here	26
and 10	26
know we	26
said to	26
she's there	26
and move	26
check southbound	26
to 90	26
then we'll	26
people that	26
die i'm	26
18 copy	26
standing in	26
are now	26
they know	26
218 can	26
power line	26
it he	26
call about	26
civil matter	26
last one	26
or so	26
to answer	26
blue chevy	26
be just	26
called us	26
manor 12400	26
to bunts	26
blonde hair	26
she's bleeding	26
a city	26
the lakehouse	26
she feels	26
1 over	26
walking eastbound	26
illuminating company	26
chevy silverado	26
a hispanic	26
the gentleman	26
just checked	26
of 10	26
this for	26
because i	26
game on	26
the information	26
companies in	26
full of	26
copy 1	26
just confirm	26
between madison	26
assistance getting	26
victor union	26
no wires	26
11811 lake	26
out there's	26
company said	26
building department	26
went in	26
wasn't able	26
david robert	26
at mcdonald's	26
believes it's	26
201 and	26
the occupant	26
chevy 4	26
the dogs	26
19 the	26
was talking	26
information and	26
victor robert	26
7 you	26
standing outside	26
keeps going	26
she's wearing	26
or 2	26
and 117	26
black males	26
10 10	26
12009 clifton	26
ahead detroit	26
to 4	26
father's day	26
0 00	26
16 c	26
two's on	26
1 seventeenth	26
seventeenth in	26
storm command	26
stock number	26
you issue	25
mail for	25
number 205	25
you it's	25
call a	25
he told	25
times and	25
for those	25
okay you	25
east and	25
just stop	25
copy he's	25
detroit riverside	25
let's do	25
17 is	25
be union	25
will have	25
we might	25
the 4th	25
whenever you	25
also have	25
car alarm	25
on coutant	25
young king	25
party from	25
for 10-8	25
is missing	25
madison a	25
15 10-7	25
does she	25
and an	25
the stairs	25
was last	25
one member	25
male says	25
i'll make	25
then you	25
i came	25
madison lewis	25
party was	25
the staff	25
the toyota	25
just change	25
the engine	25
he shows	25
male not	25
black nissan	25
violation on	25
saying she's	25
is correct	25
called a	25
and put	25
valid and	25
walgreens 11701	25
on site	25
from cleveland	25
phone on	25
that warrant	25
211 we're	25
set off	25
my partner's	25
to ask	25
are just	25
with sam	25
them that	25
24 10-7	25
couldn't get	25
for engine	25
6 for	25
believes he's	25
came from	25
to around	25
expired id	25
last name's	25
it here	25
me up	25
street in	25
now with	25
copy dispatch	25
it happened	25
right side	25
one female	25
could hear	25
11 the	25
apartment 205	25
get through	25
1-8900 detroit	25
found it	25
this patient	25
the blue	25
and heard	25
robert john	25
ida frank	25
copy on	25
you up	25
truck parked	25
close in	25
a driver's	25
a kia	25
28 can	25
used to	25
that we'll	25
at 4	25
code to	25
on flock	25
on mars	25
robert david	25
officer's out	25
we want	25
car's going	25
lincoln paul	25
warrant is	25
his leg	25
you we're	25
of akron	25
king 8	25
hanging out	25
tom adam	25
209 traffic	25
on radar	25
service thank	25
and alameda	25
far as	25
last saw	25
1 was	25
2 has	25
221 i	25
dl id	25
breathing but	25
to verify	25
can't hear	25
tom sam	25
locate an	25
that truck	25
yes you	25
the 6th	25
6th floor	25
just getting	25
copy copy	25
concerned about	25
fire hydrant	25
notes were	25
were added	25
locked his	25
blue toyota	25
a bicycle	25
nothing's coming	25
can bring	25
in north	25
young x-ray	25
chevy equinox	25
her face	25
we're responding	25
they're working	25
if there	25
the car's	25
85 year	25
they received	25
scene medic	25
available for	25
this male's	25
the reason	25
is transferring	25
here as	25
companies can	25
from west	25
clifton at	25
at 15	25
you from	25
showing zone	25
patient evaluated	25
117 and	25
10-4 12	25
the plate's	25
of any	25
walked out	25
with cleveland	25
8 to	25
assist medic	25
as we	25
a family	25
called there's	25
plate was	25
it stopped	25
went back	25
car now	25
walking back	25
detroit now	25
the proper	25
male states	25
mail that	25
you bring	25
behind it	25
is unable	25
male a	25
says his	25
contempt of	25
out 10-4	25
lincoln ocean	25
scene we're	25
the on	25
a a	25
still need	25
can stop	25
some mental	25
cove the	25
and 201	25
find your	25
complaint is	25
she's waiting	25
from 2	25
1st floor	25
but no	25
117 south	25
be today	25
brown he	25
1 stop	25
14 madison	25
15 will	25
his bike	25
from cartoon	25
tree down	25
for obi	25
briefing thanks	25
o 3	25
2 25	25
msrp on	25
here that	24
she came	24
west boulevard	24
earlier today	24
you leave	24
they will	24
called for	24
adam victor	24
just take	24
franklin john	24
was turned	24
9 5	24
23 and	24
10-7 i'm	24
only one	24
just start	24
10-4 he's	24
a cable	24
not an	24
those two	24
3's taking	24
gray ford	24
back garage	24
on traffic	24
at bunts	24
george zebra	24
from radar	24
117th just	24
cove for	24
having an	24
4 medic	24
family member	24
15425 detroit	24
in or	24
was notified	24
he's unable	24
think that's	24
victor boy	24
okay so	24
newman apartment	24
so just	24
open for	24
a 911	24
want them	24
neighborhood officer	24
26 disregard	24
to detail	24
change it	24
they can't	24
arguing and	24
at 26	24
was moved	24
of euclid	24
i already	24
them are	24
rear door	24
3 transporting	24
he's also	24
respond as	24
they come	24
okay it	24
turned off	24
and sent	24
according to	24
doesn't appear	24
cove number	24
other day	24
she took	24
laying in	24
okay with	24
gets here	24
scene 10-4	24
to knock	24
station with	24
just not	24
downstairs medic	24
there might	24
one with	24
sam young	24
was issued	24
also on	24
5 we're	24
where it's	24
there should	24
car 1	24
everything's okay	24
yes it	24
on berea	24
get anything	24
at north	24
courtesy ride	24
ahead could	24
is expired	24
union frank	24
brown green	24
do some	24
think that	24
her but	24
i love	24
a walk	24
detroit they	24
tell her	24
one at	24
i i	24
hospital for	24
to pay	24
tom zebra	24
and jeans	24
i'll continue	24
hit skip	24
to 5	24
you use	24
male 5'8	24
72 i'm	24
will also	24
to one	24
26 10-8	24
instead of	24
dl out	24
it may	24
area there's	24
a maroon	24
riverside for	24
just like	24
moved it	24
10 from	24
24 detroit	24
fire on	24
cars responding	24
believe it	24
15 10-8	24
a 29	24
dog was	24
it's over	24
the color	24
i've seen	24
16 to	24
parked at	24
medic in	24
and sloan	24
then she	24
2 out	24
that last	24
okay here	24
vehicle description	24
his face	24
to continue	24
tried a	24
a train	24
16 we're	24
frank lincoln	24
door she	24
detained in	24
gonna stand	24
believe the	24
5 10	24
mary henry	24
a 4	24
saw it	24
13302 detroit	24
a john	24
answer on	24
for watching	24
expired plates	24
they pulled	24
out what	24
a mutual	24
want it	24
and pick	24
henry charlie	24
out that	24
he's advised	24
you update	24
to officers	24
14567 madison	24
that dl	24
203 i	24
call so	24
while we	24
eastbound from	24
history for	24
okay it's	24
truck and	24
a long	24
taking the	24
no vehicle	24
and cleveland	24
25 are	24
he's conscious	24
is what	24
on lincoln	24
stopped in	24
fingerprint scanner	24
here by	24
broke his	24
resident said	24
i'm sending	24
seems like	24
222 can	24
and did	24
there it's	24
it we	24
closed between	24
a bad	24
on its	24
of rocky	24
just come	24
can't be	24
to 16	24
right to	24
a 75	24
for parking	24
but that	24
time delay	24
got there	24
that with	24
and everything	24
27 can	24
transport at	24
have engine	24
25 is	24
the illuminating	24
his options	24
showing that	24
running around	24
detroit car	24
from 1	24
valid has	24
pickup radius	24
out from	24
no it	24
to hang	24
219 can	24
place a	24
that juvenile	24
was taken	24
still eastbound	24
mckinley exit	24
90 west	24
sides we'll	24
now that	24
here he's	24
and 228	24
phone i'm	24
she found	24
concerned for	24
the cell	24
female not	24
19 we	24
left side	24
report on	24
mileage 1	24
bit more	24
proper passcode	24
8 8	24
red shirt	24
moving it	24
moving the	24
beach road	24
and send	24
anything like	24
head code	24
cove park	24
her at	24
find any	24
him checked	24
an order	24
you saw	24
notes to	24
first energy	24
he walked	24
henry john	24
1 just	24
15601 madison	24
and 204	24
both units	24
ahead in	24
to 25	24
104 i	24
just 1	24
expires 04	24
other 1	24
10 40	24
stand for	24
or newer	24
vee catering	24
for dv	23
she's okay	23
he knows	23
another vehicle	23
vehicle for	23
the run	23
does it	23
or you	23
20 you	23
lincoln ida	23
is up	23
any cars	23
description on	23
the subject	23
of smoke	23
my caller	23
could see	23
i copied	23
20 we're	23
where we	23
say you	23
10-4 211	23
junior out	23
of liquid	23
that building	23
a j	23
his daughter	23
the 1st	23
transporting the	23
a driver	23
they came	23
the parents	23
the meter	23
him that	23
yeah he's	23
male his	23
2's arriving	23
this house	23
be over	23
george queen	23
in delaware	23
healthcare 13900	23
of lpd	23
way i'll	23
call i	23
117th i'll	23
black vehicle	23
head of	23
to lock	23
com slash	23
paul edward	23
27 you	23
can meet	23
15 at	23
victor lincoln	23
edward edward	23
boy robert	23
this i'm	23
10-4 he	23
is driving	23
back please	23
29 franklin	23
house number	23
car so	23
medical emergency	23
to drop	23
to train	23
northbound from	23
and forth	23
of walgreens	23
she stated	23
13 year	23
transport to	23
the trucks	23
we're returning	23
copies 24	23
union david	23
heading there	23
code for	23
george david	23
the females	23
get more	23
and possibly	23
tom union	23
behind you	23
ocean sam	23
there right	23
we're okay	23
on beach	23
off a	23
wind up	23
blue and	23
union union	23
her the	23
apartment 6	23
false alarm	23
shore towers	23
number 703	23
him right	23
215 can	23
you be	23
closer i	23
for 15	23
for disorderly	23
i'll add	23
15 10-4	23
at cove	23
the exit	23
key to	23
70 traffic	23
copy hilliard	23
of juveniles	23
our side	23
victor sam	23
toyota 4-door	23
a yellow	23
john mike	23
that same	23
24 copies	23
16 go	23
16 disregard	23
the deal	23
the ro	23
valid through	23
please add	23
sure the	23
will not	23
listing king	23
of south	23
officer on	23
who does	23
5 for	23
henry william	23
front lobby	23
to transfer	23
16 10-7	23
traffic 1	23
victor john	23
cleveland date	23
no she	23
of cove	23
to someone	23
went into	23
the kia	23
he turned	23
me 10-8	23
detroit edwards	23
gray kia	23
squad 1	23
okay thanks	23
and kufner	23
and other	23
building check	23
15 the	23
in rocky	23
advised we	23
city we're	23
home at	23
female suspended	23
start at	23
giving this	23
check apartment	23
the neighbors	23
copies truck	23
sloan and	23
as far	23
there before	23
10-4 we're	23
henry zebra	23
male possibly	23
suspended id	23
10-4 she	23
queen david	23
also said	23
be checked	23
your partner	23
and edgewater	23
gonna handle	23
station and	23
of metro	23
a detail	23
a 2026	23
warrant pick	23
you cut	23
117th with	23
please advise	23
tom tom	23
issues and	23
webb and	23
of mckinley	23
that location	23
it we're	23
valid on	23
charles with	23
bunts for	23
charles victor	23
copies back	23
george union	23
everybody else	23
to attempt	23
on north	23
is where	23
hat and	23
6 traffic	23
he's bleeding	23
got home	23
wearing black	23
mail in	23
shut it	23
212 i'm	23
cars that	23
and you're	23
a wheelchair	23
right next	23
a unit	23
2 could	23
door on	23
a man	23
the summer	23
202 i	23
catch up	23
you medic	23
front end	23
a quick	23
guys at	23
9 year	23
called 911	23
command from	23
would have	23
belongs to	23
park the	23
behind a	23
white car	23
juvenile male	23
heading down	23
look up	23
and carbon	23
construction company	23
nissan rogue	23
blossom park	23
george victor	23
me primary	23
with someone	23
and newman	23
i'm standing	23
come from	23
3 it's	23
locked in	23
say if	23
walking on	23
still a	23
gonna move	23
copy 29	23
3 you're	23
of times	23
was yelling	23
he have	23
ride back	23
dispatch and	23
cleared the	23
like an	23
number 303	23
a flat	23
flat tire	23
edgewater towers	23
19 madison	23
her property	23
it's good	23
cable line	23
a year	23
1 disregard	23
weeks ago	23
a co	23
walking westbound	23
heading over	23
card and	23
please you	23
at no	23
2 males	23
11 10	23
while you're	23
ahead kufner's	23
marine 2	23
4 you	23
104 can	23
1 50	23
wanna go	23
truck two's	23
11 disregard	22
didn't answer	22
is from	22
day shift	22
her address	22
put you	22
male out	22
our location	22
16 out	22
vehicle if	22
male 6'2	22
lockout at	22
plate here	22
pretty sure	22
no vehicles	22
some more	22
a negative	22
the riverside	22
alarm was	22
people on	22
that got	22
access to	22
the jeep	22
complainant in	22
locked her	22
cars to	22
take her	22
says it	22
117 with	22
gray nissan	22
were both	22
we made	22
17 10-7	22
was moderate	22
2's transporting	22
medic for	22
that you're	22
edgewater and	22
14755 athens	22
waiting to	22
a cat	22
the restaurant	22
3's transporting	22
occupied by	22
by at	22
up her	22
no readings	22
was struck	22
jail order	22
listening to	22
somewhere in	22
light is	22
walked in	22
911 call	22
his hand	22
madison unit	22
complainant she	22
window and	22
a pretty	22
or no	22
today at	22
was given	22
i'll need	22
start me	22
henry nick	22
phone is	22
will call	22
that up	22
cleveland he's	22
of athens	22
else can	22
list of	22
10-7 i	22
not finding	22
i'm clifton	22
responded to	22
think they	22
mag 3	22
at lutheran	22
say it	22
now they	22
male no	22
are also	22
we dealt	22
been moved	22
honda 4	22
a 5	22
down a	22
locked herself	22
medical and	22
15 if	22
down we'll	22
told them	22
one for	22
service with	22
be henry	22
haven't already	22
anything for	22
need them	22
edward 1	22
the chevy	22
good we're	22
male complainant	22
dispatch the	22
of 96	22
please 10-4	22
and trying	22
10-4 it	22
on copy	22
nora last	22
message for	22
guys out	22
he's back	22
transporting shortly	22
was inside	22
alarm and	22
a run	22
saying it's	22
front and	22
caution on	22
complainant on	22
not really	22
she's now	22
she told	22
took her	22
probably gonna	22
there there's	22
check if	22
209 can	22
after you	22
it she	22
12540 edgewater	22
there's going	22
dollar tree	22
for vehicle	22
queen frank	22
kufner please	22
13 10-8	22
remain in	22
door we'll	22
truck with	22
18900 detroit	22
transferring to	22
need assistance	22
obt please	22
george george	22
to complain	22
order from	22
12000 edgewater	22
northeast corner	22
checked in	22
male named	22
28 from	22
and 28	22
29 dl	22
i'm assuming	22
a child	22
for several	22
with 29	22
while they	22
we're working	22
those are	22
the state	22
21 on	22
sam frank	22
wagon expires	22
last year	22
number 301	22
report from	22
clifton i'll	22
her sister	22
on call	22
emergency no	22
probation violation	22
madison i'm	22
run king	22
it came	22
plate when	22
me just	22
guys know	22
the victim	22
a jeep	22
a text	22
a date	22
you read	22
transporting this	22
making it	22
added my	22
she's walking	22
her as	22
white van	22
that had	22
call my	22
up his	22
we also	22
still not	22
17 at	22
now it	22
nora nora	22
street for	22
it's possibly	22
the ds	22
just an	22
franklin on	22
manager said	22
19 copies	22
ahead you	22
to back	22
there we	22
south carolina	22
from belle	22
you verify	22
tom david	22
car he	22
just talked	22
no we	22
brown not	22
no history	22
edward charlie	22
he couldn't	22
a 74	22
gain entry	22
he hit	22
never mind	22
can work	22
b o	22
eastbound at	22
could take	22
refused treatment	22
and transport	22
were the	22
find that	22
125 06	22
06 edgewater	22
the rock	22
a 70	22
stopping at	22
1570 ridgewood	22
related to	22
18645 detroit	22
was already	22
no we're	22
and waterbury	22
newman and	22
be that	22
like there	22
27 copy	22
of 2	22
try that	22
29 the	22
of town	22
zebra adam	22
that again	22
room and	22
not i	22
waiting at	22
clifton i	22
them of	22
trespassed from	22
he tried	22
problems with	22
attention car	22
franklin for	22
a single	22
marlowe and	22
smells like	22
sam charlie	22
medic 123	22
he's up	22
bring it	22
19 10-4	22
or on	22
the sound	22
still going	22
how you	22
12405 franklin	22
a nissan	22
detail and	22
the expiration	22
says her	22
shorts and	22
they're having	22
copy lake	22
showing the	22
they found	22
cove community	22
2 hours	22
building i	22
i advise	22
need help	22
to 9	22
better location	22
from walgreens	22
be arrested	22
17 will	22
of engine	22
just stay	22
male the	22
he's waiting	22
no medical	22
a full	22
the court	22
ticket number	22
214 can	22
apartment 206	22
walking towards	22
7 can	22
mail is	22
1 it's	22
yes ma'am	22
ahead first	22
ahead medic	22
ahead it's	22
14 is	22
r 2	22
to voice	22
o 2	22
union 9	22
your next	22
very good	21
210 and	21
name on	21
is able	21
us and	21
female left	21
plate of	21
got off	21
i gotta	21
and throwing	21
same male	21
a 37	21
he's the	21
chevy 4-door	21
a trailer	21
first and	21
a passenger	21
into that	21
me an	21
honda station	21
guys want	21
he's probably	21
in he	21
sure he	21
gonna clear	21
madison female	21
a 34	21
the uh	21
i'm almost	21
almost there	21
no idea	21
all parties	21
he still	21
underneath the	21
the lane	21
said one	21
9 disregard	21
did a	21
living room	21
we couldn't	21
fine and	21
on time	21
no he's	21
henry mike	21
davis court	21
on victoria	21
209 i	21
east to	21
set with	21
lewis and	21
24 you're	21
handle that	21
we're about	21
pursuit of	21
in disregard	21
her brother	21
the winchester	21
a tan	21
this area	21
trespass and	21
open door	21
any assistance	21
know you	21
gray toyota	21
alarm it's	21
brown out	21
for dus	21
male 5'11	21
13 go	21
queen edward	21
and color	21
are off	21
copy 17	21
15 we'll	21
threatened to	21
music was	21
211 copies	21
came down	21
william king	21
young adam	21
llc out	21
westerly number	21
off here	21
is his	21
10-16c on	21
cleveland for	21
he heard	21
medics are	21
herself out	21
got ahold	21
to carlisle	21
out as	21
dispatch please	21
23 can	21
having pain	21
water main	21
be getting	21
was gone	21
info on	21
to fight	21
86 year	21
railroad tracks	21
off fireworks	21
that residence	21
3's going	21
up that	21
lincoln david	21
pick him	21
they're unable	21
some items	21
suspended with	21
was returned	21
10 i	21
from it	21
dodge ram	21
adam x-ray	21
it it	21
close out	21
feeling dizzy	21
and got	21
pull over	21
a 40	21
heard the	21
stopped at	21
of where	21
options we'll	21
went on	21
tow truck	21
no hazard	21
and victoria	21
11837 edgewater	21
24 disregard	21
a box	21
a mva	21
a witness	21
what's my	21
scene on	21
29 copies	21
hasn't heard	21
up please	21
an orange	21
to cove	21
ida lincoln	21
run that	21
i'll keep	21
205 are	21
charlie adam	21
no the	21
it would	21
she's afraid	21
3 days	21
you 10-4	21
them if	21
a van	21
a 62	21
grab it	21
in handcuffs	21
madison hilliard	21
are coming	21
10-4 5	21
neighbor is	21
yesterday and	21
on company	21
argument with	21
short of	21
felony warrant	21
other male	21
good you're	21
24 thank	21
bring him	21
male's name	21
the bp	21
lakeshore tower	21
a 17	21
work cell	21
he's getting	21
block the	21
8 are	21
adam ida	21
on 17th	21
car the	21
left eastbound	21
no they	21
10-7 if	21
smoke alarm	21
the units	21
4 we're	21
his sister	21
14819 clifton	21
that's just	21
a backpack	21
your name	21
mental status	21
house for	21
a tpo	21
now there's	21
some advice	21
if anybody	21
white sedan	21
work with	21
some other	21
and grab	21
16 with	21
on 5	21
credit card	21
locate a	21
her through	21
they still	21
an ai	21
at 12400	21
mva with	21
thought you	21
sorry could	21
older model	21
checking out	21
my stop	21
copy yeah	21
you dispatch	21
vehicles and	21
have traffic	21
asked if	21
17 the	21
just run	21
around in	21
officer to	21
said you're	21
to nicholson	21
pretty good	21
caller and	21
coming through	21
they live	21
north olmsted	21
food order	21
highland house	21
been going	21
edgewater unit	21
wish to	21
the edgewater	21
about some	21
she gave	21
8 for	21
warrant pickup	21
complaint was	21
the wires	21
14861 detroit	21
time i	21
the care	21
12 are	21
be okay	21
of speed	21
mom and	21
a homeless	21
bunts apartment	21
stolen vehicle	21
driver's side	21
the reporting	21
number again	21
my radio	21
a fairview	21
in some	21
didn't say	21
them the	21
transport ama	21
male down	21
went down	21
hilliard for	21
pains and	21
nothing in	21
that needs	21
waterbury and	21
left her	21
13215 detroit	21
at 14312	21
gonna start	21
apartment 5	21
a mail	21
mckinley on	21
no cause	21
79 year	21
was up	21
advise him	21
no driver's	21
disregard it	21
tree lawn	21
1 female	21
just now	21
of drugs	21
we're standing	21
19 from	21
heading up	21
ocean lincoln	21
counter for	21
pulled out	21
on newman	21
how can	21
the emergency	21
panic attack	21
one i'll	21
shut the	21
be headed	21
10 i'm	21
of 117	21
speed is	21
hazards on	21
5 foot	21
complainant that	21
a 117	21
ahead henry	21
tom mary	21
is 2	21
the shell	21
a young	21
not being	21
is working	21
copy 10	21
dark hair	21
that have	21
gonna wait	21
ahead madison	21
sorry did	21
card only	21
10 copy	21
ahead there's	21
place expiring	21
toyota 4	21
get 1	21
also gonna	21
02 29	21
1 40	21
woodhouse chevy	21
court for	20
next time	20
from earlier	20
in i	20
throwing things	20
because it's	20
the man	20
pulled in	20
is anyone	20
set it	20
custody of	20
10-4 22	20
in any	20
but just	20
a 13	20
of 97	20
20 disregard	20
i'm pretty	20
if someone	20
jeans and	20
a beard	20
out i'll	20
couple cars	20
mom is	20
any police	20
house with	20
closing in	20
18 are	20
to cancel	20
both those	20
open up	20
waterbury for	20
madison 1	20
live there	20
we'll let	20
setting back	20
no license	20
229 we're	20
a motorist	20
and clarence	20
and open	20
genius bank	20
the oic	20
he's with	20
her that	20
the cab	20
cove with	20
his left	20
white males	20
yeah they	20
readings on	20
215 i'm	20
struck by	20
bunts number	20
a bottle	20
143 12	20
alert button	20
any warrants	20
was okay	20
break into	20
traffic light	20
sorry go	20
the laser	20
the patio	20
said someone	20
someone was	20
male 5'9	20
23 copies	20
blue he's	20
run for	20
detroit suite	20
is special	20
could not	20
1 you're	20
return it	20
house at	20
and 223	20
cleveland she's	20
that person	20
temp permit	20
we both	20
and summit	20
okay they	20
accidental alarm	20
end this	20
lot king	20
her checked	20
guys respond	20
went out	20
make the	20
calling back	20
215 i	20
2 please	20
come through	20
drop off	20
a fair	20
further information	20
information on	20
cars and	20
sent it	20
on here	20
use your	20
back the	20
motor vehicle	20
missing from	20
patient is	20
room number	20
house apartments	20
you're a	20
david union	20
adam john	20
they took	20
and being	20
i'm from	20
female they	20
of all	20
a way	20
already on	20
2 did	20
area i	20
getting on	20
to cvs	20
shaker heights	20
5 at	20
because there's	20
help me	20
the males	20
added a	20
10-4 is	20
the ambulance	20
of consciousness	20
two females	20
music lounge	20
here it	20
one has	20
the women's	20
a direction	20
at and	20
calling her	20
jail please	20
for assault	20
sure they're	20
24 10-4	20
rta bus	20
there she's	20
as he	20
you pick	20
a place	20
south euclid	20
they're getting	20
getting into	20
a big	20
lincoln last	20
show you	20
are set	20
there's just	20
of 27	20
1450 coutant	20
we knocked	20
and andrews	20
on flash	20
000 edgewater	20
wants and	20
silver in	20
last couple	20
clifton henry	20
we're taking	20
should come	20
he will	20
10-8 if	20
could put	20
there's anything	20
a cch	20
please i	20
i call	20
call cleveland	20
mike 3	20
match thank	20
the trigger	20
because she's	20
one should	20
20 is	20
vehicle she	20
a break	20
advised he's	20
205 i'm	20
a piece	20
can't tell	20
all 10-8	20
valid at	20
on delaware	20
set the	20
their options	20
88 year	20
that vehicle's	20
and be	20
come get	20
9 go	20
henry union	20
pulling in	20
the mark	20
franklin i'll	20
closer than	20
gold coast	20
car she	20
david ocean	20
of time	20
live at	20
5 are	20
along with	20
back as	20
value world	20
north and	20
go out	20
edgewater lakeshore	20
using the	20
and park	20
come for	20
right shoulder	20
white and	20
okay that	20
day and	20
check a	20
fire at	20
entry gain	20
was this	20
their phone	20
dealer plate	20
department at	20
we're up	20
clifton complainant	20
think i'm	20
edward tom	20
change in	20
marginal and	20
to 117	20
address here	20
arriving fairview	20
lakewood high	20
health problems	20
10-4 18	20
of garfield	20
still up	20
for mutual	20
building on	20
fairview engine	20
still out	20
ask for	20
someone in	20
attention to	20
thought he	20
and issue	20
i might	20
a king	20
a 66	20
like them	20
jailer please	20
can run	20
or black	20
still here	20
couldn't tell	20
the harborview	20
valid driver	20
her i	20
of chest	20
it didn't	20
entry into	20
to commit	20
are responding	20
way for	20
2 just	20
refuse transport	20
unit 3	20
again i	20
to grab	20
this apartment	20
we still	20
24 we	20
on hold	20
from cove	20
number of	20
just bring	20
with engine	20
city for	20
make money	20
mva in	20
12050 lake	20
and break	20
be apartment	20
his brother	20
possibly broke	20
michael towers	20
alarm is	20
mary zebra	20
comes in	20
tracks with	20
that time	20
a 69	20
more minutes	20
15 did	20
unknown if	20
bring a	20
grab a	20
19 if	20
on lewis	20
the entire	20
police and	20
park i	20
high rate	20
rate of	20
possibly in	20
remove the	20
rapid station	20
see dispatch	20
is off	20
is around	20
driveway still	20
time he	20
dispatch do	20
both the	20
screaming for	20
stage on	20
the smoke	20
the cvs	20
gray suv	20
the 20	20
right outside	20
you doing	20
their vehicle	20
my screen	20
female possibly	20
lot there	20
like we're	20
okay yeah	20
ahead just	20
they may	20
area we're	20
a commercial	20
a part	20
stated she	20
a primary	20
the wheel	20
he pulled	20
number if	20
dispatch is	20
think you're	20
from athens	20
of cars	20
we're passing	20
here a	20
the stove	20
boy queen	20
a low	20
the down	20
the history	20
7 year	20
second service	20
i still	20
11 at	20
commodore club	20
to to	20
yeah with	20
can help	20
called from	20
they're moving	20
complaint that	20
they told	20
dispatch in	20
my desk	20
she asked	20
advised for	20
in 2	20
zebra paul	20
get off	20
that matches	20
what happened	20
that's okay	20
home now	20
service engine	20
for for	20
on wyandotte	20
228 copy	20
in riverside	20
out walking	20
her dl	20
1 should	20
show i'm	20
adam boy	20
gmc sierra	20
is 5	20
14 detroit	20
dispatch 1	20
117 detroit	20
couple calls	20
you ma'am	20
to normal	20
called me	20
see her	20
copy sir	20
that keeps	20
gas company	20
a teacher	20
the 11th	20
door the	20
ahead clifton	20
medical or	20
or i'm	20
212 we're	20
navy federal	20
be 1	20
wanna check	20
20 12	20
20 3	20
one's arriving	20
2 80	20
o 6	20
2 70	20
ford 4	20
they wanna	20
1 sec	20
we're 108	20
or save	20
he found	19
we're ready	19
not yet	19
we'll do	19
who are	19
outside for	19
as an	19
of brooklyn	19
female a	19
struggling to	19
his id	19
a bag	19
be transferring	19
closer 24	19
turning on	19
berea and	19
a 25	19
street on	19
10-4 we	19
telling me	19
me now	19
202 to	19
wants her	19
area the	19
82 year	19
fell out	19
a free	19
go code	19
head on	19
alright thank	19
of control	19
to cut	19
please call	19
continue with	19
a 2006	19
be delayed	19
you gonna	19
that does	19
it still	19
the apartments	19
the mcdonald's	19
she's requesting	19
union paul	19
about 2	19
it's from	19
we're done	19
to fix	19
then hung	19
familiar with	19
a north	19
hear any	19
all on	19
hospital and	19
toyota rav4	19
union john	19
for 29	19
silver chevy	19
you over	19
you would	19
mva and	19
you off	19
off i	19
in berea	19
could go	19
read the	19
those back	19
edward zebra	19
23 go	19
happened in	19
numbers on	19
paul john	19
male had	19
on arthur	19
in now	19
with 3	19
route there	19
117th for	19
note that	19
complainant he	19
toyota station	19
i made	19
garage for	19
he stated	19
i'm being	19
but said	19
the bottom	19
are for	19
2 responding	19
for detail	19
hasn't moved	19
alger and	19
her or	19
disregard they	19
unsure what	19
victor young	19
that mva	19
about 30	19
a driveway	19
to traffic	19
like one	19
24 if	19
for 17	19
locked up	19
and meet	19
plate and	19
are arguing	19
house she	19
was leaving	19
door at	19
a door	19
me any	19
my cell	19
a 28	19
mercury music	19
nora george	19
truck in	19
way there	19
arthur and	19
a gentleman	19
was actually	19
says a	19
who's the	19
exterior check	19
completely blocking	19
and hopkins	19
out if	19
be aware	19
side and	19
off there	19
tom charlie	19
person on	19
henry boyd	19
her now	19
good job	19
truck that's	19
229 copy	19
with officers	19
dispatching car	19
ahead car	19
they'd like	19
got his	19
he's set	19
out she's	19
to 24	19
14601 detroit	19
mike henry	19
somebody from	19
party that	19
about him	19
hit it	19
white volkswagen	19
made a	19
scene engine	19
listing back	19
him i'll	19
heard anything	19
lakeland and	19
repeat your	19
both be	19
any information	19
they give	19
any info	19
female i'm	19
adam 9	19
you we'll	19
last hour	19
apartment 7	19
because they're	19
yeah they're	19
turned on	19
out lakewood	19
16407 detroit	19
how long	19
nora david	19
name sam	19
ford explorer	19
brown failure	19
kia sportage	19
a 16	19
called out	19
wanted us	19
union george	19
santa fe	19
at 9	19
off i'll	19
number 305	19
into an	19
does this	19
all that	19
telling you	19
thinks he's	19
medical is	19
we're actually	19
see this	19
number from	19
for work	19
with all	19
towers number	19
dispatch 23	19
moved 10-8	19
there can	19
female date	19
too much	19
lane 4	19
2 it's	19
the 90	19
and another	19
where they're	19
it's okay	19
scene here	19
have lpd	19
on 7	19
said they'll	19
left northbound	19
stop sign	19
charlie george	19
ida robert	19
name for	19
park road	19
who called	19
18616 detroit	19
212 i	19
bike lane	19
anything i	19
the bench	19
a change	19
where is	19
believes she	19
and lewis	19
to live	19
which way	19
negative i	19
truck that	19
and refused	19
of 2026	19
along the	19
start off	19
couldn't give	19
a dodge	19
we received	19
desk i'm	19
be cleared	19
only thing	19
number 12	19
how do	19
maybe a	19
72 copy	19
70 to	19
apartment 102	19
drive with	19
long as	19
door i	19
thoughts of	19
night we'll	19
were trying	19
the alger	19
one from	19
going down	19
the officer	19
it you	19
you're looking	19
to show	19
patient and	19
here from	19
what apartment	19
side streets	19
he'd like	19
arrival i	19
and dispatch	19
normal response	19
male about	19
guess the	19
2 check	19
concerned because	19
george x-ray	19
11 if	19
vehicle just	19
hyundai sonata	19
to 1346	19
and having	19
this has	19
information i	19
is possibly	19
parties involved	19
in cad	19
10-4 that	19
heading towards	19
here she	19
one's going	19
clearance for	19
minutes out	19
with these	19
if you'd	19
possibly be	19
union boy	19
right before	19
list back	19
clifton edwards	19
year for	19
his address	19
10 are	19
coming over	19
turned around	19
them they're	19
silver sedan	19
male sitting	19
first time	19
strong odor	19
or more	19
turn to	19
offer expires	19
sam lincoln	19
be setting	19
believes the	19
the occupants	19
3 sides	19
union mary	19
here they	19
working in	19
smell of	19
stop sharing	19
sharing my	19
screen i'm	19
to cross	19
to 8	19
12 will	19
parties they	19
on alger	19
a 36	19
shows suspended	19
service return	19
service car	19
broke her	19
huntington bank	19
is robert	19
1511 warren	19
have for	19
leave me	19
sound of	19
the 5th	19
primary and	19
lincoln robert	19
cars parked	19
david ida	19
location please	19
harassing her	19
female the	19
please put	19
d s	19
your lights	19
stay there	19
lincoln union	19
2 engines	19
other party	19
couple more	19
brown dl	19
20 19	19
12112 madison	19
second i	19
driving by	19
had it	19
with 10	19
should i	19
primary on	19
female out	19
time we're	19
1365 clarence	19
was your	19
some work	19
that list	19
lobby medic	19
say they	19
14 we're	19
asked them	19
you're here	19
the wire	19
a vin	19
pass out	19
is sighted	19
a mile	19
about 6	19
14 are	19
respond over	19
19 back	19
loud party	19
fairview 10-4	19
clifton a	19
chevy traverse	19
gonna stop	19
front porch	19
so there	19
with lpd	19
bathroom i'm	19
11th street	19
spelling date	19
kia 4	19
ahead victor	19
10 o	19
hundred 17	19
7 lunch	19
2 01	19
1 30	19
'20 2	19
expires 05	19
5 108	19
retired courtesy	19
make us	18
still all	18
off that	18
this guy's	18
at metro	18
called him	18
3 times	18
i'm the	18
and threatening	18
the i'm	18
clear it	18
10-7 24	18
tom ocean	18
ocean boy	18
person in	18
other one's	18
car 3's	18
don't worry	18
sam ocean	18
i'm free	18
blonde blue	18
ask her	18
yes we	18
you attempt	18
meet him	18
who it	18
arrival the	18
4th floor	18
a whole	18
205 i'll	18
of elyria	18
driveway of	18
minutes to	18
just took	18
there too	18
madison to	18
vin for	18
want you	18
moved the	18
is complaining	18
you trying	18
that first	18
into their	18
ago she	18
set thank	18
mcdonald's parking	18
car keys	18
can stand	18
10-8 we'll	18
it open	18
at 22	18
woke up	18
here's a	18
the best	18
medic on	18
transferred to	18
117th i	18
i'm watching	18
low blood	18
nick adam	18
mva on	18
10-4 20	18
24 in	18
sam king	18
arrived on	18
a working	18
clifton car	18
suspect vehicle	18
bunts the	18
that went	18
this should	18
try calling	18
there we'll	18
the kirtland	18
you actually	18
on something	18
an incident	18
listing john	18
call real	18
blacked out	18
from hilliard	18
getting the	18
area but	18
clifton clifton	18
involvement we'll	18
on edwards	18
madison lakewood	18
just drove	18
more in	18
detroit o'neill	18
11849 edgewater	18
202 are	18
doesn't sound	18
i'm 19	18
6 to	18
george william	18
it's apartment	18
10-7 thank	18
to st	18
clifton to	18
they spoke	18
live music	18
a drug	18
clear i'm	18
frank queen	18
id and	18
currently in	18
scene with	18
copy 2	18
zebra queen	18
of water	18
and maybe	18
here he	18
alright i	18
213 can	18
there's one	18
to enter	18
217 10-7	18
location of	18
black sedan	18
70 i'll	18
guys to	18
saying he's	18
back down	18
client said	18
why i	18
could assist	18
for detroit	18
it's clear	18
reach out	18
vehicle 10-8	18
this and	18
female difficulty	18
he's right	18
we'll need	18
a cage	18
me is	18
where that	18
then a	18
217 i'm	18
heart rate	18
and 70	18
first names	18
he ran	18
a 2007	18
they checked	18
we try	18
didn't come	18
26 you	18
manor apartments	18
the gun	18
robert young	18
blue in	18
her options	18
beats clear	18
from where	18
victoria court	18
a m	18
know he	18
21 disregard	18
swing by	18
myself a	18
to property	18
the northeast	18
send an	18
be bringing	18
photo of	18
lot she	18
lincoln sam	18
message with	18
who said	18
vehicle break	18
26 clifton	18
robert henry	18
turn in	18
the father	18
on behalf	18
and 26	18
ford f-150	18
or 3	18
3 this	18
charlie 1	18
we're tight	18
1 detroit	18
scene for	18
his parents	18
something to	18
to first	18
heads up	18
ida george	18
lakewood here	18
it copy	18
10-4 medic	18
to 14312	18
like in	18
this thing	18
27 to	18
you later	18
sheriff's office	18
i'm unable	18
205 i	18
smith out	18
secure we'll	18
back off	18
house the	18
you're checking	18
number 106	18
edward henry	18
a stop	18
scene in	18
the colonial	18
heading out	18
with 20	18
no issue	18
16 are	18
me his	18
has one	18
i transfer	18
phone calls	18
is getting	18
this a	18
also advised	18
did that	18
head out	18
8 will	18
because it	18
madison just	18
for apartment	18
she hit	18
her left	18
211 go	18
first federal	18
14806 detroit	18
nothing comes	18
adam young	18
driving erratically	18
lot i'll	18
the issue	18
help her	18
the protected	18
in mental	18
verify the	18
25 we'll	18
place 12700	18
like some	18
warrant and	18
the eastbound	18
have somebody	18
reserve to	18
employee called	18
her since	18
2 parties	18
that detail	18
westbound just	18
here no	18
the fingerprint	18
was here	18
and lakeland	18
now just	18
nobody in	18
note to	18
detail can	18
1 patient	18
just print	18
tree that	18
transfer to	18
the valley	18
go talk	18
15027 detroit	18
6 year	18
house apartment	18
just having	18
clear we're	18
female locked	18
the signal	18
be closed	18
and grace	18
28 to	18
detroit cove	18
male locked	18
1370 sloan	18
as long	18
a 6	18
they all	18
yeah that	18
standby for	18
probably just	18
what would	18
walgreens parking	18
2 vehicles	18
fell off	18
5 copy	18
the bed	18
franklin hopkins	18
4 in	18
be down	18
could disregard	18
just needed	18
sure what's	18
and talking	18
reason for	18
middle school	18
companies from	18
health care	18
next one	18
following her	18
george sam	18
phone saying	18
back by	18
gonna leave	18
a 100	18
social security	18
male passed	18
a older	18
male we	18
1292 cove	18
be robert	18
up right	18
14815 madison	18
been trying	18
1375 west	18
paul x-ray	18
a drop	18
is sam	18
direct to	18
can someone	18
stall and	18
24-hour on	18
make entry	18
out we're	18
are two	18
on ridgewood	18
sent your	18
the message	18
order for	18
and they'll	18
is fine	18
male walking	18
cancel kufner	18
it wasn't	18
special medic	18
we're also	18
copy 22	18
road conditions	18
cut off	18
for details	18
robert george	18
an old	18
what did	18
19 10-7	18
no smoke	18
sam victor	18
1 member	18
lpd on	18
but can	18
apartment 401	18
a 65	18
the case	18
of mental	18
he's moving	18
1 down	18
edward paul	18
doesn't need	18
the kitchen	18
got your	18
room for	18
no way	18
be leaving	18
some issues	18
the generator	18
severe pain	18
2400 madison	18
cleveland at	18
is george	18
white truck	18
he's refusing	18
let cleveland	18
to hit	18
go into	18
tom king	18
respond in	18
x-ray henry	18
got multiple	18
like me	18
copy bunts	18
officers on	18
that alarm	18
were talking	18
more difficult	18
influence of	18
service i	18
assist we'll	18
blood sugar	18
couple days	18
we'll respond	18
on both	18
sent to	18
sure go	18
and your	18
upset that	18
the commodore	18
further issues	18
a 76	18
14013 detroit	18
said this	18
ask them	18
same address	18
finishing up	18
11720 edgewater	18
please send	18
my complainant	18
to pass	18
23 are	18
snow check	18
adam william	18
somebody in	18
lake unit	18
he goes	18
lot off	18
before they	18
permit id	18
4312 detroit	18
everything you	18
just tell	18
12520 edgewater	18
11 detroit	18
ocean nick	18
paul adam	18
close this	18
be walking	18
a purple	18
william henry	18
found that	18
the king	18
moderate on	18
15 10	18
dark gray	18
for theft	18
states her	18
ahead tom	18
on out	18
was found	18
refusal obtained	18
emergency and	18
those juveniles	18
back it	18
he's about	18
in truck	18
14 clifton	18
11 we	18
heights in	18
check i	18
separate i	18
she drives	18
4 thanks	18
number 16	18
16 000	18
the pavilion	18
a motorcycle	18
2 people	18
actually gonna	18
animal shelter	18
500 or	18
frank 1	18
mobile stroke	18
10 is	18
day sale	18
credit union	18
apartment 301	18
i help	18
wanna be	18
wanna come	18
1 70	18
2 09	18
two's in	18
2 50	18
got 1	18
multiple 10	18
17 10	18
year in	18
however you	18
money work	18
for domestic	17
a residential	17
14 the	17
place in	17
her ex	17
kia soul	17
okay that's	17
night shift	17
all cars	17
the trunk	17
come outside	17
and over	17
show that	17
blue nissan	17
clear that	17
right out	17
good thank	17
you ran	17
ida nick	17
please show	17
kufner's for	17
26 expires	17
117th south	17
10-8 you	17
area on	17
a drone	17
lakewood 10-4	17
a fight	17
left with	17
the fourth	17
from what	17
a and	17
this person	17
a temp	17
of bed	17
had any	17
morning and	17
med 3	17
little while	17
set in	17
party at	17
but we'll	17
complaint we'll	17
the 117th	17
copy car	17
18 is	17
back through	17
building is	17
motorist called	17
sidewalk and	17
checking in	17
10-7 i'll	17
work in	17
blocked in	17
her from	17
blue kia	17
dog is	17
the surrounding	17
a video	17
and red	17
bottle of	17
that that's	17
the boyfriend	17
1 15	17
i'm for	17
want her	17
patio bar	17
older male	17
red hoodie	17
took some	17
her window	17
cautions are	17
door in	17
got two	17
just hold	17
of one	17
from us	17
copy closing	17
29 10-8	17
him please	17
22 disregard	17
reporting party	17
parking permission	17
19 please	17
would just	17
of ohio	17
detroit marlowe	17
of east	17
actually on	17
i to	17
we'll call	17
is stuck	17
said he'll	17
160 brown	17
a registered	17
22 copies	17
1 madison	17
with each	17
drop fee	17
are here	17
against her	17
and end	17
notes if	17
apartment 618	17
just needs	17
carlisle apartment	17
getting ready	17
not home	17
owner he	17
detroit alameda	17
in no	17
up they	17
off his	17
10-4 all	17
to riverside	17
dispatch did	17
a subaru	17
be it	17
please try	17
being very	17
pushed her	17
17 just	17
covered in	17
an additional	17
him 10-4	17
we're here	17
it's her	17
her it's	17
saw that	17
towards madison	17
checking from	17
got them	17
with 15	17
license expired	17
that complainant	17
requesting an	17
on route	17
dining room	17
us en	17
15 dl	17
pull out	17
last few	17
the wind	17
5 of	17
a refusal	17
medics at	17
glen cove	17
but not	17
out we	17
wood frame	17
him off	17
we'll see	17
out where	17
call i'll	17
know they	17
kia forte	17
more info	17
madison 117th	17
seeing any	17
that house	17
cars at	17
name david	17
riverside madison	17
thinks she's	17
she's breathing	17
then they	17
lakewood truck	17
clearing lakewood	17
23 you	17
it no	17
and believes	17
she's very	17
on i'm	17
phone that	17
she gets	17
complainant back	17
arrival we'll	17
doesn't believe	17
or at	17
tell the	17
case he	17
copy lakewood	17
of 2000	17
it's john	17
actually be	17
29 he's	17
keys and	17
lakewood for	17
phone was	17
sure to	17
i give	17
10-7 can	17
said when	17
me when	17
notes 10-8	17
and with	17
150 brown	17
26 10-7	17
for people	17
15 madison	17
7th floor	17
it this	17
here can	17
you very	17
you're set	17
back can	17
she's advised	17
station copies	17
120-400 madison	17
she's running	17
north ridgeville	17
him so	17
yesterday lincoln	17
to 11839	17
black valid	17
says they	17
love you	17
hilliard with	17
bunts south	17
kids in	17
of 3	17
of michigan	17
came over	17
set i	17
ram truck	17
8 traffic	17
them is	17
was standing	17
utl we'll	17
is probably	17
king out	17
1 male	17
transfer him	17
we think	17
a heads	17
start covering	17
hill ending	17
mileage 7	17
nora king	17
transport medic	17
a delivery	17
afraid to	17
just do	17
cars will	17
stomach pain	17
frank george	17
that one's	17
she's worried	17
black hyundai	17
around for	17
complaint in	17
that's probably	17
county sheriff's	17
william x-ray	17
i'm up	17
5 is	17
parking lots	17
on she	17
meet up	17
no threats	17
detroit newman	17
paul henry	17
court room	17
blue hyundai	17
office of	17
in i'm	17
your cross	17
of texas	17
for 24	17
couple hours	17
male by	17
cook and	17
a failure	17
pulled off	17
charles adam	17
showing up	17
220 to	17
a guy	17
okay she's	17
medicine and	17
i like	17
send him	17
fairview er	17
been released	17
police or	17
just past	17
exit ramp	17
face and	17
had her	17
nick edward	17
we cleared	17
for service	17
about this	17
check across	17
you you're	17
only no	17
for 4	17
21 clifton	17
a broken	17
ford focus	17
a hat	17
take your	17
on king	17
well we	17
believe he's	17
from 117	17
10-4 10-7	17
the little	17
and what's	17
her name's	17
place for	17
pickup please	17
my speeds	17
of black	17
asking if	17
the model	17
one car	17
person that	17
around here	17
gave it	17
for trespassing	17
it hit	17
valid valid	17
ems call	17
be returning	17
the northwest	17
two days	17
2-8 copy	17
those males	17
imperial house	17
and brockley	17
was sitting	17
here this	17
out this	17
he returns	17
up we'll	17
a ticket	17
i'm far	17
traffic for	17
from riverside	17
male sleeping	17
doors are	17
what were	17
came into	17
clifton female	17
on waterbury	17
check up	17
no dl	17
or two	17
9 the	17
city tree	17
the ice	17
and ridgewood	17
10-4 we'll	17
from fairview	17
add this	17
of pennsylvania	17
on anything	17
we're both	17
exchanged information	17
from them	17
was assaulted	17
she's suspended	17
must be	17
of kids	17
nora tom	17
name robert	17
office with	17
no on	17
there it	17
phone please	17
passenger seat	17
and print	17
check 1	17
ahead there	17
the incident	17
from an	17
service we're	17
company's car	17
sighted and	17
27 is	17
out he's	17
of days	17
17 do	17
t-shirt and	17
traffic in	17
16 at	17
this juvenile	17
we're able	17
mike edward	17
people for	17
you not	17
shirt on	17
mileage 2	17
for pickup	17
boy henry	17
call your	17
showed me	17
unknown direction	17
his information	17
call medic	17
is one	17
adam zebra	17
issued a	17
female advised	17
there's not	17
female resident	17
6 i'll	17
1369 bunts	17
i'll wait	17
his info	17
happen to	17
in new	17
at station	17
on 17	17
the paperwork	17
everything else	17
123 truck	17
and fire	17
they're running	17
be sure	17
the lpd	17
walking to	17
do with	17
to any	17
sure we	17
area it's	17
what's this	17
end damage	17
advise on	17
cove medic	17
no he	17
or what	17
dispatch if	17
burglary alarm	17
someone is	17
river is	17
12015 clifton	17
apartment 8	17
on please	17
was towed	17
history there	17
dog in	17
to i	17
of items	17
robert nick	17
hour and	17
of what	17
david mary	17
left arm	17
under a	17
two people	17
alright we're	17
upset about	17
the crossing	17
still be	17
will remain	17
an 80	17
company it's	17
200 brown	17
6 feet	17
open this	17
the metro	17
where i	17
it's occupied	17
to comply	17
her leg	17
a dead	17
doesn't show	17
5th floor	17
sure who	17
the basketball	17
difficult it's	17
him she	17
back inside	17
72 can	17
you visit	17
a property	17
2 21	17
them all	17
chevy impala	17
female named	17
taking that	17
ridgewood and	17
by here	17
nelson court	17
this gentleman	17
him just	17
daughter is	17
yes they	17
gmc truck	17
to lpd	17
music and	17
in 19	17
walking by	17
this in	17
1342 beach	17
male or	17
chevy cruze	17
dodge durango	17
6 detroit	17
think she's	17
okay there's	17
to set	17
19 do	17
i missed	17
male yelling	17
back so	17
clear at	17
the expired	17
of georgia	17
the mileage	17
inn 12019	17
and set	17
them i	17
said about	17
a bus	17
the ford	17
male white	17
yesterday king	17
and 273	17
he's under	17
some wires	17
her backyard	17
fix it	17
11868 clifton	17
to reserve	17
decided to	17
copy 11	17
the waverly	17
gonna follow	17
nothing coming	17
this this	17
white t-shirt	17
he's sitting	17
c on	17
dairy queen	17
223 and	17
building the	17
foster pool	17
sale and	17
117 king	17
gonna 19	17
pay it	17
108 and	17
engine two's	17
teacher at	17
school i'm	17
center ridge	17
1 600	17
1 60	17
copy 108	17
engine 10	17
o 5	17
2 07	17
nebraska medicine	17
that could	16
she still	16
over it	16
wanted a	16
suspect is	16
male driver	16
is over	16
the public	16
lot in	16
here right	16
lincoln mary	16
12 copies	16
was about	16
phone or	16
what it	16
charlie lincoln	16
cleveland shows	16
oh i'm	16
plate should	16
and north	16
of maple	16
someone on	16
was he	16
on right	16
probably not	16
thought i	16
towards detroit	16
17540 madison	16
smoke or	16
animal hospital	16
house in	16
you that's	16
11 madison	16
female yelling	16
of delaware	16
a severe	16
building owner	16
madison hopkins	16
we all	16
12550 lake	16
complaining about	16
in distress	16
athens with	16
pull me	16
2017 ford	16
to remove	16
vehicle you	16
female complaining	16
number 309	16
10-4 yeah	16
bunts just	16
1345 bunts	16
she have	16
she knows	16
a hyundai	16
henry nora	16
hoodie black	16
his hands	16
we be	16
she's an	16
nick lincoln	16
someone called	16
forgot to	16
of strongsville	16
on those	16
27 we're	16
apartment 107	16
giving me	16
lists to	16
just that	16
he's found	16
out so	16
also en	16
have notes	16
tell us	16
gas meter	16
went southbound	16
to change	16
is secure	16
only have	16
male detained	16
route can	16
the neighbor's	16
9 copies	16
saw them	16
we'll try	16
goa we'll	16
medical issues	16
cleared from	16
water on	16
is her	16
party is	16
then we	16
just told	16
in in	16
phone now	16
could tell	16
looked at	16
heard it	16
a victim	16
address i	16
15 back	16
went up	16
said she'll	16
be inside	16
advised there's	16
at our	16
we'll give	16
you mind	16
parma for	16
calling to	16
smoke in	16
a 50	16
hook for	16
be parked	16
main break	16
get down	16
which direction	16
pickup when	16
males that	16
not breathing	16
door she's	16
door we	16
be behind	16
just heard	16
blocking traffic	16
male laying	16
change this	16
him when	16
up call	16
she's also	16
center for	16
but then	16
on winchester	16
hear her	16
intersection of	16
a dark-colored	16
medicare is	16
accessible 10-8	16
go speak	16
him there	16
turn off	16
yeah go	16
and leonard	16
he seems	16
at number	16
vehicle maintenance	16
that's coming	16
stop for	16
i'm down	16
between a	16
female 5'6	16
he's running	16
some reason	16
history with	16
clifton jackson	16
the id	16
from north	16
that took	16
are working	16
they weren't	16
did it	16
apartment 203	16
clifton on	16
a construction	16
department of	16
box truck	16
i'm waiting	16
on 19	16
him down	16
still looking	16
airbags deployed	16
manner 12400	16
copy for	16
the trash	16
you disregard	16
to deal	16
nick king	16
224 i'm	16
sam charles	16
2 he's	16
12 we	16
16 10-8	16
well please	16
15 just	16
shows it	16
middle name	16
the individual	16
for cleveland	16
the nissan	16
michigan plate	16
alameda for	16
that complaint	16
117 at	16
know this	16
complaint says	16
doing follow-up	16
detail i	16
building she	16
if i'm	16
going out	16
205 10-8	16
she's unsure	16
paul nick	16
70 i'm	16
the bond	16
almost hit	16
continue on	16
ocean edward	16
4-door expires	16
warrant with	16
them off	16
with separate	16
the taco	16
in line	16
for no	16
to abuse	16
i'm franklin	16
10-4 at	16
say the	16
was transported	16
people walking	16
clifton unit	16
be staying	16
left for	16
doesn't think	16
i'll look	16
lincoln with	16
advised i	16
warrant out	16
a room	16
aid for	16
i-90 eastbound	16
the ramp	16
be one	16
believe so	16
as it	16
hit him	16
female had	16
kia station	16
there's only	16
5 11	16
i hear	16
that left	16
call came	16
a hoodie	16
female driver	16
just released	16
went north	16
neighbors are	16
on park	16
2 minutes	16
him detroit	16
the field	16
can continue	16
4-door white	16
29 1	16
street at	16
myself in	16
where's the	16
clipped in	16
of tennessee	16
multiple calls	16
from you	16
nora lincoln	16
so that's	16
a nice	16
car a	16
respond there	16
we arrested	16
it do	16
down i	16
belle with	16
queen union	16
up he's	16
warren with	16
dizzy and	16
northwest corner	16
it's no	16
stopped on	16
west and	16
he's currently	16
4 at	16
few more	16
is already	16
that shows	16
alright i'll	16
6 copy	16
o'neill room	16
of 2024	16
out by	16
him with	16
edward george	16
dark pants	16
to athens	16
2026 chevy	16
can save	16
any way	16
2 weeks	16
be 90	16
an injured	16
on friday	16
them there	16
yes she	16
think they're	16
madison male	16
and manor	16
home to	16
carabel and	16
tank top	16
we'll both	16
27 on	16
plate again	16
rock hall	16
told you	16
need an	16
6 in	16
back a	16
that's affirmative	16
hold off	16
was possibly	16
i please	16
problem with	16
have not	16
company car	16
the mailbox	16
the previous	16
lincoln victor	16
suv that's	16
10-4 from	16
turn the	16
can turn	16
trading at	16
a location	16
company and	16
off it	16
11 11	16
not answer	16
all this	16
something i	16
17 we'll	16
that dog	16
guess they	16
2 that	16
went off	16
calling me	16
okay he's	16
apartment 513	16
wearing dark	16
out okay	16
clearing in	16
24 hours	16
car here	16
for obstructing	16
need this	16
parking signs	16
blue jacket	16
sitting outside	16
asking people	16
a prisoner	16
in as	16
cleveland fire	16
26 is	16
her know	16
mcdonald's on	16
parking tickets	16
the at	16
disregard for	16
street i	16
valid he	16
dispatch make	16
jeep cherokee	16
down across	16
heights with	16
for 36	16
299 dock	16
dock fee	16
severe abdominal	16
mail from	16
hours and	16
disregard you	16
broke up	16
order of	16
on service	16
the registrar	16
moved to	16
dispatch on	16
i check	16
the block	16
what i'm	16
detector is	16
upstairs unit	16
for right	16
where you're	16
getting in	16
can keep	16
owner she's	16
up but	16
figure it	16
showing front	16
215 i'll	16
19 station	16
called them	16
is car	16
have is	16
floor for	16
mike 3's	16
someone at	16
manor number	16
are a	16
is running	16
earlier and	16
call out	16
units will	16
1-4300 detroit	16
expired ccw	16
miles per	16
cleveland know	16
call with	16
will meet	16
7 go	16
police station	16
notes we're	16
requesting to	16
any injuries	16
further assistance	16
criminal damaging	16
was confiscated	16
house that	16
clearing up	16
for john	16
up she	16
recently had	16
apartment 303	16
from their	16
pick her	16
sedan with	16
delaware for	16
woodward for	16
1 north	16
wide open	16
204 and	16
gray jeep	16
15 we	16
can locate	16
the future	16
another plate	16
94 year	16
apartment 202	16
medic 10	16
it's about	16
zebra lincoln	16
copy out	16
valid with	16
parties in	16
13511 detroit	16
every time	16
number or	16
your call	16
time we	16
a michigan	16
happened at	16
on january	16
west garage	16
into it	16
any calls	16
was broken	16
valid permit	16
starting miles	16
x-ray david	16
appeared to	16
ahead spoke	16
hitting the	16
doesn't come	16
at 7	16
add me	16
the box	16
73 i'm	16
73 to	16
william zebra	16
no violations	16
270 and	16
the most	16
just found	16
you right	16
17600 detroit	16
red toyota	16
2506 edgewater	16
back that	16
call dispatch	16
start customer	16
it's 1	16
check by	16
more while	16
haven't heard	16
19 what	16
99 copy	16
she couldn't	16
advised they're	16
11 2	16
to sign	16
they're walking	16
now 10-4	16
where did	16
hair wearing	16
5 or	16
are both	16
up against	16
brown does	16
15207 madison	16
we sent	16
1 traffic	16
11732 lake	16
a visit	16
dispatch go	16
talking with	16
willing to	16
and neighbors	16
male came	16
are trying	16
vanity plate	16
dl when	16
a 47	16
what he's	16
were arguing	16
1635 alameda	16
with robert	16
the situation	16
10 00	16
15 of	16
half story	16
trapped raccoon	16
place expired	16
11 year	16
it said	16
checking 10-4	16
10-12 10-12	16
25 will	16
low hanging	16
i'm 108	16
here while	16
franklin 1	16
02 19	16
only 1	16
10 sixteens	16
plus 1	16
nissan 4	16
door expires	16
hyundai 4	16
nissan pathfinder	16
104 i'm	16
1 16	16
there's 1	16
hurd in	16
16 o	16
000 000	16
12 o	16
it forward	16
for its	16
world class	16
oh my	15
you what	15
if a	15
she's fine	15
us if	15
up this	15
but this	15
he's supposed	15
the freeway	15
a road	15
she's being	15
1 12	15
the ones	15
wagon black	15
copy at	15
williams out	15
the valid	15
original charges	15
180 brown	15
two more	15
okay just	15
good i'm	15
1 or	15
plates expire	15
5 traffic	15
right around	15
more at	15
29 what's	15
22 dl	15
20 on	15
white mazda	15
before he	15
and 29th	15
are checking	15
manager at	15
female calling	15
no odor	15
or any	15
nothing shown	15
or can	15
dog that's	15
i actually	15
i appreciate	15
good for	15
for parties	15
noise complaint	15
currently at	15
gonna do	15
bank for	15
left westbound	15
day's end	15
goa 10-8	15
removed the	15
vehicle or	15
home from	15
blue subaru	15
23 disregard	15
his truck	15
tell if	15
be victor	15
to drink	15
him as	15
dark clothing	15
north 14600	15
a last	15
going southbound	15
light and	15
male walked	15
hoodie with	15
half hour	15
that black	15
unit 4	15
just out	15
a meeting	15
charles detroit	15
back it's	15
yet but	15
told the	15
at 17	15
217 i'll	15
10-4 23	15
the other's	15
texas listing	15
choosing route	15
tom ida	15
during the	15
they put	15
warren medic	15
enter the	15
and hurt	15
driving under	15
line at	15
be utl	15
117th i'm	15
pier w	15
117 on	15
11706 clifton	15
madison henry	15
be sam	15
their city	15
209 i'll	15
car there	15
you already	15
be home	15
actually just	15
you so	15
running a	15
he's being	15
audible alarm	15
off we'll	15
17 copies	15
not allowed	15
responding for	15
both cars	15
we'll keep	15
not supposed	15
stated he	15
wants the	15
that works	15
me he	15
health center	15
he's okay	15
complaintant said	15
10-4 10-8	15
14740 lakewood	15
no problems	15
not busy	15
an engine	15
me too	15
he comes	15
at medic	15
a hook	15
a 90	15
not start	15
of shaker	15
windows and	15
mail was	15
to clarify	15
a citation	15
doesn't see	15
just added	15
16900 detroit	15
both advised	15
just some	15
also got	15
now trying	15
did say	15
between franklin	15
robin for	15
have officers	15
my vehicle	15
also here	15
warren detroit	15
you down	15
219 we're	15
me about	15
franklin just	15
up i'll	15
suv and	15
for truck	15
know i'll	15
off i'm	15
owner he's	15
care center	15
i'll leave	15
wrong with	15
that no	15
which apartment	15
the 7th	15
the alarm's	15
and looks	15
me what	15
barking for	15
lost her	15
uber driver	15
valid break	15
and thinks	15
done with	15
plates expired	15
and refusing	15
was missing	15
went through	15
a window	15
vehicle hit	15
owner if	15
detroit st	15
the flight	15
she denied	15
that white	15
205 to	15
i forgot	15
i'm like	15
at 2012	15
him or	15
associated with	15
clifton i'm	15
from yesterday	15
black black	15
telephone pole	15
cleaned up	15
of unit	15
evaluated refused	15
move to	15
westwood and	15
be goa	15
10-4 3	15
on station	15
detroit spring	15
24 10-8	15
be george	15
was some	15
checked for	15
where i'm	15
a baseball	15
was his	15
detroit employee	15
think there's	15
nissan 4-door	15
apartment she	15
wants us	15
stop the	15
still working	15
door open	15
added it	15
was only	15
move in	15
a suspended	15
paul nora	15
license is	15
follow-up on	15
3 that	15
motion and	15
locked himself	15
himself out	15
him of	15
already have	15
station i'll	15
we're having	15
the 4	15
adam mike	15
the customer	15
last thing	15
angle parking	15
are advised	15
on i'll	15
no music	15
he wanted	15
right across	15
the attorney	15
the crosswalk	15
upstairs neighbor	15
two vehicles	15
send her	15
from nicholson	15
i'm having	15
advised there	15
a stall	15
of bedford	15
improper handling	15
car he's	15
to 18	15
nothing came	15
wants a	15
reaction to	15
plate king	15
a suspect	15
at americanexpress	15
americanexpress com	15
3's are	15
sam robert	15
notice was	15
of avon	15
the year	15
likes to	15
19 that	15
garage door	15
walking southbound	15
female needs	15
think so	15
to 117th	15
have me	15
one you	15
eastbound in	15
moving forward	15
15 franklin	15
harry buffalo	15
yeah can	15
union nora	15
no active	15
is cleveland	15
10-7 ending	15
just turned	15
else in	15
up blood	15
abuse drugs	15
and come	15
10-4 9	15
brought down	15
apartment 1001	15
george ocean	15
10 with	15
has command	15
quiet in	15
clifton manor	15
the westbound	15
was asking	15
she refused	15
it did	15
maybe you	15
stop is	15
still no	15
i lost	15
give that	15
for possible	15
about 4	15
one house	15
1 south	15
resident of	15
george ida	15
keep trying	15
think this	15
months ago	15
you here	15
backed into	15
number one	15
adam yesterday	15
me i'll	15
from medical	15
were all	15
riverside in	15
me see	15
was concerned	15
and as	15
lincoln king	15
dispatch mack	15
tree in	15
put her	15
lot they	15
expires in	15
car has	15
welcome to	15
she seems	15
be working	15
key for	15
no record	15
ohio id	15
after that	15
at lunch	15
are parked	15
he's outside	15
very weak	15
clear i	15
cove king	15
the workers	15
onto the	15
treatment and	15
in right	15
a holder	15
no luck	15
15527 madison	15
dispatch minute	15
205 copy	15
find them	15
will go	15
time but	15
going inside	15
car i'm	15
apartment is	15
he's driving	15
mckinley south	15
been drinking	15
mobile crisis	15
9 we	15
city of	15
you're coming	15
message on	15
from all	15
free up	15
respond here	15
people and	15
cleveland 26	15
walking and	15
line of	15
west virginia	15
ridgewood apartment	15
parked and	15
our complainant	15
i updated	15
put that	15
want another	15
18 on	15
regarding a	15
make this	15
women's pavilion	15
them over	15
apartment 924	15
calmed down	15
behind her	15
number that	15
officer is	15
burnt food	15
lakewood cliffs	15
sitting there	15
just saying	15
a 15	15
do want	15
laura hudson	15
of 95	15
me get	15
i'll stop	15
and clearance	15
you about	15
1392 webb	15
her residence	15
threw a	15
for 12	15
jail to	15
street to	15
released on	15
the shoreham	15
that their	15
her legs	15
all we	15
his residence	15
of 99	15
walking away	15
been trespassed	15
out it's	15
there they're	15
msrp plus	15
9 apr	15
apr for	15
36 months	15
months on	15
gmc we	15
are professional	15
professional grade	15
grade with	15
must finance	15
signing offer	15
offer applies	15
applies to	15
to select	15
select stock	15
stock numbers	15
having problems	15
lot now	15
turned it	15
you turn	15
see i	15
road with	15
may go	15
mother and	15
just wait	15
black hair	15
king and	15
probably the	15
a contact	15
12 go	15
not but	15
last number	15
use of	15
one can	15
shows it's	15
lot i'm	15
i'm behind	15
i'm saying	15
traffic i	15
1 that's	15
gas and	15
pink shirt	15
here there's	15
going with	15
back again	15
cars if	15
door that	15
other calls	15
open line	15
address at	15
come here	15
lot i	15
to downstairs	15
slumped over	15
117 the	15
resident here	15
where she's	15
your list	15
to serve	15
weak and	15
her room	15
cut the	15
please thank	15
14725 detroit	15
caller say	15
engines 2	15
set we	15
a 57	15
the huntington	15
parking violations	15
adam 6	15
can still	15
his own	15
the source	15
72 i'll	15
female feeling	15
with edward	15
a 7	15
to north	15
club apartments	15
or did	15
jeep renegade	15
whenever you're	15
broken into	15
king young	15
a missing	15
of mcdonald's	15
removed from	15
blue eyes	15
far from	15
that looks	15
4 go	15
anywhere else	15
for and	15
29 if	15
a snow	15
on another	15
said no	15
male prisoner	15
1 19	15
not blocking	15
separated for	15
he's actually	15
shirt with	15
behalf of	15
cut it	15
and does	15
to another	15
19 there's	15
three's en	15
to marine	15
there's still	15
someone just	15
charles for	15
keys to	15
gmc acadia	15
said in	15
220 10-7	15
19th and	15
car it's	15
library 15425	15
yeah she	15
show the	15
we added	15
skate park	15
detail for	15
the ticket	15
and mars	15
vehicle we	15
alarm off	15
he asked	15
that's supposed	15
stop him	15
door motion	15
off ramp	15
disregard medic	15
and fell	15
that's our	15
and 206	15
david 4	15
and stuff	15
lobby for	15
stop with	15
down medic	15
go around	15
cross on	15
38 copy	15
12047 lake	15
wyandotte for	15
the outside	15
107 at	15
7 copy	15
just gave	15
3 we'll	15
11 1	15
number 202	15
be 20	15
89 year	15
vehicle they	15
out 1	15
engine 1	15
73 can	15
i send	15
and or	15
him about	15
still inside	15
valley parkway	15
complainant at	15
see or	15
richland cafe	15
further info	15
at athens	15
4 year	15
it 10-4	15
3 down	15
wanna give	15
by now	15
be easier	15
a 2004	15
sleeping on	15
headed towards	15
17th just	15
to cad	15
claims that	15
called that	15
on cleveland	15
most of	15
route copy	15
15424 detroit	15
no thank	15
and wyandotte	15
confirm it	15
setting off	15
4 11	15
14 o'clock	15
foot 2	15
with free	15
a obt	15
17 or	15
10 20	15
02 10	15
1 pickup	15
birth 09	15
'19 70	15
at 08	15
said 1	15
2 28	15
be connect	15
vehicle must	15
king walter	15
plate's gonna	15
9 10	15
02 25	15
h t	15
on 107	15
alarm 1	15
'20 5	15
medic 30	15
3 17	15
'20 '6	15
02 12	15
be 6	15
dear visitors	15
visitors thanks	15
for spending	15
spending time	15
600 000	15
000 a	15
for creating	15
creating countless	15
countless new	15
new memories	15
memories here	15
while supporting	15
supporting 16	15
000 local	15
local jobs	15
jobs for	15
our friends	15
friends families	15
families and	15
neighbors 14	15
14 700	15
700 000	15
000 of	15
visit omaha	15
omaha each	15
each year	15
its 1	15
in 1000000	15
1000000 charms	15
charms unique	15
unique neighborhoods	15
neighborhoods world	15
class zoo	15
zoo distinct	15
distinct venues	15
venues menus	15
menus and	15
don't just	15
just pay	15
pay us	15
visit you	15
you pay	15
forward so	15
so thank	15
you visitors	15
visitors sincerely	15
sincerely omaha	15
into lakewood	14
the armory	14
if anyone's	14
guys get	14
for info	14
217 traffic	14
which one	14
franklin 117	14
number when	14
1 george	14
10-4 27	14
anyone in	14
male calling	14
worry about	14
copy please	14
with 17	14
be sitting	14
name henry	14
all those	14
description again	14
cleveland so	14
is highly	14
police assistance	14
2 sides	14
couple weeks	14
to lincoln	14
just there	14
for drugs	14
calling it	14
said if	14
need some	14
229 traffic	14
4 on	14
218 i	14
adult please	14
some options	14
an elevator	14
will continue	14
franklin in	14
at o'neill	14
9 117	14
by their	14
there shortly	14
the day's	14
nissan sentra	14
on marlowe	14
over an	14
cleveland to	14
cat number	14
a park	14
detector sounding	14
said on	14
copy 13	14
for 18	14
ida victor	14
detroit henry	14
i'm finished	14
15 copies	14
sure of	14
his license	14
to court	14
using a	14
gave him	14
somewhere on	14
could speak	14
117 i'm	14
was her	14
on elmwood	14
in touch	14
i'm listening	14
caller just	14
be wearing	14
the gate	14
a backdoor	14
to secure	14
and were	14
all night	14
calling on	14
29 deal	14
female 5'4	14
stall if	14
a trouble	14
please have	14
male outside	14
not showing	14
29 that's	14
29 117	14
there's about	14
johnson out	14
female will	14
13 clifton	14
following the	14
please just	14
text messages	14
and 23	14
203 to	14
home we'll	14
1242 cove	14
home for	14
go off	14
9 at	14
officers en	14
and 10-8	14
more cars	14
he looks	14
male 5'6	14
calling about	14
incident that	14
minute to	14
spoken to	14
broke into	14
are any	14
any damage	14
suv that	14
10-4 no	14
are being	14
in south	14
4-door black	14
of 85	14
and unable	14
all he	14
residence and	14
10-4 2	14
a social	14
track 1	14
the problem	14
florida plate	14
mva at	14
did we	14
to switch	14
have pd	14
this place	14
calls there's	14
case we	14
smoke coming	14
disregard from	14
72 to	14
said we	14
and returning	14
most likely	14
detroit we	14
yeah we'll	14
18 10-4	14
alright it's	14
at lakeshore	14
added that	14
went there	14
stolen out	14
left his	14
the lift	14
portion of	14
physically fighting	14
he's unsure	14
they're now	14
17 he's	14
of truck	14
this building	14
2 there's	14
he's fine	14
get with	14
an area	14
yes and	14
clear up	14
her own	14
everything was	14
house he	14
he hung	14
be him	14
tom paul	14
3 mag	14
so on	14
21 10-7	14
copies dispatch	14
white dodge	14
head east	14
minutes now	14
just screaming	14
him through	14
21 we'll	14
victoria and	14
silver suv	14
his right	14
6 on	14
now thank	14
black mazda	14
copy 14	14
their house	14
i'll also	14
in fact	14
keep going	14
and westwood	14
208 i'll	14
that unit	14
no response	14
than the	14
hilliard on	14
13 10-4	14
ian holdings	14
apartment 305	14
park a	14
is blocking	14
been barking	14
as before	14
answer to	14
copy 25	14
arthur medic	14
1's are	14
a burglar	14
4 from	14
running out	14
of st	14
saying the	14
these two	14
police officer	14
arrival car	14
for damage	14
foot and	14
in when	14
3 responds	14
this side	14
listed on	14
him since	14
it when	14
the ymca	14
14814 clifton	14
200 black	14
check near	14
a telephone	14
old he's	14
on us	14
a fever	14
because we	14
22 the	14
on atkins	14
with new	14
the bartender	14
door but	14
we talked	14
out medic	14
them i'm	14
no plates	14
webb with	14
10-4 did	14
disturbance and	14
go 24	14
advise you	14
switching over	14
ended up	14
just advise	14
her off	14
young john	14
car no	14
paraphernalia and	14
females in	14
sam paul	14
seen the	14
in check	14
does show	14
indiana plate	14
vehicle from	14
her neighbors	14
at 1277	14
her i'm	14
briefly detained	14
suspended has	14
edwards with	14
the alpha	14
vin please	14
there's somebody	14
west to	14
detroit warren	14
heights king	14
205 we	14
attorney general	14
a response	14
building in	14
hours ago	14
7 we're	14
9 is	14
name i	14
either of	14
there please	14
brake for	14
ocean ocean	14
they're probably	14
squad this	14
got 2	14
hispanic female	14
very confused	14
several times	14
he's talking	14
learn more	14
blue jeep	14
back now	14
david john	14
until they	14
on parole	14
union tom	14
pennsylvania plate	14
be attending	14
a 33	14
near mckinley	14
8 en	14
in lane	14
at 90	14
we're stopped	14
sure i'm	14
off from	14
ramp to	14
on is	14
north room	14
they're coming	14
give this	14
14 year	14
there also	14
19 he's	14
nora ida	14
they'll call	14
believe they	14
went eastbound	14
look around	14
based on	14
29 from	14
7 is	14
said he'd	14
chance can	14
try a	14
he's concerned	14
be 2	14
phone they	14
and asked	14
chrysler 300	14
looking in	14
closer could	14
left of	14
bed bugs	14
heights on	14
and ask	14
the daughter's	14
black dodge	14
way the	14
response to	14
calls on	14
caller he	14
car parked	14
hour is	14
to exchange	14
on just	14
vehicle's been	14
pickup on	14
quick and	14
squad at	14
got back	14
days in	14
brook park	14
yourself off	14
was outside	14
she say	14
say what	14
has moved	14
moved i'll	14
service lpd	14
the social	14
and western	14
you called	14
out you	14
the imperial	14
plate i	14
not cycling	14
breaking up	14
3 station	14
in i'll	14
with caution	14
cad for	14
222 i'll	14
then if	14
the speedway	14
one and	14
print this	14
mary george	14
coming for	14
lake from	14
unless there's	14
copy lincoln	14
so can	14
warrant in	14
plate john	14
random registration	14
way in	14
to search	14
area she	14
stand up	14
the screen	14
worried that	14
8 on	14
and frank	14
the gray	14
an update	14
heard in	14
it there's	14
violation of	14
a local	14
of lorain	14
made entry	14
bit closer	14
27 traffic	14
13 franklin	14
13 we	14
id is	14
driver for	14
you outside	14
is about	14
going westbound	14
license valid	14
that's down	14
she'll meet	14
scene to	14
for property	14
to 6	14
difficulty walking	14
them but	14
clifton there's	14
number here	14
say where	14
the registration	14
call we	14
detroit arthur	14
check there	14
a 67	14
from newman	14
case you	14
6 you	14
now is	14
dangerous drugs	14
a 23	14
17 if	14
photos of	14
emergency room	14
silver kia	14
a station	14
really quick	14
of 94	14
a 59	14
report and	14
if so	14
female outside	14
detroit 10-4	14
queen young	14
on closer	14
madison woodward	14
of illinois	14
haven't been	14
lincoln tom	14
that's your	14
madison now	14
requesting no	14
you both	14
me 21	14
madison warren	14
male starting	14
park at	14
can actually	14
the giant	14
that goes	14
medical pendant	14
there'll be	14
room please	14
attention companies	14
ridgewood for	14
we going	14
complainant's in	14
flagged me	14
us 10-8	14
is utl	14
negative results	14
to those	14
radio cut	14
answering her	14
north or	14
cuff her	14
conditions are	14
a 68	14
alarm system	14
not like	14
she keeps	14
we're unable	14
turning around	14
for 5	14
william adam	14
a 9	14
22 madison	14
occupants are	14
offense out	14
the take	14
of california	14
road i	14
8 at	14
river medic	14
12 we're	14
where was	14
be our	14
walking out	14
no i'll	14
somebody to	14
yes the	14
to 202	14
15 what's	14
the map	14
homeless male	14
started 10-8	14
be stopped	14
nick david	14
was waiting	14
silver honda	14
deal for	14
here real	14
stall ending	14
partner is	14
as she	14
the drive-thru	14
construction crew	14
scene this	14
a first	14
female calls	14
fire department's	14
1 when	14
throughout the	14
a residence	14
apartment complex	14
or an	14
a company	14
2 b	14
accessible i'll	14
not show	14
investigate all	14
send engine	14
the trip	14
resident that	14
14718 madison	14
to track	14
26 27	14
jacket black	14
doing it	14
edward king	14
started i'll	14
cars you	14
and harassing	14
with its	14
phone line	14
license was	14
was upset	14
way too	14
valid temp	14
assist with	14
copies i'll	14
the children	14
got no	14
sent the	14
cars just	14
this party	14
down now	14
street the	14
something else	14
of 88	14
all out	14
you contact	14
number but	14
a 60	14
just off	14
they wanted	14
15 for	14
deal to	14
it's fine	14
is moving	14
we believe	14
cancel that	14
john boyd	14
2010 ford	14
that says	14
george nora	14
we'll meet	14
zone 1	14
drive for	14
think i'll	14
it's also	14
number 14	14
lock out	14
is 10	14
male went	14
confirm with	14
that's blocking	14
driveway the	14
playing loud	14
up he	14
property owner	14
when that	14
2 door	14
of 23	14
somewhere else	14
probably about	14
male saying	14
male she	14
what's that	14
plate please	14
and found	14
it through	14
out into	14
on callback	14
crossing guard	14
transport 1	14
in both	14
lane for	14
guys the	14
owner on	14
not injured	14
giving the	14
3 could	14
hair and	14
14 disregard	14
2 they're	14
number was	14
pull it	14
the windshield	14
parked vehicle	14
william nora	14
x-ray george	14
truck expires	14
top and	14
is like	14
the stairwell	14
athens the	14
lincoln for	14
27 go	14
in but	14
william edward	14
walk in	14
lakewood 1	14
90 year	14
gray hyundai	14
19 it's	14
apartment 31	14
this door	14
fell down	14
10 can	14
the skate	14
frank john	14
locate that	14
create a	14
her warrant	14
14800 madison	14
plate that's	14
some paperwork	14
marlowe for	14
could probably	14
corner 18616	14
medic unit	14
southwest corner	14
copy 15	14
to provide	14
1 000	14
the 7	14
with long	14
go inside	14
checking to	14
14530 clifton	14
a baby	14
the serial	14
73 i'll	14
a weapon	14
2 year	14
our car	14
caller on	14
her he	14
injuries 1	14
the base	14
southeast corner	14
73 i	14
other and	14
is transported	14
you stand	14
no shoes	14
i take	14
brown id	14
number 306	14
detroit so	14
for 14	14
himself in	14
metro parks	14
saw her	14
okay for	14
the all	14
tree on	14
detroit he's	14
male call	14
vehicle it	14
the kid	14
and like	14
is copy	14
needed to	14
eta is	14
detroit check	14
black truck	14
shows up	14
mckinley bridge	14
with victor	14
hooded sweatshirt	14
a 58	14
sorry that	14
reunited with	14
tow it	14
green shirt	14
1 she	14
here 10-4	14
were not	14
16414 madison	14
prices exclusions	14
exclusions apply	14
patrol at	14
ahead it	14
robert zebra	14
route 10-4	14
212 are	14
the grass	14
to 14300	14
deli and	14
robert 1	14
you spoke	14
2117 glenbury	14
kufner's go	14
a 186-30-60	14
10 more	14
10 19	14
3 take	14
engine 20	14
in saint	14
ballad no	14
10 1	14
in 01	14
104 it's	14
5 20	14
17 108	14
birth 12	14
medic three's	14
birth 01	14
10 '8	14
0 out	14
detroit saint	14
next vehicle	14
of '26	14
with mister	14
15 name	14
20 '9	14
chevy together	14
together let's	14
let's drive	14
based upon	14
fees and	14
it's very	13
us primary	13
could do	13
17 10-8	13
door it's	13
again i'm	13
this plate	13
like 3	13
clear now	13
are aware	13
road rage	13
just talking	13
lot the	13
left it	13
victor ida	13
the dad	13
victor paul	13
the spot	13
have all	13
for larceny	13
22 10-7	13
a michael	13
way i	13
two cars	13
giving them	13
resisting arrest	13
or west	13
him we're	13
lot so	13
10-7 stall	13
copies you	13
and assist	13
the oven	13
on code	13
warren north	13
to clean	13
up we're	13
couple parties	13
she's off	13
also at	13
will give	13
last six	13
try again	13
we're clearing	13
lot by	13
taking her	13
be from	13
the southbound	13
lane is	13
mary x-ray	13
driver to	13
city 10-8	13
they heard	13
still waiting	13
he gets	13
park i'll	13
the ceiling	13
said an	13
3 1346	13
she attempts	13
garage and	13
an ovt	13
be detroit	13
it there	13
scene copy	13
copy he	13
1631 newman	13
i'm late	13
south marshall	13
was taking	13
disregard she	13
the no	13
juvenile female	13
actually in	13
with 22	13
i'm walking	13
mr hero	13
not desire	13
there earlier	13
fine i	13
you're calling	13
1 lakewood	13
10-4 go	13
13 deal	13
220 can	13
union mike	13
trouble call	13
the odor	13
ida william	13
it too	13
not that	13
a team	13
a regular	13
i'll return	13
between two	13
1 okay	13
1337 kenilworth	13
a hit-skip	13
has his	13
ford 4-door	13
edward william	13
dispatch i	13
call can	13
we're the	13
carbon monoxide	13
henry boy	13
alarm from	13
3 disregard	13
just walking	13
disregard i'll	13
them he	13
they're right	13
11 did	13
on 911	13
sending you	13
desire prosecution	13
was detained	13
also add	13
agent 2	13
female call	13
10-4 there's	13
mary young	13
10-7 copy	13
13 117	13
we tried	13
202 i'm	13
be moving	13
3 year	13
union charlie	13
grand cherokee	13
still with	13
15412 detroit	13
home depot	13
sam nora	13
somebody on	13
pressed her	13
the glen	13
ambulance for	13
when he's	13
move his	13
boy boy	13
i won't	13
home but	13
25 we	13
they couldn't	13
sure everything's	13
out he	13
for either	13
no cars	13
she's complaining	13
a garbage	13
queen henry	13
he possibly	13
but his	13
g o	13
male found	13
unsure of	13
i'm doing	13
of 89	13
her first	13
union x-ray	13
they're looking	13
involving a	13
transporting that	13
sam adams	13
george paul	13
route lakewood	13
of 2001	13
ahead 10-8	13
did have	13
been turned	13
been vomiting	13
this property	13
21 10-4	13
stole some	13
hey you	13
handle this	13
walking northbound	13
don't mind	13
this detail	13
was following	13
when it	13
we took	13
door with	13
he's an	13
they call	13
you're right	13
drive to	13
sitting out	13
see what's	13
26 go	13
henry david	13
of anyone	13
checks ok	13
15 clifton	13
my complaint	13
door was	13
his roommate	13
it they	13
yeah he	13
nothing was	13
into this	13
robert william	13
16 detroit	13
medical assistance	13
victor victor	13
victor boyd	13
detroit go	13
them she	13
madison car	13
228 lunch	13
franklin i'm	13
give an	13
dog complaint	13
through florida	13
number it	13
david henry	13
an owner	13
stay away	13
from each	13
228 and	13
way you	13
215 are	13
the up	13
26 are	13
the exact	13
i'm clearing	13
gained id	13
michigan listing	13
i'm closing	13
just didn't	13
out checking	13
believe i	13
see how	13
detroit manor	13
to squad	13
not running	13
a theft	13
out what's	13
phone said	13
cleveland said	13
at my	13
them please	13
passing out	13
nora sam	13
multiple 10-16s	13
queen zebra	13
224 can	13
of like	13
was king	13
211 10-8	13
say you're	13
a question	13
the elderly	13
he locked	13
is michael	13
there since	13
ds attached	13
clean up	13
is adam	13
minute delay	13
this evening	13
license number	13
i'll advise	13
noticed that	13
civil issue	13
issue between	13
general this	13
for maintenance	13
to city	13
26 we're	13
sorry what's	13
cross street	13
status shows	13
and look	13
7 10	13
we're right	13
listed to	13
well for	13
sure i'll	13
times 2	13
hyundai santa	13
and myself	13
came through	13
from back	13
staying there	13
220 i'll	13
her last	13
apartment the	13
get ready	13
that an	13
station is	13
text message	13
and name	13
info and	13
is walking	13
keep the	13
hear what	13
i'm available	13
silver nissan	13
28 lunch	13
his son	13
driver can	13
a pennsylvania	13
bunts king	13
red kia	13
he in	13
just stopped	13
him they	13
could come	13
getting off	13
while i	13
don't believe	13
file please	13
was getting	13
truck just	13
river and	13
queen victor	13
white nissan	13
queen king	13
vin on	13
up or	13
check madison	13
25 clifton	13
yeah this	13
15 20	13
with dealer	13
16 10-4	13
owner called	13
a building	13
westwood for	13
arthur with	13
alarm car	13
denied any	13
she's actually	13
dodge charger	13
be looking	13
10 medic	13
the in	13
madison west	13
1 a	13
sending a	13
it'd be	13
was pulling	13
added i'll	13
lake just	13
west shore	13
shore apartments	13
sure how	13
too i'm	13
address please	13
the 2015	13
3 just	13
roads are	13
lincoln 1	13
negative i'm	13
10 you	13
have anyone	13
21 go	13
he refused	13
door he	13
nick last	13
boy lincoln	13
service truck	13
good one	13
the common	13
a ladder	13
a minor	13
cut yourself	13
an extra	13
break in	13
a sedan	13
driveway on	13
standing on	13
was from	13
the i'll	13
29 do	13
car into	13
you is	13
10 year	13
avon lake	13
squad and	13
coutant and	13
tom frank	13
coat and	13
been running	13
madison arthur	13
can back	13
24 madison	13
of harming	13
set copy	13
save on	13
to fedor	13
running in	13
i'm familiar	13
black mercedes	13
at an	13
to mckinley	13
moved in	13
the order	13
2012 toyota	13
blocking a	13
a 55	13
him said	13
of arizona	13
alameda and	13
that's her	13
back i'll	13
delivery driver	13
mayfield heights	13
head west	13
plates and	13
franklin newman	13
and off	13
now has	13
the food	13
in 24	13
here they're	13
from mckinley	13
hospital we'll	13
as possible	13
over i	13
to belle	13
do me	13
female black	13
escape risk	13
parking complaints	13
you're talking	13
there an	13
lincoln john	13
mike zebra	13
injury to	13
14115 detroit	13
the opposite	13
notify cei	13
room 116	13
red suv	13
edgewater on	13
other is	13
okay no	13
note in	13
just adding	13
of 87	13
from now	13
located in	13
2013 ford	13
and cordova	13
park near	13
a side	13
and locate	13
that may	13
you'd like	13
all his	13
yelling in	13
plate if	13
that copy	13
it had	13
seem to	13
call she	13
name john	13
actually disregard	13
started a	13
residents in	13
and robinwood	13
park i'm	13
henry yesterday	13
him here	13
arrival she	13
about two	13
and alert	13
10-4 they	13
both have	13
ending is	13
change of	13
owner for	13
lot just	13
can grab	13
around at	13
do so	13
he's down	13
and 6	13
report a	13
please stand	13
door there	13
fee due	13
i went	13
is okay	13
and donald	13
her her	13
to parking	13
pool area	13
no contact	13
looks to	13
10-4 8	13
the booking	13
he's off	13
to identify	13
back we'll	13
saying they	13
sam date	13
okay now	13
to tow	13
noise was	13
assist him	13
the interior	13
garbage can	13
minutes in	13
what they're	13
pull into	13
the 2017	13
up so	13
anybody in	13
cars up	13
207 can	13
and bring	13
house i	13
you're en	13
the steps	13
to watch	13
19 did	13
been sitting	13
drive through	13
be great	13
red ford	13
quiet upon	13
facing the	13
this up	13
correction on	13
standby on	13
edgewater in	13
fell outside	13
a route	13
westerly building	13
alert and	13
and conscious	13
his driver's	13
2 dispatch	13
ground and	13
currently on	13
okay car	13
hurd with	13
pick them	13
guys on	13
not just	13
just at	13
madison avenue	13
by an	13
and phone	13
citizens bank	13
and water	13
copies direct	13
what's her	13
know she	13
we gave	13
madison westwood	13
calling and	13
detroit waterbury	13
line that	13
male advised	13
probably a	13
there anyone	13
smith and	13
it's medic	13
are up	13
what to	13
for dispatch	13
her heart	13
call of	13
no deal	13
may need	13
for resisting	13
head in	13
to giant	13
mary king	13
is standing	13
at east	13
over his	13
said i'll	13
vehicle out	13
been cleared	13
robert last	13
hour on	13
and hung	13
carbon king	13
a robert	13
giving you	13
a blood	13
alarm the	13
x-ray john	13
is yelling	13
after a	13
frank henry	13
his chest	13
someone that	13
back said	13
in charge	13
red vehicle	13
clarence and	13
service refusal	13
daughter was	13
be also	13
gonna let	13
probably disregard	13
male gray	13
copy what's	13
just passing	13
blocking her	13
clover and	13
white hyundai	13
that owner	13
out can	13
walgreens 117th	13
4 if	13
around it	13
kufner's to	13
david paul	13
to beach	13
in like	13
number 105	13
hospital with	13
door so	13
i'll respond	13
squad respond	13
phone can	13
advised she's	13
calls from	13
a notification	13
at edgewater	13
dl i	13
female saying	13
in 7	13
to himself	13
scene staging	13
contact us	13
unit that	13
guys a	13
down we	13
an 18	13
there's something	13
guess she	13
but when	13
dog barking	13
a flush	13
backed up	13
the nurse	13
charles king	13
cleveland 2014	13
on what	13
heart is	13
this email	13
into cleveland	13
and spring	13
with 19	13
was right	13
also responding	13
the hydrant	13
female he	13
staging on	13
the southwesterly	13
the community	13
on lauderdale	13
is nothing	13
time in	13
madison waterbury	13
office king	13
wait to	13
young lincoln	13
man was	13
you went	13
there code	13
coutant with	13
wanted him	13
of woodward	13
disregard and	13
room 124	13
wandering around	13
houses south	13
is 12	13
pictures of	13
12020 lake	13
adam charlie	13
charlie charlie	13
car it	13
note and	13
70 can	13
for ccw	13
we're walking	13
to 70	13
advised it	13
can pull	13
start responding	13
jail medic	13
him by	13
could find	13
mary frank	13
atkins for	13
they see	13
river pd	13
going straight	13
apartment 210	13
212 copy	13
walgreens lot	13
took his	13
car just	13
responding with	13
a faulty	13
a bench	13
heights blvd	13
a 64	13
1 oak	13
kids that	13
tree line	13
color of	13
8 if	13
making sure	13
open a	13
holding a	13
night he	13
address they	13
two black	13
the flying	13
with 9	13
room with	13
going into	13
and they've	13
having shortness	13
put on	13
walgreens for	13
something burning	13
sir you	13
14 at	13
jail and	13
and can't	13
us we're	13
15 1	13
because he's	13
on hopkins	13
madison is	13
had been	13
medic and	13
and 250	13
public works	13
assist them	13
not stopping	13
can talk	13
number you	13
she last	13
17 1	13
an airbnb	13
is 06	13
in david	13
1 we'll	13
we're investigating	13
complainant would	13
parties that	13
could possibly	13
224 i	13
phone she's	13
bridge for	13
sent out	13
19 2	13
were they	13
edward mary	13
maybe just	13
and 02	13
15311 detroit	13
show both	13
she's refusing	13
expires june	13
the structure	13
apartment 1446	13
7 are	13
actually a	13
staying in	13
212 copies	13
ahead george	13
well 10-4	13
7 10-4	13
the solstice	13
ahead is	13
ahead yeah	13
212 go	13
edward boy	13
for public	13
to save	13
got flagged	13
shirt is	13
gray sweatpants	13
madison it's	13
manager there	13
grad party	13
by mckinley	13
engine all	13
20 50	13
o 8	13
almost set	13
male 06	13
in serve	13
on 100	13
100 and	13
20 hour	13
2 more	13
dispatch departure	13
1 18	13
copy 107108	13
victor 1	13
queen 6	13
last 1	13
1 marlowe	13
1 45	13
5 dl	13
20 fifth	13
is 01	13
and t	13
'20 8	13
wanna speak	13
up let	13
need in	13
stop order	13
information today	13
at woodhouse	13
gmc right	13
sierra 1	13
acadia woodhouse	13
free credit	13
credit or	13
or selling	13
selling trading	13
2012 or	13
vehicle 299	13
299 document	13
document do	13
it signing	13
numbers stock	13
number b260294	13
b260294 stock	13
number b260679	13
b260679 offer	13
work wells	13
fargo can	13
park there	12
found his	12
a 32	12
caller come	12
black car	12
took it	12
well he	12
the district	12
13 if	12
a drink	12
threatening her	12
just asking	12
i'll put	12
a suspicious	12
copy so	12
one or	12
a previous	12
10-16s on	12
felonious assault	12
take me	12
the marine	12
a cell	12
bridge and	12
of lorraine	12
bag and	12
just taking	12
showing at	12
go thank	12
follow-up please	12
a special	12
you will	12
east or	12
any signs	12
to double	12
down that	12
or see	12
25 copies	12
side is	12
cable wire	12
cut and	12
of 80	12
add on	12
lincoln the	12
are good	12
into service	12
12951 harlan	12
victor charles	12
hear that	12
right lane	12
berea king	12
have my	12
11 10-8	12
until you	12
you're listening	12
in 117	12
the enterprise	12
the current	12
daughter said	12
delayed by	12
mike george	12
17 clifton	12
radio traffic	12
bank the	12
things differently	12
bank of	12
in by	12
called on	12
he's here	12
complaint of	12
came home	12
hey can	12
on fairview	12
love it	12
number 210	12
kids are	12
mike x-ray	12
is broken	12
of heart	12
up she's	12
the green	12
unresponsive but	12
the streets	12
lincoln 5	12
adam 1	12
2013 chevy	12
rta station	12
black or	12
over that	12
a trespass	12
desire any	12
put his	12
we'll start	12
backdoor alarm	12
and difficulty	12
out over	12
ongoing issues	12
forward this	12
out it	12
cook king	12
175 brown	12
madison mckinley	12
i'm too	12
a 12	12
117th king	12
please change	12
1443 newman	12
access gained	12
line down	12
okay is	12
lakewood number	12
at some	12
know there's	12
can one	12
caller she	12
lake medic	12
can raise	12
from webb	12
comes out	12
i'll find	12
she tried	12
robert mike	12
219 traffic	12
moved prior	12
odor in	12
you by	12
now can	12
you sure	12
not i'll	12
sorry just	12
fairview and	12
could i	12
plaintiff said	12
madison they	12
red nissan	12
to shoot	12
detained and	12
if we're	12
and 17th	12
just turn	12
let's get	12
getting flagged	12
an obg	12
vehicle no	12
taken from	12
has called	12
have eyes	12
make that	12
104 medic	12
and 10-7	12
is cleared	12
being flagged	12
listed address	12
medical button	12
restraining order	12
wants he	12
in snow	12
a jump	12
parking on	12
bottom of	12
door they	12
the belle	12
like someone	12
by employee	12
valley world	12
william george	12
yelling for	12
a 71	12
phone he's	12
fairview for	12
child in	12
detector alarm	12
party on	12
red truck	12
1's responding	12
15322 detroit	12
of somebody	12
so this	12
few weeks	12
this one's	12
the liquid	12
and frye	12
24 same	12
come pick	12
send truck	12
might need	12
they check	12
wine and	12
check our	12
complainant just	12
license and	12
get us	12
what direction	12
you someone	12
guys copy	12
be tom	12
sorry he	12
members of	12
road on	12
locate her	12
sir i	12
and he'll	12
turned the	12
get 20	12
off your	12
walk up	12
out they're	12
911 hang	12
and fry	12
union victor	12
looks okay	12
old suspended	12
or was	12
apartment she's	12
clear we'll	12
what we're	12
4 of	12
who's been	12
is feeling	12
like no	12
was fine	12
lights or	12
or sirens	12
for station	12
taking it	12
her id	12
male you	12
assault and	12
here she's	12
okay 10-8	12
no description	12
there when	12
male here	12
department to	12
221 can	12
to 209	12
kufner's on	12
david queen	12
and started	12
run is	12
8 in	12
of columbus	12
came off	12
charlie edward	12
standing out	12
an 8	12
add notes	12
apartments 12511	12
people arguing	12
oh no	12
of virginia	12
117-01 detroit	12
11 is	12
brookfield manor	12
her over	12
it's unoccupied	12
arriving in	12
just parked	12
going east	12
down we're	12
brown never	12
bed and	12
hazard found	12
female hit	12
1 10-4	12
color and	12
15 do	12
28 10-8	12
kia optima	12
sorry i'll	12
was damaged	12
21 madison	12
i'm warren	12
you he's	12
we're arriving	12
lot next	12
vehicles on	12
seen him	12
keep looking	12
young sam	12
28 are	12
these vehicles	12
and elmwood	12
16 the	12
a rental	12
respond also	12
and archdale	12
is 10-8	12
union zebra	12
24 do	12
young victor	12
we're probably	12
tracks i'll	12
officers out	12
a jail	12
someone stole	12
keep you	12
26 to	12
should we	12
detail that	12
6 can	12
start his	12
of bay	12
have anybody	12
this could	12
3 patient	12
the 24	12
is completely	12
perfect thank	12
back this	12
a 35	12
mom said	12
he made	12
3 feet	12
mini cooper	12
their driveway	12
or out	12
confirm you	12
in she	12
gave the	12
these parking	12
i hit	12
street she	12
1527 west	12
to delaware	12
was arrested	12
the 5	12
franklin i	12
in 20	12
be near	12
saying there's	12
just looking	12
number 24	12
the woodward	12
of 4	12
an exact	12
11 do	12
car you	12
the speed	12
or i	12
at marlowe	12
checking that	12
24 the	12
said now	12
to ian	12
friend that	12
name was	12
the direction	12
a short	12
all going	12
allergic reaction	12
transporting lakewood	12
1510 newman	12
sorry we're	12
the american	12
american express	12
conference please	12
truck was	12
boy union	12
out 24	12
car online	12
still want	12
way we	12
us so	12
drive by	12
transport him	12
she noticed	12
park medic	12
gonna remain	12
5 do	12
2's around	12
is paul	12
station of	12
entrance ramp	12
copy what	12
that driver	12
to crestmont	12
your cell	12
just arrived	12
couldn't see	12
males on	12
options moving	12
a 31	12
for 22	12
has them	12
edward charles	12
copy riverside	12
radio i	12
address but	12
detroit lincoln	12
going west	12
26 in	12
that they've	12
closed from	12
waterford 12500	12
209 10-8	12
owner said	12
get their	12
now from	12
frank young	12
lot right	12
1624 lakeland	12
okay copy	12
said at	12
asked for	12
note we'll	12
come by	12
zebra young	12
property in	12
madison so	12
of nicholson	12
king zebra	12
service on	12
was told	12
service party	12
and gave	12
just double	12
sitting at	12
she's parked	12
of 93	12
his name's	12
lake on	12
1 house	12
walking with	12
have like	12
it's kind	12
find his	12
apartment 1621	12
floor in	12
that's who	12
who the	12
brown jacket	12
laying down	12
way 10-8	12
check 90	12
past few	12
himself and	12
the 24-hour	12
guess he	12
hopkins for	12
our list	12
but breathing	12
on car	12
for nol	12
the 2012	12
locked and	12
location is	12
her welfare	12
tom nora	12
jean jacket	12
ahead to	12
the 21	12
i x	12
white gmc	12
the separate	12
already been	12
a 73	12
i'm now	12
his first	12
confirm those	12
to school	12
at 14401	12
union yesterday	12
she will	12
o'neill health	12
i may	12
its way	12
up you	12
this parking	12
closed in	12
a florida	12
edgewater a	12
the rocky	12
behind me	12
13 it's	12
of belle	12
they agreed	12
the couch	12
can earn	12
we're headed	12
just pull	12
animal control	12
2 listings	12
madison victoria	12
213 i'm	12
detroit an	12
x number	12
9 detroit	12
queen boy	12
the point	12
female lakewood	12
apartment 703	12
me was	12
why he	12
with 18	12
york listing	12
mail on	12
the 2023	12
copy to	12
foot patrol	12
work and	12
in black	12
squad here	12
wrong way	12
up medic	12
1475 warren	12
a i	12
my own	12
good work	12
they're en	12
and henry	12
202 you	12
keep me	12
in medic	12
money and	12
reinstate valid	12
a 39	12
you ready	12
belle for	12
the eviction	12
nursing home	12
aware that	12
previous call	12
and stop	12
call they	12
put up	12
without a	12
is 05	12
been staying	12
staying with	12
son was	12
parking ticket	12
the counter	12
mail i	12
17 that	12
down right	12
she's feeling	12
issue is	12
these people	12
the final	12
to uh	12
did this	12
ocean george	12
11 of	12
walgreens 14815	12
be intoxicated	12
has both	12
with tom	12
to step	12
the boss	12
newman number	12
scene standing	12
here are	12
that or	12
that light	12
car 0	12
220 i'm	12
requesting you	12
over for	12
may of	12
was she	12
just showed	12
that's him	12
the marks	12
with somebody	12
to rocky	12
people to	12
a garage	12
he spoke	12
was being	12
13202 hazelwood	12
finding anything	12
and violent	12
accident on	12
fairview we're	12
university heights	12
male i'm	12
way i'm	12
see us	12
up off	12
was doing	12
watch list	12
a 2005	12
let's try	12
4-door gray	12
sure there's	12
tag on	12
unit to	12
or south	12
show a	12
meet them	12
at county	12
parking in	12
but is	12
area there	12
detroit 117th	12
30 of	12
avenue in	12
the medical	12
shows he's	12
104 for	12
apartment 104	12
cycling properly	12
to 28	12
they tried	12
injuries one	12
205 205	12
black clothing	12
2016 chevy	12
her blood	12
wait a	12
i cover	12
13200 madison	12
playing on	12
david george	12
alarm panel	12
smoke on	12
being moved	12
complaint for	12
for being	12
not good	12
description one	12
earlier in	12
employee there	12
stop over	12
10-4 what	12
riding in	12
for just	12
going northbound	12
if somebody	12
the center	12
have here	12
and help	12
his location	12
and respond	12
that information	12
without the	12
get somebody	12
it goes	12
to jump	12
back en	12
didn't give	12
that's an	12
59 copy	12
a service	12
of apartment	12
bring your	12
at drug	12
8 go	12
it's up	12
apartment but	12
and doesn't	12
the damage	12
wrong direction	12
and riverway	12
their cars	12
living there	12
single family	12
lfd is	12
address if	12
exchange information	12
she's claiming	12
lobby of	12
number 17	12
down he's	12
black volkswagen	12
ago he	12
thanks medic	12
do anything	12
the tenant	12
one vehicle	12
stall with	12
it's his	12
maintenance is	12
friend and	12
was very	12
take them	12
couple people	12
back towards	12
a camera	12
call there's	12
we went	12
ford or	12
set to	12
nobody was	12
be towed	12
pulling out	12
any description	12
a 2009	12
p m	12
of station	12
there has	12
to westlake	12
westlake for	12
who's in	12
command all	12
all back	12
being thrown	12
george mary	12
this happened	12
could show	12
1 arriving	12
newman for	12
to arthur	12
listen to	12
fire and	12
light with	12
banner guard	12
lake with	12
not know	12
chase bank	12
coming off	12
219 i	12
companies be	12
any issue	12
with severe	12
already in	12
in over	12
a head	12
service copy	12
lakeland in	12
franklin apartment	12
the charge	12
scene the	12
45 minutes	12
and king	12
cook with	12
live on	12
an alcoholic	12
her nose	12
yeah copy	12
cleveland 24	12
adam 2	12
toyota prius	12
sorry 19	12
206 medic	12
them just	12
over just	12
any smoke	12
of disturbance	12
county and	12
lakewood club	12
car can	12
come around	12
to trespass	12
they're actually	12
has chest	12
the parked	12
out king	12
16803 detroit	12
line is	12
run over	12
friend is	12
alameda medic	12
and robin	12
male half	12
18 go	12
mcdonald's 1430	12
because there	12
me over	12
you're busy	12
they also	12
little girl	12
leave he's	12
three of	12
earlier this	12
time breathing	12
have power	12
13 what's	12
owner they're	12
be assisting	12
211 could	12
was too	12
the starbucks	12
27 are	12
205 for	12
20 26	12
i say	12
vehicle move	12
under disability	12
no good	12
we'd like	12
rock river	12
least one	12
just if	12
turn 4	12
shell gas	12
your vehicle	12
lincoln henry	12
no patient	12
a malfunctioning	12
and where	12
your driver	12
truck companies	12
respond from	12
clear i'll	12
guys just	12
check south	12
checked from	12
and around	12
16 in	12
handle all	12
scene there	12
blue vehicle	12
boy george	12
that vin	12
2 members	12
she ran	12
that man	12
a elderly	12
17 a	12
detroit avenue	12
outside she	12
that group	12
arrival and	12
arguing in	12
madison bunts	12
i'm guessing	12
is checking	12
contact them	12
17 back	12
listed as	12
attention truck	12
tom 6	12
george charlie	12
frank king	12
you generate	12
small child	12
okay well	12
transferring on	12
1 service	12
that doesn't	12
edgewater marine	12
towers east	12
him come	12
henry last	12
you're saying	12
gonna send	12
states she	12
within a	12
take off	12
a 48	12
overlook apartments	12
section of	12
gonna make	12
adding some	12
door we're	12
25 a	12
male standing	12
care 14800	12
you're trying	12
frank william	12
just as	12
2 detroit	12
get 17	12
2008 chevy	12
george 1	12
driveway he	12
floor and	12
2 females	12
company has	12
weapons in	12
the party's	12
stole a	12
arriving lakewood	12
25 in	12
a 54	12
the cleaning	12
a out	12
to stage	12
block in	12
blackbird bakery	12
charlie robert	12
male 1	12
knows that	12
frank ocean	12
the get-go	12
10 at	12
tied up	12
one's around	12
a bicyclist	12
on from	12
leave this	12
apartment 307	12
print out	12
believe they're	12
this residence	12
female are	12
lake county	12
the shop	12
215 10-8	12
driving in	12
saying a	12
mark twain	12
good i	12
the register	12
1415 wyandotte	12
be madison	12
nora mary	12
25 the	12
pajama pants	12
who needs	12
large group	12
mike adam	12
sloan subway	12
of medical	12
3 roger	12
to game	12
clifton 10-4	12
her family	12
some time	12
lakewood avenue	12
power company	12
the lock	12
truck has	12
is asking	12
14 from	12
is leaving	12
were doing	12
property he	12
have in	12
202 medic	12
hill with	12
the dining	12
a protected	12
room 1	12
dog park	12
her so	12
a quiet	12
female so	12
any charges	12
hit skipped	12
no power	12
a flight	12
vehicle as	12
planet fitness	12
yeah just	12
sure they	12
asked to	12
detroit she	12
2 we'll	12
lpd officer	12
dealing with	12
light traffic	12
down but	12
victor nora	12
you okay	12
11800 edgewater	12
left to	12
franklin waterbury	12
or 4	12
medic en	12
frank victor	12
the trenton	12
7 the	12
4 just	12
a dealer	12
again the	12
in dispatch	12
the maintenance	12
possibly on	12
about five	12
this tree	12
wagar park	12
ahead kufner	12
baseball cap	12
blue shorts	12
area i'm	12
was transferred	12
13201 madison	12
10-4 212	12
talk with	12
3 10	12
no additional	12
212 respond	12
road medic	12
address that	12
has expired	12
the baseball	12
his ex	12
also the	12
10 on	12
macy's father's	12
11790 madison	12
federal credit	12
was expired	12
19 19	12
check northbound	12
for 25	12
a 1016	12
continuing westbound	12
stage 1	12
edward 4	12
186-30-60 i've	12
268-7666 268-7666	12
doesn't wanna	12
1 year	12
is 11	12
2 roger	12
2 days	12
just direct	12
cartoon service	12
dispatch man	12
expires 03	12
03 i'll	12
01 16	12
engine medic	12
engine 8	12
mister hurd	12
copy 107	12
it's valid	12
1 80	12
could check-in	12
expiration of	12
last 3	12
104 you	12
mileage 8	12
that 10	12
05 11	12
2 black	12
2 04108	12
the tray	12
the please	12
1 sixteenth	12
all 10	12
medic 12	12
party coming	12
let hy	12
catering take	12
here bakery	12
bakery high	12
high chai	12
chai floral	12
floral deli	12
more everything	12
more departments	12
departments and	12
get 10	12
10 off	12
off terms	12
apply call	12
your hy	12
catering department	12
run payroll	12
in paris	12
11 10-7	11
check i'll	11
vehicle but	11
my god	11
other female	11
told us	11
i looked	11
car but	11
to burger	11
assaulted by	11
rage incident	11
but now	11
utl goa	11
03 22	11
10-16cs on	11
robert queen	11
13 do	11
at you	11
get someone	11
running on	11
riverside apartments	11
anything or	11
28 of	11
were looking	11
her belongings	11
street now	11
we'll send	11
cancel the	11
has her	11
check copy	11
and fairview	11
make your	11
diagnosed with	11
3 cars	11
the squad's	11
stay here	11
close it	11
party and	11
extremely loud	11
dispatch we	11
by one	11
add us	11
we've made	11
disregard i'm	11
not making	11
frank david	11
to 10-8	11
is vacant	11
spelled with	11
division of	11
their respective	11
of future	11
the picture	11
vehicles that	11
car if	11
scene i	11
calling you	11
her boyfriend's	11
it wrong	11
someone might	11
have taken	11
off but	11
copy report	11
from out	11
on these	11
address he	11
what his	11
advised it's	11
nicholson king	11
possible intox	11
east from	11
apartment he	11
detroit bell	11
15 same	11
211 to	11
print the	11
and broke	11
x-ray lincoln	11
stop there	11
go north	11
hoodie on	11
ocean mary	11
of both	11
clearing the	11
it's pretty	11
209 we're	11
bit longer	11
medical one's	11
south westerly	11
complainant to	11
report to	11
she's calling	11
22 at	11
secure the	11
male 5'7	11
traffic out	11
good but	11
getting an	11
mva one	11
i feel	11
hurt his	11
i cut	11
cut you	11
need your	11
right away	11
detroit bunts	11
athens for	11
call said	11
lake erie	11
116th and	11
1622 lakewood	11
in february	11
a temporary	11
nick mike	11
lake female	11
copy another	11
display of	11
a 41	11
been arguing	11
white bmw	11
line with	11
holding for	11
her dad	11
arrival we're	11
on over	11
already called	11
when they're	11
clifton blvd	11
answer any	11
the short	11
1 could	11
house 1480	11
yes we're	11
need more	11
doing the	11
yes yes	11
a cit	11
report it	11
these 1600	11
11 in	11
saying it	11
to door	11
need those	11
located at	11
202 is	11
some kids	11
just standing	11
anything and	11
step out	11
actually i	11
make one	11
there that's	11
his neck	11
respond out	11
to haven	11
detroit park	11
i'll hold	11
his last	11
a restraining	11
warren hilliard	11
number 307	11
testing the	11
she's stuck	11
has fallen	11
9 if	11
neighbor said	11
check her	11
the chair	11
15 in	11
social worker	11
road the	11
copy 117th	11
it's back	11
on 20	11
truck blocking	11
years ago	11
possibly has	11
with florida	11
neighbor at	11
feet of	11
2 what's	11
and told	11
we left	11
code number	11
to id	11
black chrysler	11
structure fire	11
there's smoke	11
start calling	11
saying they're	11
him because	11
than a	11
there's anyone	11
i'm taking	11
from behind	11
117th right	11
ida henry	11
it's hard	11
you because	11
and beer	11
until the	11
giving him	11
me where	11
9 for	11
was goa	11
like his	11
10-7 we're	11
any vehicle	11
males are	11
female down	11
mail at	11
around lakewood	11
please i'll	11
was by	11
your copy	11
3 dispatch	11
subaru impreza	11
they're about	11
any type	11
them as	11
your first	11
from and	11
copy yes	11
have multiple	11
and elber	11
texted her	11
10-7 10-7	11
for disregard	11
our assistance	11
to 2117	11
was arguing	11
he started	11
just kind	11
liquid heights	11
didn't realize	11
off by	11
for calling	11
wearing blue	11
female walking	11
they stated	11
road apartment	11
herself in	11
that correct	11
standby while	11
17920 detroit	11
that sounds	11
like what	11
8 year	11
door handle	11
also head	11
probably be	11
white chrysler	11
packing up	11
gonna see	11
paul mary	11
added we're	11
the walls	11
street a	11
anything out	11
in blue	11
25 do	11
apartment 1145	11
i'll show	11
of pills	11
be adam	11
just ask	11
fairview i	11
truck i	11
ford edge	11
please see	11
he's calling	11
1 he's	11
madison lincoln	11
15 that	11
plate back	11
the trail	11
just calling	11
parties the	11
118th and	11
21 10-8	11
detroit if	11
144-01 detroit	11
mac 3	11
15 please	11
you his	11
yes he	11
herd and	11
abuse instruments	11
24 5	11
that jeep	11
she made	11
calls and	11
kufner's is	11
owner can	11
nicholson for	11
vehicle into	11
copy dl	11
10-8 now	11
exact address	11
several minutes	11
edward x-ray	11
qualified at	11
everything is	11
a david	11
william william	11
to replace	11
baseball hat	11
since the	11
10-4 205	11
run john	11
park complainant	11
numbers i	11
ida young	11
list for	11
read it	11
mcdonald's 16407	11
name paul	11
boy tom	11
we're now	11
16 what's	11
i add	11
are getting	11
morning he	11
lost him	11
20 of	11
notice to	11
parking for	11
entry door	11
than that	11
i arrived	11
he's no	11
22 will	11
drive the	11
21 yes	11
the u	11
verbal disagreement	11
newman with	11
in jail	11
her please	11
ida tom	11
marlowe with	11
and granger	11
call as	11
by i	11
for listening	11
ocean king	11
any phone	11
looking to	11
card to	11
this stop	11
18 traffic	11
turn over	11
arrival there	11
just grab	11
a set	11
point on	11
came on	11
fighting in	11
at one	11
and at	11
the ohio	11
getting any	11
franklin number	11
the sun	11
came and	11
by that	11
nothing like	11
of plates	11
advised if	11
we saw	11
medic please	11
now a	11
michigan dl	11
are down	11
confirmed they	11
this comes	11
jail 12650	11
zone 2	11
south madison	11
severe stomach	11
detroit we're	11
sure that's	11
21 is	11
been dropped	11
victor 8	11
or private	11
how much	11
vehicle should	11
1 there's	11
paul ocean	11
damage on	11
car out	11
lot to	11
like we've	11
226 can	11
and son	11
to 125	11
sign of	11
but a	11
10-7 we'll	11
10-8 we	11
once i	11
for expired	11
screaming in	11
hear him	11
street but	11
she walked	11
i'm there	11
their info	11
just dropped	11
that stop	11
number 520	11
number 11	11
i'm copy	11
number 710	11
4 days	11
for 21	11
copy 21	11
actually at	11
know why	11
david young	11
sorry you're	11
dispatch american	11
water flow	11
i'm sitting	11
driver's seat	11
away and	11
parties have	11
verbal altercation	11
of medicine	11
i'll follow	11
29 he	11
threatening him	11
lake there's	11
gray and	11
at 6	11
the letters	11
to sit	11
sister is	11
service there's	11
29 radio	11
confirmed that	11
lfd at	11
route i	11
we're a	11
314 medic	11
and going	11
211 are	11
black mitsubishi	11
14300 madison	11
it's tom	11
here or	11
history here	11
it's 2	11
nora charlie	11
male brown	11
ran him	11
houston on	11
head this	11
agent 3	11
10-16 fc	11
i come	11
and and	11
us up	11
clearing here	11
female came	11
an ems	11
1 station	11
detroit north	11
x-ray frank	11
who he	11
thing is	11
minor mva	11
wanted her	11
warrensville heights	11
we're calling	11
door or	11
just been	11
park it's	11
of road	11
unknown male	11
number i'll	11
216 i'm	11
15010 madison	11
please get	11
toyota truck	11
checking now	11
25 of	11
run her	11
with truck	11
117 i'll	11
she's getting	11
white or	11
believe you	11
road engine	11
madison east	11
and dark	11
running for	11
riverside west	11
residents there	11
mars in	11
sorry if	11
sorry my	11
wagon plates	11
he's worried	11
transport we're	11
is engine	11
you or	11
on carabel	11
wesley apartment	11
for lakewood	11
someone hit	11
parked out	11
okay do	11
a scooter	11
1 john	11
same time	11
follow me	11
yesterday david	11
clifton webb	11
emergency there	11
silver hyundai	11
detroit she's	11
him madison	11
also called	11
and say	11
didn't find	11
was kind	11
fire station	11
plates king	11
208 can	11
find obt	11
i'll run	11
appears that	11
and use	11
driver he's	11
need her	11
20-8 i'll	11
hasn't seen	11
bed 1	11
working fire	11
3 has	11
okay they're	11
a favor	11
those 2	11
and last	11
vehicle left	11
old white	11
11 dl	11
eviction process	11
at crestmont	11
cove upstairs	11
us outside	11
found some	11
and requesting	11
good good	11
18605 detroit	11
your detail	11
this right	11
in iowa	11
i'm leaving	11
start this	11
charge of	11
the disabled	11
a county	11
sorry copy	11
detroit bridge	11
town and	11
for squad	11
at people	11
time did	11
of minutes	11
his legs	11
11 deal	11
no bond	11
your own	11
print it	11
false info	11
know we'll	11
please i'm	11
the boiler	11
blue coat	11
to aldi	11
chance to	11
to berkshire	11
sorry 2	11
on probation	11
1-2700 lake	11
ventilated the	11
detector that's	11
clip in	11
not wish	11
ran the	11
219 i'm	11
george nick	11
problem here	11
be upstairs	11
30 years	11
marginal mckinley	11
transported out	11
medical ones	11
herself she	11
mars bar	11
headed that	11
andrews in	11
anything about	11
into our	11
the drug	11
with red	11
radio can	11
respond up	11
we arrived	11
and vehicle	11
unit on	11
sam john	11
breathing he's	11
my computer	11
there anything	11
lakewood i	11
jones out	11
a thomas	11
of vehicles	11
number 31	11
the watch	11
12 in	11
fell she	11
have fun	11
the hall	11
second plate	11
in file	11
adding notes	11
again on	11
for checking	11
for police	11
28 and	11
of midas	11
frank boyd	11
restrictions apply	11
117th is	11
unless you	11
behind him	11
victor king	11
anything was	11
to 2216	11
still has	11
you next	11
customers for	11
2017 toyota	11
hilliard i	11
jersey listing	11
handicapped spot	11
lake complainant	11
my starting	11
a medicine	11
who she	11
right over	11
envoy 11811	11
it smells	11
calls back	11
just concerned	11
david nora	11
this please	11
22 if	11
her front	11
leg is	11
they ran	11
they're a	11
going north	11
the permit	11
you where	11
somebody up	11
there no	11
a gmc	11
females that	11
that's at	11
anything with	11
info i	11
use a	11
219 i'll	11
17 what's	11
start conference	11
unauthorized use	11
have car	11
a smell	11
a line	11
valid for	11
to finish	11
detroit code	11
13 back	11
the brown	11
then left	11
have left	11
12 is	11
cautions on	11
contact information	11
outside on	11
highland manor	11
were gonna	11
regarding the	11
218 i'm	11
difficult to	11
verify that	11
scene can	11
the gold	11
apartment 908	11
just worried	11
alarm that's	11
guess he's	11
assist in	11
as valid	11
states his	11
his white	11
hazel he's	11
building maintenance	11
joe's quick	11
things around	11
cvs parking	11
he wouldn't	11
main door	11
the circle	11
i'll talk	11
haven medic	11
not heard	11
on grace	11
male lakewood	11
know which	11
in edgewater	11
for 8	11
yeah and	11
stop off	11
help them	11
building 14701	11
to push	11
three sides	11
cause for	11
a 79	11
to ride	11
can all	11
pickup and	11
black cadillac	11
cleveland 2010	11
a listen	11
can hold	11
cleveland 33	11
and winchester	11
thrown around	11
charles george	11
argument over	11
nothing further	11
to newman	11
colonial club	11
conscious now	11
west really	11
cleveland 34	11
happened to	11
male shows	11
sir kufner	11
24 will	11
2 only	11
apartment 207	11
he's already	11
her they	11
70 i	11
of 92	11
two weeks	11
today she	11
on line	11
charge is	11
second one's	11
to 12405	11
white buick	11
waterbury with	11
is anybody	11
black for	11
plate comes	11
another dl	11
2026 kia	11
madison wagar	11
aid squad	11
mary john	11
cleveland 41	11
1343 beach	11
wanted the	11
the handicapped	11
brown road	11
pretty bad	11
scene they're	11
very cooperative	11
a river	11
is hurting	11
vehicle stopped	11
mr tire	11
boy 6	11
to relieve	11
no fire	11
lewis for	11
in clear	11
taken care	11
heart problems	11
he's standing	11
week and	11
i started	11
i pulled	11
detroit or	11
on tonight	11
again for	11
can't remember	11
advising that	11
issue a	11
complainant thinks	11
area is	11
caller that	11
it he's	11
few hours	11
a lunch	11
needs some	11
van and	11
one north	11
water leak	11
not far	11
winchester for	11
change that	11
one's answering	11
well i'll	11
of damage	11
she's moving	11
get go	11
alarm they	11
open it	11
few months	11
arthur for	11
no sirens	11
copy are	11
19 of	11
to plate	11
portage county	11
the refuse	11
205 medic	11
parked legally	11
send kufner	11
to carabel	11
to at	11
go go	11
to free	11
jeep compass	11
this other	11
something in	11
he's possibly	11
william robert	11
edgewater female	11
the warrants	11
3 19	11
to code	11
pd en	11
both elevators	11
card for	11
can speak	11
squad come	11
off we're	11
unknown injuries	11
they keep	11
station now	11
outside or	11
is doing	11
over with	11
but that's	11
over from	11
the person's	11
area around	11
home with	11
just upset	11
upon our	11
me another	11
at alger	11
4 we	11
assistance from	11
a california	11
to arrival	11
apartment 1026	11
out right	11
actually the	11
up if	11
someone from	11
the coast	11
history at	11
driving at	11
by his	11
4-door expired	11
and people	11
his friends	11
him last	11
been up	11
er to	11
lane number	11
was checking	11
some assistance	11
walked up	11
suicidal and	11
2014 black	11
secure and	11
1 vehicle	11
send us	11
with privileges	11
robert date	11
the citation	11
that all	11
edward date	11
found no	11
you swing	11
female no	11
charlie frank	11
edward frank	11
number 401	11
hit and	11
quail number	11
address the	11
harassing him	11
believes she's	11
copy she's	11
was treated	11
lot he	11
14 10-7	11
nicholson in	11
117 north	11
she actually	11
female would	11
river for	11
driver i	11
unit 6	11
us that	11
4 gas	11
clear out	11
middleburg heights	11
leave for	11
clarence for	11
daughter and	11
order please	11
plate out	11
14 if	11
assist for	11
miles is	11
not get	11
blue sedan	11
with 14	11
no just	11
8 medic	11
passing the	11
detail i'll	11
over 10	11
you taking	11
confiscate and	11
to for	11
jacket with	11
that makes	11
2 a	11
she's right	11
you added	11
for number	11
doors and	11
haven room	11
well you	11
wanna talk	11
outside he	11
wants it	11
we're complete	11
me go	11
driver license	11
driveway it's	11
sure it	11
park 14532	11
guys able	11
of take	11
are with	11
sam ida	11
is complete	11
female by	11
to sergeant	11
he's very	11
copy 12	11
a 27	11
area they	11
wait until	11
george boy	11
looking around	11
child was	11
lpd they're	11
apartment 611	11
one's wearing	11
sweatshirt and	11
his date	11
1 charlie	11
yellow shirt	11
name should	11
be open	11
communication line	11
westcliff and	11
located the	11
in 15	11
light pole	11
the sky	11
to marlowe	11
card i	11
20 15	11
lake cove	11
adam 8	11
copies of	11
behind them	11
advised 10-8	11
down some	11
times in	11
way home	11
for franklin	11
dog at	11
215 madison	11
or gray	11
victor 2	11
pressure and	11
regular response	11
route and	11
thought that	11
gun and	11
it needs	11
an email	11
either a	11
name adam	11
the southeast	11
15 or	11
down detroit	11
robert yesterday	11
apartment he's	11
on alameda	11
okay go	11
the mirror	11
the knife	11
blood thinners	11
of john	11
doesn't feel	11
on sloan	11
know his	11
a motorized	11
is moderate	11
her there	11
15 there's	11
get checked	11
advise cleveland	11
it's starting	11
winchester the	11
good we	11
in park	11
anything that	11
the warren	11
in carbon	11
match the	11
dodge station	11
214 go	11
security number	11
all occupants	11
clothing description	11
drove by	11
owner to	11
gray hair	11
walgreens and	11
card 2	11
all with	11
all 3	11
contact her	11
adam date	11
me arriving	11
declined transport	11
was 1	11
there 10-4	11
commercial burglar	11
ahead 117th	11
that did	11
a handful	11
handful of	11
please it's	11
just advised	11
shirt he's	11
the garbage	11
cars respond	11
henry walter	11
copy straight	11
adam 7	11
backyard of	11
backyard and	11
less than	11
214 i	11
detroit engine	11
king i	11
were walking	11
ahead he	11
ahead all	11
expiration on	11
ahead warren	11
to where	11
gray shorts	11
young black	11
2014 toyota	11
ahead they're	11
parkway number	11
her said	11
of day	11
lights no	11
was suspicious	11
the bushes	11
40 off	11
mars for	11
8 or	11
male calls	11
fell he's	11
members are	11
green honda	11
hurd and	11
shirt blue	11
frank tom	11
and turn	11
vehicle possibly	11
building there's	11
sign up	11
15730 madison	11
he's claiming	11
release for	11
13437 madison	11
clifton 1	11
that occurred	11
reference to	11
12 10	11
10-8 229	11
henry 3	11
1557 newman	11
10 first	11
dispatch one's	11
colored sedan	11
didn't wanna	11
20 o	11
2 okay	11
sam 8	11
100 17	11
4 29	11
lane apartment	11
me 1	11
15 radio	11
wanna add	11
8 104	11
is 09	11
0 26	11
there 1	11
are 2	11
4 20	11
the elbur	11
12000 building	11
30 brown	11
rav 4	11
wanna let	11
good afternoon	11
bonny view	11
me 10	11
wanna send	11
from carton	11
29 okay	11
down 1	11
last 2	11
12 00	11
breathing 1	11
2011 or	11
upon available	11
v 6	11
19 dl	11
fargo is	11
fargo bank	11
bank na	11
na member	11
member fdic	11
issue us	10
at family	10
got any	10
could let	10
that code	10
a 26	10
call no	10
the rain	10
assaulted him	10
wasn't there	10
car we	10
assistance with	10
passing by	10
driving a	10
female requesting	10
on en	10
one as	10
an individual	10
summit county	10
id number	10
be south	10
female 5'7	10
23 in	10
all for	10
to manpower	10
david 1	10
to read	10
detroit right	10
that's one	10
white hat	10
on getting	10
cars for	10
said i	10
call it's	10
20 in	10
the clerk	10
a roll	10
just yelling	10
way please	10
start us	10
of 83	10
six of	10
in saying	10
can access	10
1568 waterbury	10
there do	10
we're doing	10
henry adams	10
this the	10
please clear	10
arrival no	10
that door	10
was provided	10
can discard	10
medic freezing	10
the living	10
lakewood ev	10
residence there	10
introducing genius	10
the award-winning	10
award-winning bank	10
bank that	10
does things	10
differently for	10
our kind	10
of genius	10
genius spelled	10
j award-winning	10
award-winning can	10
can mean	10
mean many	10
many things	10
things like	10
like most	10
most locations	10
locations but	10
still goes	10
us award-winning	10
award-winning means	10
means best	10
best newcomer	10
newcomer bank	10
2025 by	10
by bank	10
bank rate	10
rate visit	10
visit geniusbank	10
geniusbank com	10
com genius	10
genius with	10
j genius	10
bank registered	10
registered trademark	10
trademark is	10
a division	10
of smbc	10
smbc minibank	10
minibank awards	10
awards are	10
are independently	10
independently granted	10
granted by	10
respective publication	10
publication and	10
not indicative	10
indicative of	10
future success	10
success or	10
or results	10
watch the	10
male needs	10
other vehicles	10
owner at	10
marlowe number	10
to 1381	10
north number	10
79 copy	10
surrounding area	10
call we'll	10
on number	10
210 medic	10
ocean frank	10
23 madison	10
music coming	10
telling him	10
keys are	10
something like	10
to 215	10
my name	10
i'm first	10
listening out	10
prosecution for	10
department is	10
doors in	10
key holders	10
you 10-7	10
there's water	10
your money	10
and may	10
may not	10
the chart	10
the i-x	10
victor henry	10
a voice	10
a for	10
source of	10
be evaluated	10
yes i'll	10
engine to	10
his black	10
just running	10
for driving	10
truck one	10
dl on	10
lakewood apartment	10
mckinley north	10
registered offender	10
male so	10
believe she's	10
heights it's	10
clifton summit	10
22 of	10
clifton it's	10
need him	10
been holding	10
be telling	10
car aisle	10
one's at	10
even though	10
arriving for	10
3 did	10
friend called	10
a 2003	10
options and	10
silent panic	10
11 copies	10
2's gonna	10
end market	10
3 it	10
11 he	10
anything yet	10
them i'll	10
20 25	10
have went	10
music on	10
above the	10
passed me	10
be any	10
windows are	10
were taken	10
haven't found	10
and john	10
mail has	10
heard him	10
arrival he	10
be kind	10
called again	10
22 in	10
ohio plate	10
that live	10
and uh	10
on day	10
15 cars	10
with high	10
entrance to	10
at st	10
fell she's	10
moving out	10
moved out	10
heard what	10
is it's	10
resident call	10
and saw	10
229 i	10
id's valid	10
locked the	10
st john's	10
3rd party	10
they're unsure	10
any chance	10
number 506	10
name king	10
listing when	10
elmwood for	10
exactly where	10
story wood	10
with car	10
dispatch just	10
where this	10
a mark	10
of male	10
returning from	10
a hand	10
that said	10
medics 3	10
start cuffing	10
open to	10
o a	10
male's gonna	10
advise if	10
lots of	10
send someone	10
there soon	10
just can't	10
parked blocking	10
name's gonna	10
please hold	10
mail and	10
take this	10
up 10-4	10
the northbound	10
hilliard to	10
i'm thinking	10
14 15	10
way over	10
uncooperative and	10
they're currently	10
texting her	10
police are	10
is traffic	10
health crisis	10
gonna run	10
140 brown	10
his cell	10
once you	10
owner's coming	10
saying something	10
this but	10
a disregard	10
she and	10
blue hoodie	10
all secure	10
thinks they're	10
21 they're	10
a tire	10
franklin from	10
18 at	10
here too	10
entry through	10
1425 clifton	10
find one	10
follow-up for	10
10-8 in	10
a parma	10
a physical	10
is david	10
at their	10
again they	10
that fire	10
mike 2	10
about three	10
warren leonard	10
closer 25	10
hear them	10
start copying	10
and those	10
detroit speak	10
robin and	10
and thrush	10
it's blocking	10
on lunch	10
lakewood cliff	10
north from	10
or somebody	10
copies station	10
up front	10
being combative	10
guys were	10
said another	10
203 we'll	10
his arm	10
29 it's	10
it's that	10
he sees	10
is qualified	10
203 may	10
room 235	10
send somebody	10
madison that	10
on standby	10
just letting	10
plates in	10
1 king	10
the attic	10
some debris	10
spread some	10
some absorbent	10
absorbent on	10
no sorry	10
right thank	10
all three	10
to not	10
verified engine	10
and i've	10
mac 3's	10
hooked and	10
woodward madison	10
15 no	10
call was	10
alarm coming	10
5 madison	10
the closest	10
off right	10
apartment there's	10
standing next	10
the 2014	10
the backseat	10
other way	10
just back	10
here not	10
expires december	10
i'll say	10
jackson out	10
cars coming	10
is waiting	10
cleveland they	10
of right	10
he actually	10
police on	10
on he	10
the 15	10
driver he	10
friend's house	10
221 traffic	10
that's 3	10
a fax	10
the 17	10
call this	10
he never	10
it's one	10
said they've	10
all morning	10
in through	10
hyundai elantra	10
chevy trailblazer	10
of indiana	10
anything to	10
be talking	10
that lockout	10
was made	10
caught a	10
a loose	10
of washington	10
car should	10
car she's	10
david zebra	10
the 2024	10
also suspended	10
use that	10
no you	10
longer in	10
to travel	10
edward yesterday	10
black audi	10
good numbers	10
26 the	10
or someone	10
12 31	10
the temp	10
12030 lake	10
160 black	10
talk about	10
ask the	10
this female's	10
traffic traffic	10
clifton cook	10
add in	10
bedford heights	10
i'm telling	10
mary ocean	10
franklin alameda	10
maybe the	10
gone through	10
their name	10
have stopped	10
in we're	10
playing with	10
ran it	10
my location	10
26 on	10
i knocked	10
said that's	10
voicemail for	10
the sister	10
express platinum	10
platinum card	10
papa john's	10
bus and	10
by until	10
i'm okay	10
is mike	10
california listing	10
detroit woodward	10
can pick	10
116th with	10
down so	10
224 are	10
female got	10
have kufner	10
also spoke	10
reason to	10
22 that	10
fell yesterday	10
also shows	10
drive in	10
requesting mutual	10
scene car	10
actually have	10
it going	10
eastbound near	10
the dodge	10
from your	10
phone i	10
2 also	10
clifton cranford	10
nissan station	10
at 25	10
15 she's	10
9 what's	10
it they're	10
i'm driving	10
apartment for	10
other call	10
10-8 the	10
in french	10
black 4	10
medical i'm	10
west lake	10
209 10-7	10
9 10-4	10
jackson with	10
216 we're	10
he'd be	10
at first	10
they already	10
10 detroit	10
all they	10
to lakeland	10
cart 10	10
a chrysler	10
list you	10
evidence of	10
started we'll	10
on hurd	10
seat of	10
hanging on	10
traffic from	10
of impairment	10
going over	10
16 we'll	10
searching for	10
that ran	10
see ya	10
the chain	10
hyundai 4-door	10
we out	10
him before	10
end up	10
have our	10
the table	10
subaru station	10
tennessee listing	10
we called	10
seeing if	10
and run	10
in june	10
silver or	10
plate george	10
good number	10
i hope	10
him earlier	10
nicholson with	10
refused any	10
male does	10
the airbnb	10
at 10-16	10
the full	10
had his	10
thanks very	10
any word	10
it into	10
in warren	10
he broke	10
and spoke	10
expires march	10
and still	10
on robin	10
neighbor who	10
it's definitely	10
nora frank	10
showing he's	10
21 copies	10
somebody was	10
else will	10
only for	10
10-16 that's	10
then can	10
you 10-8	10
11900 edgewater	10
driving the	10
a pedestrian	10
athens king	10
king yesterday	10
27 10-8	10
didn't show	10
him is	10
vomiting and	10
patient with	10
detroit east	10
everyone's out	10
mac 1	10
transfer her	10
henry charles	10
a slight	10
summit and	10
newman i	10
he's intoxicated	10
release obtained	10
his home	10
driving on	10
back unless	10
to coutant	10
george frank	10
here's on	10
office for	10
can adjourn	10
please stop	10
copies can	10
come forward	10
for every	10
quite an	10
1st federal	10
of 98	10
check one	10
are calling	10
ring camera	10
that resides	10
their vehicles	10
28 we're	10
them should	10
moderate damage	10
call when	10
checking with	10
argument they	10
good evening	10
broke down	10
they've got	10
them so	10
kaufman park	10
5 if	10
noticed the	10
she's up	10
to issue	10
203 copy	10
staying at	10
she sees	10
if your	10
running up	10
can figure	10
call now	10
you downstairs	10
bond on	10
for training	10
wagar avenue	10
service in	10
get 11	10
nothing else	10
guys start	10
clifton they're	10
hayes elementary	10
brown she	10
of drug	10
a charge	10
copy 3	10
2018 chevy	10
and causing	10
213 i	10
traffic 10-4	10
arrival i'll	10
near a	10
poll number	10
a live	10
with just	10
not doing	10
other people	10
9 of	10
for 13	10
only must	10
be physically	10
physically located	10
5 she	10
out your	10
8 of	10
be to	10
be west	10
evaluated and	10
madison 10-4	10
please explain	10
sure why	10
for dangerous	10
check is	10
toyota rav	10
i'll clear	10
apartment at	10
for like	10
we 10-8	10
well i'm	10
law enforcement	10
you're available	10
back she's	10
for sure	10
command's terminated	10
work for	10
of keys	10
power outage	10
he noticed	10
and shut	10
is light	10
whole time	10
on close	10
listed in	10
color on	10
for today	10
is 3	10
of 2003	10
the toll	10
same female	10
crossing the	10
right with	10
blonde green	10
tom yesterday	10
tendencies and	10
towards her	10
moving in	10
2900 lake	10
main entrance	10
not even	10
and walked	10
it's suspicious	10
orchard road	10
15 listening	10
15 he's	10
nick nick	10
note on	10
an overdose	10
well from	10
around that	10
bell on	10
reserved to	10
to kufner	10
10-16c out	10
auto sales	10
engine 7	10
in 3	10
she's locked	10
the email	10
male we're	10
suite 300	10
19 this	10
my friends	10
tpo against	10
the lady	10
information from	10
with 11	10
this looks	10
floor of	10
breathing the	10
know what's	10
time being	10
through it	10
2003 22	10
the coral	10
can issue	10
what's his	10
fairview truck	10
obt if	10
the 2013	10
step outside	10
summer place	10
frank 7	10
finance with	10
his catheter	10
us please	10
they confirmed	10
you left	10
hand me	10
copy 10-4	10
the telephone	10
until i	10
the team	10
33 years	10
of for	10
them go	10
ok we're	10
believe we	10
us we	10
asking customers	10
area said	10
who's having	10
west from	10
riverside detroit	10
something that	10
the on-ramp	10
gas leak	10
valid driver's	10
29 they're	10
out car	10
that part	10
a 9-1-1	10
stay at	10
alright i'm	10
area he	10
1-2400 madison	10
16 will	10
23 medic	10
the shift	10
was chasing	10
we pulled	10
come check	10
was running	10
and nobody	10
seen in	10
this kid	10
for at	10
car down	10
pulling over	10
what car	10
me so	10
we'll probably	10
i needed	10
station in	10
hold the	10
the smell	10
not live	10
adam union	10
original caller	10
2 what	10
ama medic	10
way also	10
number 513	10
any luck	10
call 10-4	10
number back	10
outside his	10
everything's fine	10
anything from	10
emergency there's	10
local address	10
cleveland 31	10
richard hilliard	10
hilliard house	10
number 406	10
4300 detroit	10
notify cleveland	10
cove just	10
and wait	10
zebra sam	10
silver subaru	10
alarm for	10
is clearing	10
number 203	10
park we	10
through her	10
number 201	10
me as	10
wyandotte and	10
3 taking	10
at door	10
truck it's	10
copies thanks	10
obtained medic	10
company to	10
i'll still	10
call just	10
speedway 1511	10
seeing a	10
edward john	10
the couple	10
head she's	10
what type	10
towed by	10
by us	10
single story	10
building with	10
setting up	10
the resident's	10
second i'm	10
clifton she	10
they turned	10
smoking marijuana	10
copies in	10
detail if	10
he's leaving	10
leaving now	10
the or	10
tomorrow morning	10
had enough	10
sorry for	10
model on	10
just you	10
advise her	10
happened on	10
items and	10
copy 26	10
that's passed	10
information to	10
from roll	10
the special	10
he's gone	10
now looks	10
could stand	10
driving privileges	10
this incident	10
except for	10
step it	10
to carry	10
up when	10
booking window	10
ask you	10
29 station	10
16408 madison	10
week ago	10
meter car	10
be establishing	10
lobby she	10
you cancel	10
she's under	10
stop i	10
against a	10
a real	10
office and	10
is moved	10
sam 1	10
25 at	10
for medical	10
22 22	10
and nothing	10
the us	10
west for	10
1 16th	10
bridge with	10
a reason	10
it's running	10
play it	10
2 with	10
5 the	10
hit that	10
floor to	10
to signature	10
to mars	10
is breaking	10
nothing to	10
could call	10
for probation	10
route medic	10
the crew	10
off my	10
them he's	10
in ohio	10
them come	10
cook for	10
22 clifton	10
check was	10
was started	10
an suv	10
lakewood medic	10
24 could	10
her i'll	10
19 name	10
robert 2	10
states there's	10
and pulled	10
to point	10
can't move	10
lives across	10
apartment it	10
floor the	10
we spread	10
a c	10
70 go	10
he's headed	10
11850 south	10
i'm giving	10
stopped and	10
minute for	10
can shoot	10
scene i'll	10
found in	10
upset because	10
the item	10
complainant lives	10
one i'm	10
road to	10
walked away	10
14 we	10
the friend	10
just issue	10
of medina	10
it's quiet	10
black it's	10
walked into	10
that date	10
respect to	10
she's upset	10
yard and	10
10 i'll	10
william mary	10
they won't	10
not for	10
outside yelling	10
wagon white	10
they're leaving	10
owner's on	10
fell asleep	10
female you	10
lakehouse 11850	10
since it's	10
and both	10
said their	10
driveway i	10
help us	10
advice on	10
morning she	10
service attorney	10
driveway she	10
unit and	10
or 5	10
room 104	10
address with	10
male also	10
the hyundai	10
the dog's	10
old black	10
she wouldn't	10
she's standing	10
they hit	10
that come	10
that 24-hour	10
route 2	10
lpd en	10
brown it's	10
the paramedics	10
stay out	10
lakewood we'll	10
2011 ford	10
from apartment	10
she's unresponsive	10
since she	10
5 medic	10
19 1	10
way with	10
with kufner	10
clifton no	10
number 314	10
at 2011	10
he drives	10
breath and	10
an entry	10
message to	10
no ds	10
of edgewater	10
leg pain	10
it's completely	10
edwards for	10
them have	10
4 will	10
damage and	10
on 9	10
second i'll	10
when i'm	10
name charles	10
notified they	10
it's too	10
for 7	10
lot but	10
name mary	10
robert charles	10
house check	10
patient contact	10
kufner to	10
same location	10
3 minutes	10
frank 4	10
medical call	10
they're outside	10
her neighbor's	10
she's back	10
owner i'll	10
home on	10
the trees	10
is threatening	10
probably have	10
up it's	10
copy no	10
to place	10
assigned to	10
thinks the	10
lake to	10
friend who	10
evaluated no	10
for fairview	10
juveniles that	10
fine you	10
fine thank	10
he's feeling	10
is unlocked	10
at 5	10
working the	10
5 it's	10
heavy front	10
through there	10
car right	10
off with	10
been towed	10
to berea	10
additional info	10
side but	10
a 43	10
3 000	10
edgewater to	10
an ohio	10
a tennessee	10
with anyone	10
2 24	10
being towed	10
legally parked	10
building so	10
standing there	10
protective person	10
ahead west	10
glass break	10
in they	10
while we're	10
that helps	10
caused by	10
complaint they	10
and could	10
end tavern	10
pounding on	10
male if	10
please give	10
there all	10
three times	10
female's name	10
card number	10
the western	10
wouldn't give	10
there about	10
4 the	10
we came	10
was open	10
search the	10
find something	10
on monday	10
the stuff	10
to lift	10
sent that	10
to arrive	10
on south	10
know but	10
paul paul	10
that second	10
lake a	10
wire is	10
these parties	10
violation at	10
charlie king	10
and mcgee	10
he's doing	10
go home	10
ds is	10
walking her	10
female friend	10
1 24	10
o'neill 1381	10
on list	10
they're back	10
25 what's	10
cad and	10
blocked off	10
provide a	10
1 frank	10
frank 5	10
208 are	10
1385 manor	10
50 i	10
me off	10
the l	10
of frank	10
copy my	10
call i'm	10
cad to	10
confiscate the	10
a listed	10
heights the	10
baxter lee	10
on clear	10
searching the	10
to southwest	10
male lives	10
my last	10
squad is	10
stolen from	10
1432 cordova	10
are fighting	10
gonna keep	10
male got	10
correct you	10
requesting officers	10
please copy	10
advised this	10
of males	10
park 10	10
second it's	10
them detroit	10
20 medic	10
cross the	10
house department	10
delivery truck	10
5 king	10
black females	10
area in	10
vehicles were	10
move out	10
obstructing and	10
to 1277	10
we located	10
shoes on	10
union 4	10
me there	10
property mva	10
and ramona	10
you step	10
from last	10
get 7	10
alarm on	10
understand what	10
the juveniles	10
were two	10
people outside	10
211 on	10
this as	10
the 2020	10
phone in	10
that van	10
once we	10
complainant advised	10
1293 hall	10
1 he	10
checks out	10
there still	10
they'll have	10
blocking his	10
bike was	10
route dispatch	10
the for	10
in waterbury	10
henry 8	10
no crime	10
to area	10
beach and	10
at city	10
his backyard	10
a semi	10
station detail	10
number 924	10
we heard	10
from in	10
basketball court	10
now 1	10
3 transport	10
219 go	10
still sitting	10
me or	10
mary mary	10
okay on	10
male 511	10
b as	10
area as	10
gonna continue	10
copy any	10
one lpd	10
in out	10
charge for	10
received the	10
it be	10
in boy	10
now be	10
out or	10
2 other	10
bit ago	10
210 for	10
something on	10
could give	10
garden and	10
garden center	10
no cch	10
16000 detroit	10
for open	10
11701 clifton	10
or silver	10
go see	10
family members	10
between clifton	10
show all	10
19 or	10
there's gonna	10
the aristocrat	10
line in	10
zebra 7	10
220 go	10
medic medic	10
drive and	10
a suicide	10
like 1	10
birth please	10
1536 alameda	10
ahead are	10
meet with	10
14 that	10
detroit ennis	10
at 1341	10
apartment a	10
ahead 117	10
2038 lincoln	10
was john	10
beach is	10
quiet place	10
day one	10
checking area	10
walgreens on	10
medic truck	10
the tones	10
204 i'm	10
ahead if	10
207 i	10
banner guarded	10
madison madison	10
didn't call	10
set yeah	10
of cvs	10
b s	10
for forestry	10
for what	10
riding a	10
it by	10
intoxicated male	10
this regard	10
her we	10
andrews for	10
getting some	10
show suspended	10
area i'll	10
was my	10
to 30	10
downstairs female	10
x-ray 1	10
13439 clifton	10
they exchanged	10
gmc station	10
he lost	10
pink slip	10
richland and	10
2117 glenberry	10
possibly the	10
the elevators	10
and orchard	10
blue suspended	10
was knocking	10
branch that	10
a madison	10
please no	10
be about	10
they asked	10
by said	10
ford van	10
the athens	10
room 10-4	10
the beach	10
1294 cove	10
pickup only	10
for dl	10
shirt gray	10
at 12511	10
room 117	10
14 could	10
inn room	10
holes in	10
requesting that	10
advise to	10
to collect	10
80 brown	10
12 from	10
other 2	10
weapons and	10
apartment 16	10
valid in	10
west 116	10
and running	10
on fry	10
our system	10
could notify	10
2 juveniles	10
lives with	10
d as	10
copy standby	10
11 they	10
sam 2	10
valid there's	10
299 copy	10
1 90	10
king 2	10
be 10am	10
13 charlie	10
02 17	10
2 06	10
10 30	10
edward 3	10
1 b	10
15 charlie	10
of '20	10
28 2026	10
20 2108	10
we're we're	10
i'm i'm	10
70 10	10
white t	10
10 80	10
lincoln in	10
clifton hurd	10
119 copy	10
henry 5	10
cars 2	10
if could	10
12 12	10
60 4	10
8th floor	10
least 1	10
104 do	10
29 that'll	10
john 2	10
20 8107	10
25 charlie	10
room 210	10
feeder manner	10
walk through	10
'2 20	10
no eta	10
03 can	10
birth 07	10
victor 6	10
apartment 512	10
20 2027	10
and saint	10
engine 19	10
'20 1	10
which 1	10
henry 1	10
01 20	10
birth 05	10
jd power	10
20 5107	10
else to	9
him we'll	9
park please	9
229 we'll	9
he say	9
her call	9
back we're	9
and driving	9
turned into	9
you break	9
them was	9
old and	9
okay but	9
that west	9
you close	9
3 please	9
scene i'm	9
the sign	9
red hat	9
the collar	9
avenue it's	9
mother is	9
before it	9
he and	9
so when	9
it done	9
also send	9
and wagar	9
2015 chevy	9
22 we'll	9
the pick-up	9
a nicholas	9
please respond	9
nick george	9
i'll set	9
north royalton	9
had that	9
a double	9
yet we're	9
plate's going	9
of wyandotte	9
multiple vehicles	9
you as	9
other guy	9
why i'm	9
madison we're	9
i figured	9
negative on	9
side or	9
fine i'll	9
not involved	9
to 220	9
2's responding	9
hospital i'll	9
cleared in	9
wants them	9
call there	9
be arriving	9
have we	9
anybody have	9
lpd's out	9
okay this	9
thanks so	9
10-7 and	9
dog inside	9
inside for	9
dispatch 9-3	9
to in	9
right up	9
91 year	9
the cautions	9
10-8 do	9
caller back	9
service patient's	9
franklin 117th	9
229 i'll	9
closed for	9
18 disregard	9
7 for	9
zebra mary	9
ongoing problem	9
you first	9
and downstairs	9
going for	9
10-4 car	9
was nothing	9
multi-gas meter	9
alarm sounding	9
water coming	9
in one	9
here looks	9
just coming	9
oh that's	9
an out	9
mckinley just	9
black backpack	9
19 lake	9
lake by	9
we cannot	9
cannot get	9
and made	9
answer i	9
copy st	9
309 medic	9
left leg	9
possibly intoxicated	9
intoxicated he	9
two white	9
we stand	9
the roll	9
just asked	9
by this	9
can't even	9
my driver's	9
thing i	9
can't go	9
an attempt	9
in leeds	9
copy stand	9
power off	9
we'll handle	9
217 we're	9
all dark	9
that gentleman	9
and stand	9
now 10-8	9
of 22	9
is hanging	9
broke the	9
12120 madison	9
is tom	9
her just	9
15615 madison	9
117 it's	9
the subway	9
and came	9
have gotten	9
of mr	9
5 from	9
he put	9
hands on	9
sorry to	9
break the	9
boy ocean	9
open doors	9
in back	9
the voice	9
go knock	9
in order	9
building we'll	9
us we'll	9
madison cordova	9
some ongoing	9
county we're	9
music playing	9
been throwing	9
transferring 1	9
the medicine	9
that's refusing	9
you maintain	9
i c	9
stop out	9
male 6'3	9
64 traffic	9
this dl	9
grey honda	9
at copy	9
detroit detroit	9
under suspension	9
23 detroit	9
2 it	9
could still	9
nick tom	9
13 we'll	9
well the	9
o v	9
from alger	9
a rocky	9
another listing	9
is intoxicated	9
parking sign	9
an obd	9
will get	9
13 the	9
of other	9
home he	9
went with	9
property from	9
door no	9
neither of	9
us what	9
coming with	9
has multiple	9
them we	9
is 9	9
check it's	9
bunts medic	9
her info	9
of lutheran	9
the franklin	9
gun on	9
exterior of	9
i only	9
info from	9
does anybody	9
you coming	9
if anything's	9
ran that	9
the dispatch	9
wagon gray	9
owners of	9
them right	9
on 11	9
drive services	9
by command	9
detroit o'neil	9
his room	9
30 i'm	9
wife and	9
24 stall	9
wrong number	9
marginal king	9
with 10-8	9
bunts at	9
to book	9
copy as	9
our call	9
of alger	9
what sounded	9
or 6	9
seen her	9
up out	9
135 brown	9
around with	9
the move	9
jeep grand	9
and that'll	9
and heading	9
warrants are	9
are arriving	9
1 medical	9
a clear	9
no injury	9
her about	9
hospital to	9
1820 edgewater	9
complaint they're	9
their medical	9
down from	9
our members	9
name the	9
roof of	9
and block	9
off or	9
engine and	9
also had	9
stall please	9
robinwood for	9
2021 honda	9
right when	9
copy over	9
a read	9
read back	9
2 you're	9
on now	9
25 if	9
onto madison	9
217 for	9
guys up	9
plate edward	9
coast wine	9
can wait	9
the median	9
our portion	9
bunts i'll	9
utl 10-8	9
to mark	9
11 clifton	9
29 did	9
with 13	9
tools to	9
nora ocean	9
female 5'1	9
tracks for	9
in said	9
headed there	9
the castlewood	9
10-7 with	9
beach for	9
the shady	9
him advised	9
my 3	9
outside that	9
of description	9
company was	9
i try	9
together and	9
cars around	9
everything looks	9
heights i'm	9
drug trafficking	9
on john	9
being a	9
they actually	9
221 24	9
now because	9
a metal	9
29 back	9
are over	9
phone right	9
the mom's	9
mars and	9
2010 toyota	9
shows her	9
dl suspended	9
her 17	9
hitting her	9
mag 3's	9
wherever you	9
that license	9
the aldi	9
the items	9
cage car	9
west 12540	9
on andrews	9
brown first	9
they're refusing	9
running from	9
no they're	9
yesterday john	9
ida charlie	9
lakewood it's	9
juvenile males	9
his porch	9
in 211	9
all around	9
ago a	9
for everyone	9
ocean adams	9
my end	9
three days	9
male break	9
watch for	9
i've heard	9
2 that's	9
king oscar	9
in state	9
future directions	9
zebra victor	9
around a	9
mom was	9
and threatened	9
25 26	9
can't walk	9
in relation	9
door should	9
unlocked and	9
time the	9
point of	9
name's going	9
10-7 12	9
11 10-4	9
room 11	9
wall and	9
out please	9
222 traffic	9
the patient's	9
2 beats	9
detectors going	9
clifton east	9
is headed	9
coutant apartment	9
on front	9
back when	9
are done	9
check his	9
pennsylvania listing	9
also cited	9
2 she's	9
of number	9
she shows	9
party in	9
at lincoln	9
24 warren	9
out going	9
clifton right	9
28 you	9
victor yesterday	9
2012 ford	9
and add	9
dispatch traffic	9
traffic we're	9
for review	9
northland for	9
way now	9
barking dog	9
calling card	9
honda pilot	9
disregard 24	9
it's robert	9
one that's	9
to listen	9
central company's	9
address i'm	9
building manager	9
calling them	9
been following	9
him around	9
kufner the	9
off set	9
robin wood	9
you made	9
hour follow	9
cuffing her	9
father of	9
can move	9
bunts north	9
lewis i'll	9
live here	9
is transport	9
street with	9
very close	9
disregard this	9
22 from	9
edward boyd	9
las vegas	9
kingboy sam	9
no car	9
scene traffic	9
step up	9
a dispute	9
union william	9
cleveland 25	9
no sign	9
he'll have	9
couple numbers	9
14523 madison	9
obstructed plate	9
20 21	9
i'm actually	9
lakewood one	9
edward 5	9
madison ridgewood	9
blue mazda	9
assaulted her	9
afraid of	9
10-16 i	9
vehicle can	9
you really	9
lane and	9
only a	9
owner lives	9
car back	9
the apron	9
gained 10-8	9
her come	9
sticking out	9
she spoke	9
was briefly	9
place to	9
california dl	9
25 10-4	9
tracks king	9
traffic detail	9
walter king	9
hyundai station	9
12 o'clock	9
and thoreau	9
you thanks	9
jail ending	9
her of	9
feel like	9
area check	9
front motion	9
female have	9
keys for	9
out thank	9
24 they're	9
sorry and	9
sam mary	9
4 male	9
319 with	9
me right	9
dl and	9
nicholson at	9
the and	9
the remainder	9
guy in	9
the en	9
nobody answered	9
answered the	9
need someone	9
transporting on	9
her information	9
the yard	9
we've had	9
get all	9
apply visit	9
23 for	9
in parking	9
an rta	9
205 madison	9
that right	9
buying a	9
can really	9
kid is	9
the slide	9
couldn't understand	9
driver in	9
male under	9
grab him	9
it's car	9
to river	9
5 we	9
good time	9
you 21	9
advise please	9
coast with	9
mckinley car	9
eastbound and	9
far right	9
help him	9
plenty of	9
guy that	9
van that	9
car number	9
involved with	9
put him	9
sorry are	9
had called	9
just disregard	9
name again	9
gained entry	9
sam nick	9
can hit	9
turned down	9
george and	9
detroit beach	9
just seeing	9
with keys	9
cleveland 18	9
know her	9
their own	9
you keep	9
a warm	9
warm pickup	9
she dropped	9
find someone	9
yeah she's	9
hill for	9
at 229	9
216 traffic	9
can discharge	9
21 he's	9
called this	9
silver vehicle	9
boulevard for	9
lot here	9
215 to	9
on air	9
reached out	9
he denied	9
slowing down	9
the protection	9
for dca	9
21 at	9
mars medic	9
21 if	9
19 clifton	9
to other	9
command switching	9
only and	9
10-4 she's	9
getting her	9
the 2021	9
no that's	9
summit with	9
lakeland medic	9
large amount	9
20 brown	9
lincoln cove	9
217th and	9
we're almost	9
with management	9
will first	9
edgewater there's	9
the 117	9
16 do	9
ask if	9
female we're	9
4-door plates	9
an 87	9
29 she's	9
assist lfd	9
and secure	9
males and	9
of work	9
can't read	9
continuing eastbound	9
30 miles	9
exact location	9
house north	9
caller from	9
address as	9
found one	9
me try	9
a william	9
you mean	9
swing back	9
2b is	9
ones are	9
her we'll	9
29 30	9
12075 lake	9
before mckinley	9
they thought	9
of assistance	9
what unit	9
come into	9
30 at	9
that's good	9
truck plate	9
it moved	9
could print	9
10 days	9
there's like	9
left we'll	9
1269 clifton	9
a transformer	9
of purview	9
medic 4's	9
well in	9
line and	9
using this	9
days the	9
was someone	9
complainant's house	9
a noise	9
have just	9
frank nora	9
western king	9
how it	9
office motion	9
already here	9
3 also	9
just fine	9
4 detroit	9
nora x-ray	9
professional company	9
other issues	9
202 we're	9
phone if	9
be 9	9
in 10-8	9
to sell	9
lane in	9
at belle	9
up can	9
10-8 separate	9
here car	9
29 athens	9
copy 211	9
dealer tag	9
run out	9
two are	9
from i	9
keep them	9
a block	9
clifton bridge	9
is short	9
ocean paul	9
of 91	9
harborview apartments	9
copy berea	9
registration check	9
this warrant	9
oic to	9
call kufner	9
so do	9
harming himself	9
her parents	9
parents are	9
an arrival	9
chevy express	9
tried the	9
another female	9
males were	9
117th the	9
resides at	9
bunts from	9
up ahead	9
the squadron	9
carabel for	9
the wesley	9
cleveland 2012	9
and parkwood	9
am 10-8	9
grace with	9
down it's	9
are open	9
3 10-4	9
out back	9
delay on	9
a younger	9
area over	9
park they	9
time she	9
getting him	9
clifton lake	9
called but	9
lakewood to	9
service entry	9
at berea	9
a james	9
silver volkswagen	9
food and	9
2013 hyundai	9
lakewood the	9
are locked	9
id was	9
was verified	9
she appears	9
hall with	9
traffic to	9
copy did	9
are ready	9
to anyone	9
seen anything	9
anything we'll	9
school for	9
victor mike	9
dispatch 10-3	9
the match	9
and emily	9
dispatch all	9
send medic	9
do need	9
park 1	9
westbound traffic	9
lived there	9
just use	9
10-4 just	9
it hasn't	9
key is	9
private tow	9
giving a	9
to unit	9
waterbury the	9
started walking	9
those parking	9
15 miles	9
x-ray king	9
their call	9
jr cleveland	9
more unit	9
chevy sedan	9
pennsylvania dl	9
clifton male	9
by to	9
6 10-7	9
1 transporting	9
already can	9
call number	9
is only	9
only at	9
posted no	9
he's done	9
we'll come	9
ticket for	9
217 are	9
18 if	9
doing anything	9
and says	9
cad we'll	9
in nicholson	9
franklin warren	9
not believe	9
was flagged	9
a can	9
shopping cart	9
why it's	9
park there's	9
11 listening	9
x-ray x-ray	9
21 for	9
above her	9
clifton bunts	9
violation for	9
they take	9
complaint i	9
running down	9
citation for	9
can change	9
trouble with	9
medical engine	9
20 years	9
elevator number	9
highland place	9
219 are	9
pain the	9
madison george	9
paul 7	9
head is	9
you're the	9
can only	9
the truck's	9
file we'll	9
berkshire apartment	9
at 222	9
of willoughby	9
to 118	9
detroit westwood	9
through his	9
him clifton	9
truck for	9
that message	9
the pursuit	9
in lincoln	9
me en	9
roy cross	9
clearing fairview	9
paul robert	9
cut through	9
phone for	9
12203 clifton	9
26 madison	9
turning from	9
madison coutant	9
disregard medical	9
school and	9
them checked	9
of last	9
15 deal	9
of two	9
that madison	9
one other	9
30 copy	9
31 years	9
the big	9
sighted i'll	9
15314 madison	9
intox driver	9
the hood	9
2 stand	9
16601 madison	9
walk down	9
walk on	9
visible plates	9
on edge	9
was loud	9
she seemed	9
seemed to	9
or whatever	9
dangerous and	9
my team	9
a burglary	9
just fell	9
just head	9
two and	9
we're behind	9
our jail	9
that yeah	9
desk called	9
4-door silver	9
i'd be	9
an 81	9
a business	9
brought in	9
she hung	9
female about	9
here before	9
permit valid	9
that people	9
started i	9
medic reason	9
outside now	9
19 as	9
juvenile to	9
has just	9
is station	9
commit suicide	9
the brother	9
he likes	9
center parking	9
transport and	9
bonnevue for	9
want some	9
clear as	9
x-ray 6	9
pursuit immediately	9
can mark	9
due at	9
at signing	9
motion detector	9
a basement	9
report numbers	9
arrive at	9
it's it's	9
one rider	9
wires involved	9
run number	9
it's your	9
10-4 28	9
a domestic	9
can contact	9
d o	9
is making	9
of 2004	9
the atm	9
212 to	9
they'll meet	9
she comes	9
was reset	9
cleveland police	9
good and	9
of lincoln	9
he suspended	9
it's victor	9
us are	9
franklin lincoln	9
resident and	9
out 211	9
referring to	9
1 did	9
10-8 to	9
approaching the	9
at now	9
set back	9
street i'll	9
that lot	9
of another	9
your guys'	9
madison this	9
car hit	9
24 it	9
that far	9
yeah for	9
place number	9
me it	9
male difficulty	9
13 a	9
carbon with	9
name tom	9
12 we'll	9
was assessed	9
14100 detroit	9
the garages	9
they're the	9
the honor	9
cross from	9
us all	9
i speak	9
early 20s	9
jeep wrangler	9
partially black	9
we used	9
down with	9
there quite	9
229 to	9
i'm running	9
behind us	9
smoke detectors	9
is disabled	9
customer service	9
13531 detroit	9
19 it	9
11821 detroit	9
anyone matching	9
colonial manor	9
211 is	9
ahead on	9
lights and	9
4 copies	9
of parking	9
a wait	9
rosewood park	9
time you	9
1 take	9
he already	9
march of	9
front seat	9
let's just	9
we weren't	9
5 detroit	9
was home	9
apartment 101	9
caller to	9
glenbury the	9
cleveland address	9
caller the	9
like maybe	9
the o	9
their apartment	9
23 24	9
cleveland confirmed	9
black jeans	9
clifton we'll	9
221 i'll	9
you some	9
marlowe apartment	9
it tonight	9
was over	9
warren lakewood	9
on or	9
getting it	9
they're playing	9
edward 6	9
at 8	9
a grade	9
the michael	9
is available	9
there's three	9
hands up	9
for clifton	9
her number	9
back window	9
by himself	9
put out	9
ground floor	9
is canceled	9
he's highly	9
you wanted	9
apartment in	9
probate warrant	9
them here	9
edgewater medic	9
25 madison	9
female half	9
stated it	9
of kentucky	9
was set	9
adam 4	9
that didn't	9
19 will	9
today to	9
see on	9
is sounding	9
not appear	9
hit at	9
were here	9
generate a	9
gas with	9
can print	9
their location	9
how's that	9
police said	9
and tom	9
6 we	9
of 12	9
park 10-4	9
her some	9
detector in	9
ed with	9
to 14306	9
leave he	9
he won't	9
birth date	9
the promise	9
customer in	9
vehicle pc	9
or maybe	9
the board	9
silver jeep	9
a refund	9
nicholson i'll	9
been an	9
that open	9
open i'll	9
riverside on	9
in 5	9
medic respond	9
found at	9
not observe	9
ride home	9
1-2900 lake	9
19 you're	9
vehicle he's	9
someone come	9
for anything	9
house there	9
1 would	9
copy 16	9
nobody else	9
blood clot	9
1314 west	9
moving around	9
consumer he	9
started at	9
some cars	9
white subaru	9
st ed's	9
me it's	9
floor medic	9
blue she's	9
already out	9
to john	9
can please	9
2 second	9
please to	9
or to	9
swearing at	9
1 front	9
29 west	9
aggressive towards	9
too long	9
72 i	9
he's requesting	9
center with	9
that's partially	9
gonna add	9
it's henry	9
william sam	9
mary david	9
found out	9
just finishing	9
just about	9
description or	9
copies i'm	9
black shoes	9
and french	9
of hers	9
vehicles registered	9
expired at	9
the desk	9
at large	9
them we'll	9
ahead that's	9
lake room	9
victoria for	9
him trespassed	9
have called	9
number 408	9
on down	9
busy can	9
hitting on	9
she's home	9
11 all	9
fell at	9
they're arguing	9
talking loudly	9
at nicholson	9
we shut	9
move that	9
someone walking	9
has another	9
man in	9
gray pants	9
in you	9
ida ocean	9
2's taking	9
mckinley in	9
the 14	9
the separation	9
my first	9
a criminal	9
her vehicle's	9
assist her	9
12 year	9
female 1	9
his gray	9
4 do	9
16 or	9
that 24	9
boiler room	9
out just	9
white mercedes	9
1 4300	9
bell and	9
be switching	9
assuming command	9
they're calling	9
owner i	9
12 20	9
road a	9
he feels	9
can't run	9
else that	9
following them	9
signs that	9
resides in	9
edwards and	9
there last	9
on any	9
a 56	9
just know	9
felt like	9
is 03	9
chest and	9
fairview copy	9
to roll	9
no sir	9
push it	9
edgewater cove	9
paul sam	9
lewis with	9
items in	9
i stopped	9
match for	9
sedan parked	9
16 for	9
john 1	9
lake 10-4	9
good i'll	9
one over	9
company engine	9
my call	9
eyes are	9
clifton she's	9
212 is	9
you looking	9
by 2	9
all company	9
to 1341	9
she no	9
an investigation	9
please tell	9
them or	9
back entrance	9
be blocking	9
copy they're	9
henry 9	9
red sedan	9
traffic complaint	9
5 go	9
address it's	9
and it'll	9
expired in	9
not can	9
carolina plate	9
staging switching	9
is upset	9
not over	9
you drive	9
11825 lake	9
fine we'll	9
it left	9
203 is	9
first call	9
been to	9
had surgery	9
plate's not	9
give any	9
further description	9
checks fine	9
4 respond	9
15 minute	9
vehicle they're	9
check clifton	9
you hit	9
they're waiting	9
with any	9
right hand	9
well thank	9
924 medic	9
did thank	9
very minor	9
we're seeing	9
neighbor has	9
wait till	9
have enough	9
ford four-door	9
his neighbors	9
that ma'am	9
kitty park	9
left open	9
bar and	9
people talking	9
front or	9
done at	9
there will	9
and someone	9
resident that's	9
lot it's	9
numerous times	9
times for	9
2007 18	9
her down	9
believes it	9
is and	9
leave but	9
and number	9
could change	9
transfer 1	9
parties at	9
just received	9
order to	9
pv holding	9
not having	9
17 roger	9
riverside is	9
ida boyd	9
if possible	9
on st	9
everybody's out	9
longer on	9
his nephew	9
me you	9
clear this	9
lived at	9
in another	9
downstairs a	9
room 111	9
4 it's	9
it away	9
just flagged	9
disturbance in	9
his pants	9
just one	9
david king	9
newman i'll	9
print off	9
was refusing	9
affirmative it's	9
know and	9
23 respond	9
29 this	9
street it's	9
card on	9
franklin boulevard	9
with david	9
he believed	9
dallas no	9
of 7	9
you create	9
citation number	9
a taurus	9
car calling	9
calling i	9
alright thanks	9
be driving	9
he last	9
victor walter	9
dl number	9
florida listing	9
union 7	9
where we're	9
keep your	9
no transport	9
put some	9
notes in	9
cleveland 11	9
leave they	9
14 medic	9
he moved	9
van that's	9
berea road	9
down they	9
number it's	9
floor they	9
on cook	9
24-hour parking	9
was threatening	9
two plates	9
was headed	9
on halsted	9
frank mary	9
the sewer	9
apartment apartment	9
tag in	9
park 16900	9
this back	9
listed vehicle	9
states that	9
breathing now	9
long black	9
as if	9
and saying	9
he needed	9
occupants been	9
like officers	9
his female	9
anyone on	9
i'm headed	9
nobody here	9
at aldi	9
is you	9
10-4 25	9
home in	9
file a	9
only refusal	9
street he	9
noise coming	9
added for	9
signs posted	9
next call	9
station can	9
now or	9
me with	9
list 2	9
11 medic	9
done and	9
203 you	9
lane the	9
you showed	9
show any	9
the file	9
line to	9
just hear	9
you her	9
of 15	9
colored jacket	9
says they're	9
the inside	9
how about	9
believe a	9
moving truck	9
the bill	9
7 if	9
chair and	9
their information	9
information in	9
complainant believes	9
at lakeland	9
gonna block	9
is someone	9
minutes or	9
you 10	9
head skip	9
not parked	9
be cutting	9
are missing	9
well if	9
a credit	9
201 can	9
and pants	9
marlowe unit	9
tom 5	9
arrival they	9
a book	9
brown the	9
arrival there's	9
noise in	9
detroit near	9
person who	9
24 valid	9
westlake and	9
2011 toyota	9
sure she's	9
from another	9
on there's	9
okay in	9
might want	9
people yelling	9
male cleveland	9
jail i'm	9
an answer	9
10 in	9
copy there's	9
the title	9
hi i'm	9
sight of	9
its side	9
old friend	9
last two	9
repeat it	9
has gone	9
stage at	9
sure she	9
it's to	9
with 7	9
was 2	9
9 he's	9
the lagoon	9
in 209	9
tow i'll	9
night at	9
we let	9
wearing jeans	9
1 22	9
this truck	9
his wallet	9
number 503	9
could we	9
and based	9
violation and	9
no 2	9
minutes before	9
to please	9
one west	9
his front	9
the diner	9
diner bar	9
has since	9
be meeting	9
it's time	9
up towards	9
family home	9
11 that	9
boy 1	9
off leash	9
assist parking	9
i'd say	9
just return	9
the cafe	9
copy kufner	9
or 19	9
is looking	9
room 130	9
possibly coming	9
active fire	9
still good	9
1 14306	9
houses down	9
better description	9
between them	9
argument and	9
for three	9
marine tower	9
sitting right	9
not give	9
on but	9
1255 west	9
10-8 go	9
service at	9
of webb	9
lost sight	9
sit on	9
eastbound for	9
on up	9
8 back	9
a school	9
cheese and	9
male did	9
12915 clover	9
with at	9
21 17	9
that stolen	9
ahead do	9
wanna meet	9
dunkin' donuts	9
it's kinda	9
detroit they're	9
other customers	9
what it's	9
off when	9
17 there's	9
that individual	9
on blood	9
asked the	9
of canton	9
for hours	9
just shows	9
a delay	9
clear 10-4	9
gray or	9
2211 arthur	9
be approaching	9
his belongings	9
clearing shortly	9
with something	9
2014 ford	9
a like	9
5 minute	9
80 go	9
coral rock	9
no shirt	9
on par	9
five minutes	9
50 brown	9
to direct	9
edward 9	9
and en	9
2 responds	9
show car	9
girlfriend is	9
school in	9
in lake	9
black t-shirt	9
it's expiring	9
my personal	9
14 do	9
trapped groundhog	9
just making	9
2020 chevy	9
separate 10-4	9
she'd be	9
her child	9
property damage	9
copy en	9
call history	9
male beginning	9
paul 8	9
28 years	9
24 years	9
items that	9
the 15th	9
with black	9
webb road	9
11 could	9
at 03	9
he's by	9
50 traffic	9
was trespassed	9
13029 madison	9
19 could	9
set down	9
22 could	9
license no	9
down she	9
to complainant	9
a direct	9
ahead after	9
there called	9
cleveland it	9
shady cove	9
checked with	9
callback and	9
park by	9
the perfect	9
accessories plus	9
clearance prices	9
and merl	9
the branch	9
and won't	9
1363 bunts	9
male refusing	9
so maybe	9
the caution	9
17103 detroit	9
door now	9
14521 clifton	9
king 11790	9
bring her	9
the mission	9
picked it	9
in westlake	9
is frank	9
get 19	9
1 25	9
you needed	9
that expired	9
in river	9
3 12	9
this year	9
by there	9
the gecko	9
west philly	9
the cliffs	9
detector that	9
a 94	9
the 2016	9
1 clifton	9
10 tag	9
of on	9
was dropping	9
black he's	9
brown no	9
residents at	9
newman the	9
he appears	9
lakewood village	9
do copy	9
some information	9
heights pd	9
franklin ridgewood	9
2 clifton	9
lakewood ohio	9
power lines	9
the cross	9
midtown booth	9
alert from	9
wearing white	9
male over	9
trailer parked	9
trade in	9
long sleeve	9
lincoln 2	9
x-ray 4	9
birth 11	9
or intox	9
in reference	9
nora 1	9
20 17	9
either 1	9
09 03	9
ex girlfriend	9
1016 f	9
1 driving	9
wanna see	9
14 50	9
10 04	9
2 thousand	9
thousand and	9
lincoln 4	9
05 2026	9
door silver	9
okay 108	9
gonna transfer	9
7 install	9
engine 0	9
104 the	9
'20 4	9
2 60	9
10 18	9
l b	9
expired 03	9
info attached	9
only there's	9
henry 7	9
me 20	9
a with	9
05 10	9
expires 02	9
the 12000	9
union 5	9
king 6	9
is 04	9
20 5104	9
ridge road	9
15 2	9
get 2	9
bonnie view	9
02 22	9
has 1	9
10 2026	9
3 echo	9
from storm	9
of o	9
engine car	9
16 f	9
vehicle brake	9
40 3	9
westcliffe in	9
78 copy	9
18 o	9
1 no	9
04 i'm	9
mva 1	9
16 c's	9
50 9	9
zebra 1	9
at '26	9
09 2026	9
rebates expires	9
alarm shows	8
complainant's vehicle	8
13 did	8
again she	8
go from	8
george walter	8
anybody on	8
way on	8
for cit	8
it because	8
log back	8
car over	8
anyone able	8
it go	8
the story	8
couple 10-16s	8
westcliff in	8
showing out	8
211 at	8
you we	8
she's currently	8
to visit	8
a legal	8
and possession	8
you responding	8
be charlie	8
silver dodge	8
of 76	8
211 will	8
light it	8
way they	8
bike that	8
jail i'll	8
and quail	8
kufner was	8
lincoln 9	8
there's multiple	8
car as	8
like i'm	8
on cordova	8
near detroit	8
because i'm	8
good chance	8
before this	8
his girlfriend's	8
set sir	8
on brockley	8
assistance we'll	8
madison riverside	8
no evacuation	8
and removed	8
the mr	8
that somebody	8
further from	8
house right	8
don't like	8
their code	8
male requesting	8
good you	8
service they're	8
plate but	8
so is	8
has had	8
to end	8
hi kathy	8
a 91	8
at waterbury	8
been taking	8
of 10-8	8
line for	8
218 we	8
i'll grab	8
and richland	8
radar please	8
noises coming	8
through to	8
gas coming	8
the multi-gas	8
stage 4	8
copy medicine	8
have medic	8
copy athens	8
to 14755	8
2216 eldred	8
dispatch mark	8
1st district	8
male should	8
remove that	8
from one	8
thought they	8
an audi	8
belle in	8
on video	8
charles lincoln	8
the guys	8
the lookout	8
a kitchen	8
had on	8
elevator we	8
a foot	8
fix the	8
traffic signal	8
zebra edward	8
your order	8
on red	8
vehicles here	8
belle king	8
he stole	8
point out	8
why not	8
a mess	8
in rms	8
sloan the	8
clifton now	8
the keyholder	8
leaking from	8
queen yesterday	8
i-x number	8
who suffers	8
again to	8
grey toyota	8
other's a	8
64 can	8
copy break	8
just doing	8
the warrant's	8
with low	8
229 are	8
like and	8
out madison	8
10-2 can	8
warren to	8
them advised	8
his unit	8
medic one	8
manpower please	8
semi truck	8
black subaru	8
10-4 i've	8
responding over	8
some point	8
no on-	8
23 we're	8
213 traffic	8
14513 athens	8
party caller	8
calling him	8
employees said	8
liquid ice	8
needs an	8
she's outside	8
want those	8
zebra george	8
his father	8
warren delaware	8
i'm car	8
alright you	8
warren apartment	8
22 they're	8
213 are	8
3 front	8
15324 clifton	8
3's at	8
copies and	8
her home	8
building she's	8
disregard we	8
red in	8
it until	8
a silent	8
old stone	8
stone house	8
bunts unit	8
here yet	8
29 you're	8
he sent	8
choking on	8
being transported	8
dispatch mag	8
an audible	8
phone so	8
or what's	8
i'm stopping	8
gladys for	8
in around	8
saw some	8
cars the	8
toyota highlander	8
there doesn't	8
owner just	8
a motor	8
cleveland or	8
i'm aware	8
and pull	8
back we	8
the others	8
station we're	8
her bedroom	8
out again	8
belle is	8
just continue	8
now until	8
traffic 3	8
reason route	8
run was	8
driveway but	8
clifton go	8
about their	8
marginal just	8
10 of	8
for aggravated	8
lakewood family	8
south and	8
st luke's	8
young william	8
6 from	8
the weekend	8
music is	8
9-9 copy	8
said all	8
checked around	8
of earth	8
keep that	8
his daughter's	8
scene said	8
apartment to	8
couldn't be	8
clearance number	8
please run	8
westerly for	8
tower is	8
for male	8
want an	8
it's really	8
unknown reason	8
medic he's	8
9 in	8
house we're	8
copy code	8
fire car	8
there anybody	8
for 6	8
cleveland's on	8
house fire	8
will need	8
detroit someone	8
it's disabled	8
is edward	8
where to	8
set or	8
the morningside	8
struck the	8
to 203	8
over this	8
his bag	8
driving with	8
vehicle come	8
10-4 your	8
1 they're	8
was breathing	8
right i'll	8
1691 robinwood	8
obg for	8
3 was	8
two members	8
corner for	8
217 can	8
and moving	8
er and	8
by i'm	8
play in	8
house she's	8
park we're	8
so hopefully	8
3 detroit	8
show him	8
170 brown	8
all you	8
24 deal	8
have had	8
robert williams	8
not letting	8
2001 24	8
now not	8
a right	8
need our	8
assistance and	8
have access	8
right we	8
he's heading	8
behind there	8
his dad	8
2062 robin	8
13 that	8
2000 25	8
and alger	8
117th from	8
you're there	8
by my	8
the john	8
said for	8
can't copy	8
lakewood warrant	8
and garfield	8
warren king	8
correct i	8
that's negative	8
0 detroit	8
while the	8
comes to	8
26 listen	8
of river	8
river on	8
flight 6	8
female 5'2	8
set now	8
red honda	8
physical altercation	8
don't get	8
please let	8
of 86	8
from alameda	8
check all	8
gray sedan	8
possibly had	8
to woodward	8
traffic 2	8
too late	8
we're to	8
10-4 looks	8
at dl	8
208 traffic	8
a 53	8
225 black	8
virginia listing	8
of victor	8
the 13	8
relation to	8
they look	8
kufner it's	8
that's how	8
at 211	8
blue suv	8
i'll update	8
the husband	8
mary lincoln	8
lincoln zebra	8
13 he's	8
with earlier	8
mike king	8
owner moved	8
coming on	8
the ordinary	8
call station	8
er with	8
of 118	8
notes you	8
the beginning	8
shows she	8
41 valid	8
set 24	8
property i'll	8
i've added	8
signal at	8
data versus	8
part 10	8
off this	8
by madison	8
a crew	8
is home	8
203 are	8
put them	8
the delivery	8
to urgent	8
can't give	8
other information	8
or heard	8
coutant medic	8
letting you	8
manager and	8
numbers are	8
apartment 201	8
lakewood he's	8
it's 3	8
sorry it	8
lake can	8
in victoria	8
zebra union	8
told to	8
leave her	8
checking as	8
street said	8
25 10	8
alarm in	8
mars with	8
that plate's	8
little more	8
dewey's pizza	8
detroit road	8
radio i'm	8
check detroit	8
29 stall	8
around clifton	8
that detroit	8
water in	8
flex drive	8
of aldi	8
virginia plate	8
plate tom	8
of david	8
dl union	8
and sam	8
him what	8
street they	8
half in	8
203 go	8
is he's	8
the medic's	8
that patient	8
222 go	8
from me	8
zebra ida	8
10-4 station	8
red jeep	8
temporary id	8
plate you	8
for possession	8
paul ida	8
150 black	8
house we'll	8
truck to	8
indiana listing	8
floor at	8
move her	8
was called	8
the dad's	8
check start	8
205 notes	8
sir can	8
having stomach	8
heard of	8
one's arrived	8
cited the	8
tom 8	8
apartment 106	8
suicidal comments	8
9 20	8
to can	8
retrieve her	8
car key	8
probably 10-8	8
204 can	8
male but	8
truck there	8
3 be	8
william david	8
boy 8	8
side i'll	8
gas on	8
the midas	8
me she	8
is 30	8
keys on	8
before but	8
threats made	8
301 medic	8
follow-up i'll	8
not i'm	8
11 from	8
detroit cordova	8
think of	8
a more	8
observe any	8
around detroit	8
parked right	8
me again	8
10-8 he's	8
check behind	8
both are	8
cliff and	8
clifton 117th	8
your mail	8
property inbound	8
door i'm	8
parties on	8
drive a	8
berea 117th	8
number did	8
all have	8
me one	8
195 brown	8
check down	8
union nick	8
left him	8
female should	8
her friends	8
want anything	8
has returned	8
2 have	8
22 10-4	8
used the	8
an allergic	8
if needed	8
lakewood do	8
daughter she	8
27 at	8
at 05	8
incident on	8
3 500	8
will let	8
showing rear	8
night she	8
22 do	8
stall advise	8
it yet	8
of 14	8
tow notice	8
holding on	8
2018 ford	8
left i	8
family offense	8
stewart out	8
female officer	8
checks with	8
park that	8
with 16	8
nissan suv	8
owner showed	8
ohio on	8
vehicle towed	8
who's going	8
25 he's	8
the girl	8
to release	8
see radio	8
route the	8
toyota expires	8
got hit	8
is starting	8
the far	8
it's only	8
bridge right	8
117th at	8
plate i'll	8
this accident	8
fairview ed	8
charlie ocean	8
tom nick	8
check from	8
13 warren	8
22 for	8
her purse	8
third car	8
edward union	8
2024 kia	8
no she's	8
ida last	8
juveniles in	8
house 11850	8
follow her	8
and walking	8
more calls	8
station right	8
listing tom	8
could raise	8
us when	8
11 just	8
x-ray sam	8
the department	8
13 come	8
wire in	8
you're doing	8
a communication	8
for fire	8
traffic all	8
units can	8
209 could	8
day of	8
street called	8
wait on	8
to 1624	8
keeps falling	8
bag on	8
i contacted	8
leonard king	8
called she's	8
driveway at	8
on saturday	8
1 responds	8
cover you	8
and albert	8
secure 10-8	8
no evidence	8
officer regarding	8
wife said	8
and injured	8
up into	8
in those	8
he showed	8
you're just	8
can say	8
the dark	8
wrapped around	8
around his	8
of missouri	8
13 from	8
who did	8
and seems	8
disregard stall	8
he at	8
vehicle registered	8
assist we're	8
for henry	8
3 there's	8
a night	8
westbound in	8
the restroom	8
car off	8
dc for	8
gunshots in	8
us an	8
the lincoln	8
at 14300	8
number 207	8
on medicine	8
apartment now	8
one here	8
a flashlight	8
18 years	8
he no	8
the primary	8
call an	8
riverside with	8
any contact	8
son he	8
thinks they	8
218 are	8
10-8 it's	8
209 copy	8
moved we'll	8
10-7 to	8
name boy	8
vehicle please	8
unconscious but	8
on where	8
up alarm	8
been added	8
let it	8
reports that	8
state no	8
dog that	8
copies are	8
the process	8
i'll walk	8
this man	8
2026 expires	8
10-4 this	8
meet her	8
ocean william	8
she's possibly	8
not all	8
door it	8
is secured	8
by 4	8
2025 kia	8
211 10-7	8
2023 black	8
you write	8
mail with	8
assist you	8
station 17	8
touch with	8
the concrete	8
from around	8
bunts madison	8
can remain	8
call his	8
his blue	8
60 years	8
work today	8
thing that	8
grant elementary	8
the boy	8
notes can	8
24 clifton	8
on orchard	8
park place	8
lakeland with	8
any additional	8
check me	8
clifton we	8
walter x-ray	8
5 with	8
10-8 all	8
dl from	8
too many	8
expired july	8
assist lpd	8
male inside	8
or he's	8
west 112	8
name nora	8
ida king	8
partially blocked	8
10-8 break	8
that medic	8
and handle	8
chevy suv	8
detroit clearance	8
26 will	8
edward ocean	8
the hole	8
kids were	8
tracks henry	8
you're back	8
the start	8
30 to	8
north homestead	8
jump in	8
in 205	8
valid or	8
franklin st	8
on location	8
can destroy	8
was quite	8
i'm hilliard	8
to treat	8
208 i	8
who's not	8
hope you're	8
now that's	8
camera footage	8
of 79	8
the bunts	8
bunts is	8
like 2	8
ahead engine	8
with 5	8
the iax	8
iax number	8
still got	8
building there	8
the glass	8
lane on	8
parkway for	8
alright we'll	8
will try	8
from drug	8
a court	8
okay let	8
on how	8
are okay	8
officer said	8
got up	8
or where	8
light colored	8
running westbound	8
you sign	8
call here	8
coming i'm	8
224 you	8
1 right	8
this list	8
on olive	8
his bedroom	8
9 or	8
and westlake	8
times with	8
25 they're	8
there yesterday	8
tree and	8
boulevard and	8
it's currently	8
cleveland called	8
pills and	8
0 on	8
over now	8
with 24	8
room to	8
is called	8
9-3 is	8
6-8 copy	8
towed for	8
6 10-4	8
at garfield	8
12 29	8
number 519	8
the stretcher	8
in bay	8
left behind	8
her side	8
clifton can	8
1 dispatch	8
notes but	8
every day	8
well so	8
favor and	8
george boyd	8
a the	8
to peer	8
home health	8
a chair	8
yes he's	8
just please	8
left but	8
125-06 edgewater	8
cleveland now	8
wants him	8
i'm 117th	8
the 19th	8
resident just	8
warrant on	8
help and	8
wait in	8
3 she's	8
5th 3rd	8
living in	8
their property	8
a placard	8
forest cliff	8
cliff drive	8
1 wearing	8
he's like	8
everyone was	8
flagged over	8
so be	8
plate sam	8
him it's	8
to miss	8
call 1-800-bets-off	8
be as	8
house as	8
hazel she's	8
berea i'll	8
2010 black	8
10-4 in	8
dl or	8
center and	8
card expired	8
jail food	8
at 2033	8
lakewood on	8
front doors	8
they're talking	8
to each	8
juveniles were	8
lakewood emergency	8
some trouble	8
and rolling	8
meet that	8
1341 marlow	8
area 10-4	8
you ever	8
vehicle partially	8
copies for	8
the charges	8
info to	8
him we	8
are requesting	8
in 203	8
to family	8
place on	8
any sort	8
traffic here	8
you she's	8
513 medic	8
be 28	8
room 107	8
number 107	8
your arrival	8
naturally ventilated	8
a glass	8
14 000	8
000 detroit	8
212 i'll	8
hours now	8
set yes	8
light detroit	8
lights off	8
in 4	8
the lead	8
keep coming	8
an illinois	8
the operator	8
covered a	8
heard you	8
back 1	8
back there's	8
foot 200	8
belong to	8
charlie john	8
now walking	8
walking the	8
left at	8
a potential	8
lakewood car	8
said yes	8
female found	8
the vent	8
walk him	8
ford mustang	8
shall be	8
the tv	8
apartment was	8
owner's moving	8
ida queen	8
minutes on	8
was injured	8
around on	8
remember the	8
three males	8
on track	8
has pain	8
points on	8
transport release	8
to feed	8
building number	8
1538 west	8
vehicle again	8
was never	8
squad in	8
a on	8
run at	8
on 15	8
one minute	8
anything up	8
12 if	8
dropping off	8
5 will	8
apartment 12	8
dci i'll	8
route 19	8
be picked	8
employee from	8
with what	8
not copy	8
lodge 11837	8
2139 glenberry	8
calls the	8
lake i	8
1450 belle	8
belle the	8
getting to	8
it 10	8
arthur in	8
name in	8
cars have	8
a stray	8
a in	8
people were	8
hill to	8
on companies	8
cautions armed	8
a probation	8
juvenile was	8
23 on	8
have i	8
ocean henry	8
you're with	8
even if	8
on black	8
one it	8
zebra henry	8
from lakeland	8
downstairs unit	8
he hears	8
it coming	8
ovt for	8
madison but	8
10-4 any	8
has severe	8
come with	8
you transfer	8
chesterland and	8
utility pole	8
216 are	8
sent him	8
herself and	8
chrysler 200	8
info but	8
look to	8
we only	8
negative we	8
entry to	8
me anywhere	8
an alert	8
who took	8
you my	8
already you	8
around outside	8
10-3 respond	8
be like	8
is daniel	8
at 118	8
thanks i'm	8
and turned	8
say she	8
hat on	8
10-8 on	8
of noise	8
number 28	8
he's inside	8
right and	8
be either	8
brown is	8
those individuals	8
of 2002	8
10-7 is	8
male screaming	8
for quite	8
29 of	8
her unit	8
his garage	8
there her	8
is occupied	8
william frank	8
been here	8
between warren	8
other two	8
westbound for	8
say anything	8
you heard	8
house has	8
fairview to	8
that fairview	8
how she	8
on he's	8
just pulling	8
minute and	8
around but	8
same last	8
people here	8
just hang	8
she's probably	8
road number	8
been working	8
out when	8
yeah sorry	8
bring you	8
need transported	8
edgewater department	8
the deck	8
start on	8
residential there's	8
have command	8
have 3	8
in need	8
need of	8
detroit can	8
doing that	8
building at	8
being aggressive	8
28 disregard	8
left southbound	8
a partial	8
plate henry	8
but nothing	8
off their	8
her that's	8
up we	8
other info	8
that meal	8
report about	8
to order	8
a south	8
threatened him	8
door there's	8
24 he's	8
for shoplifting	8
be east	8
anything but	8
accident is	8
on i-90	8
20 dl	8
the delta	8
route shortly	8
my copy	8
will check	8
yes sorry	8
towers 125	8
injured her	8
detroit this	8
at 143	8
say he's	8
rear motion	8
saturday and	8
pole number	8
edgewater car	8
11801 clifton	8
18 of	8
service i'll	8
floor smoke	8
sorry is	8
male they're	8
of 2027	8
to speedway	8
and show	8
playing live	8
a jailer	8
weren't able	8
fedor 12400	8
in pain	8
red van	8
3 12400	8
scene it's	8
black on	8
to mail	8
water off	8
marijuana and	8
280 or	8
or 282	8
27 28	8
28 29	8
3 driver	8
burning in	8
station i'm	8
here 10-8	8
who they	8
22 or	8
police matter	8
location on	8
fiber optic	8
you but	8
loop back	8
music in	8
cleveland should	8
her son's	8
black acura	8
12039 edgewater	8
2009 chevy	8
218 i'll	8
since last	8
to 11820	8
should probably	8
gets there	8
as she's	8
there's anybody	8
alright the	8
because you	8
bunts john	8
38 years	8
seen it	8
george 4	8
chevy with	8
possible structure	8
park car	8
is high	8
bag of	8
the total	8
upset with	8
mileage 6	8
just has	8
a probate	8
and about	8
well she	8
the 10-16	8
dl please	8
get 29	8
8 copies	8
a spot	8
walk over	8
cars here	8
you found	8
there yet	8
out fairview	8
robert charlie	8
complaint about	8
like gas	8
a smith	8
14 14	8
in second	8
shows not	8
work we	8
disregard he	8
hurt her	8
address you	8
of middleburg	8
team with	8
having suicidal	8
building for	8
pool station	8
problem at	8
10-8 en	8
1614 lakewood	8
cch on	8
in cove	8
to 12943	8
her arm	8
10-4 dispatch	8
edgewater at	8
just 2	8
clifton is	8
promise file	8
help with	8
building he's	8
17 19	8
plate or	8
she's about	8
number 102	8
it's there	8
and medicine	8
checking at	8
40-year-old male	8
for contempt	8
downstairs neighbor	8
building i'm	8
having any	8
to hurt	8
and leaving	8
d u	8
way of	8
the cable	8
oncoming traffic	8
in mckinley	8
and cut	8
leaking gas	8
number 104	8
elevator on	8
with fire	8
i'm happy	8
the bedroom	8
at at	8
taken out	8
the x	8
open that	8
phone to	8
phone from	8
on quail	8
17 it's	8
him 1	8
robert first	8
to if	8
start another	8
another squad	8
no warrants	8
lakewood yard	8
edgewater room	8
303 medic	8
detroit said	8
and swearing	8
or phone	8
waiting downstairs	8
2700 lake	8
please medic	8
bunts room	8
you again	8
jump off	8
for 16	8
and of	8
be 10-4	8
apartment it's	8
times there's	8
a prior	8
we'll we'll	8
counter please	8
skyview manor	8
guy is	8
confirm please	8
she's inside	8
this all	8
apartment or	8
went northbound	8
get over	8
dispatch could	8
involved and	8
not emergency	8
hope you	8
the lockout	8
are doing	8
while you	8
grab some	8
behind and	8
minute or	8
missing person	8
thomas blackburn	8
to clarence	8
stop that	8
apartment 414	8
door here	8
you hand	8
to lockout	8
medic 117	8
have on	8
what's up	8
center west	8
edgewater square	8
female thinks	8
was removed	8
2 would	8
out looks	8
a volkswagen	8
one the	8
hello i'm	8
happy to	8
transport in	8
parking citation	8
the parks	8
gray jacket	8
water for	8
now do	8
proper code	8
done it	8
12060 lake	8
heading westbound	8
205 that	8
you bye	8
we stopped	8
command in	8
by switching	8
2 all	8
me her	8
entry and	8
using route	8
anything of	8
be calling	8
her this	8
station 202	8
pd is	8
she's down	8
harassed by	8
a vacuum	8
1 there	8
12 1	8
done on	8
plates for	8
cited driveway	8
apartment on	8
the 6	8
york state	8
west just	8
gave them	8
run on	8
detroit there	8
bag with	8
south from	8
mean to	8
towers 11720	8
smoke no	8
olmstead for	8
a 42	8
mazda 3	8
a table	8
blue hat	8
number 308	8
station parking	8
stair chair	8
zebra nora	8
yes thank	8
the officer's	8
himself he's	8
the mouth	8
apartment 1007	8
they're concerned	8
today he	8
10-4 are	8
not responsive	8
okay to	8
we're sending	8
the reserve	8
very upset	8
boulevard in	8
kia sorento	8
it anymore	8
to and	8
black gmc	8
elber lane	8
are yelling	8
per hour	8
passing west	8
take one	8
01 detroit	8
listed at	8
got like	8
and 40	8
hear some	8
adam charles	8
your city	8
edgewater he	8
apartment 204	8
1384 beach	8
resident has	8
we cut	8
the 10th	8
to on	8
a statement	8
lake ave	8
moved i	8
debris in	8
to there	8
west at	8
301 for	8
robin the	8
apartment 520	8
two minutes	8
think my	8
just made	8
be involved	8
run and	8
speak english	8
front he	8
to michael	8
way but	8
lane of	8
you shut	8
edgewater is	8
couldn't hear	8
to i-90	8
canceled no	8
id for	8
kill him	8
up an	8
know she's	8
for ag	8
park when	8
same as	8
name edward	8
name but	8
on private	8
talking loud	8
just drive	8
victor zebra	8
sitting here	8
winter haven	8
307 for	8
i'm adding	8
birth when	8
apartment we're	8
we already	8
her landlord	8
x-ray william	8
his family	8
please transfer	8
off so	8
sometime last	8
there then	8
office john	8
updated location	8
203 we're	8
loud noises	8
resident on	8
units in	8
his stuff	8
up as	8
head she	8
name lincoln	8
hall for	8
edgecliff manor	8
and resisting	8
confirm this	8
through michigan	8
his medical	8
charlie side	8
also back	8
dump truck	8
look into	8
12231 clifton	8
said something	8
her stuff	8
hat black	8
park he	8
homeless and	8
lewis the	8
house now	8
the 14300	8
19 what's	8
get anywhere	8
easy out	8
younger black	8
entrance of	8
25 minutes	8
1 minute	8
117th can	8
1 also	8
listing come	8
clifton engine	8
male red	8
headed back	8
you help	8
maybe i	8
10 the	8
second car	8
listing it's	8
the volkswagen	8
obt and	8
4 or	8
they're supposed	8
unit 16	8
title it	8
273 and	8
this station	8
is inside	8
13 at	8
being in	8
dunkin donuts	8
weapons under	8
old no	8
road job	8
lost the	8
13751 madison	8
32 years	8
david 8	8
should get	8
making any	8
into some	8
room motion	8
clearance the	8
charles john	8
anything so	8
was sleeping	8
her father	8
scene there's	8
yes this	8
in 12	8
lane 1	8
her garage	8
last four	8
route i'm	8
wires are	8
the transformer	8
second and	8
had left	8
him not	8
chasing him	8
he's parked	8
copies we	8
happened about	8
care for	8
is suicidal	8
2023 nissan	8
who that	8
tom william	8
the detector	8
that honda	8
1556 newman	8
apartment 605	8
the buildings	8
service as	8
off now	8
male blue	8
it like	8
17 name	8
you they	8
i must	8
second caller	8
room 203	8
boyd edward	8
keep checking	8
good thanks	8
alarms going	8
10 madison	8
your personal	8
yeah my	8
bunts o'neill	8
me they	8
and reset	8
okay sounds	8
maybe we	8
lake it's	8
copy sorry	8
covered someone	8
atkins medic	8
firearms in	8
she needed	8
the general	8
was disconnected	8
mcdonald's with	8
just sleeping	8
a 45	8
going home	8
bring them	8
know he's	8
refusal signed	8
northbound at	8
them we're	8
of marlowe	8
month old	8
copy with	8
just find	8
answering his	8
the turn	8
madison near	8
to escort	8
214 i'll	8
squad with	8
updated cad	8
how the	8
there's people	8
throwing items	8
detail he's	8
she's sitting	8
to launch	8
boyfriend was	8
those kids	8
it okay	8
while on	8
male looks	8
month for	8
he works	8
know a	8
14 or	8
your right	8
feet tall	8
run up	8
she hears	8
queen 7	8
southwest really	8
to bed	8
road it's	8
sure this	8
to anybody	8
she turned	8
215 10-7	8
inside to	8
cove i	8
blue pants	8
say i	8
green hoodie	8
black sweatpants	8
things being	8
grove for	8
me clear	8
john 6	8
the off	8
12 21	8
a 52	8
you stay	8
leave that	8
25 for	8
is lpd	8
squad we're	8
garage she	8
to corky's	8
will head	8
frank zebra	8
gray sweatshirt	8
pants the	8
and dl	8
complaint he	8
driving around	8
color the	8
book bag	8
leave his	8
plate the	8
117 clifton	8
inside that	8
our meter	8
14530 madison	8
dispatching all	8
14 11	8
and hall	8
16 of	8
house we	8
exactly sure	8
7 detroit	8
call 1	8
73 we're	8
patient assisted	8
car available	8
outside but	8
walking over	8
so now	8
3 frank	8
issued myself	8
202 for	8
release on	8
on brown	8
be north	8
here said	8
tracks and	8
19 o'clock	8
19 she's	8
her money	8
this might	8
residents are	8
has high	8
no driver	8
everyone can	8
van on	8
x-ray edward	8
belle mason	8
just says	8
paul william	8
advised about	8
and hasn't	8
a perimeter	8
on clarence	8
his neighbor's	8
just because	8
shot himself	8
out her	8
now going	8
26 1	8
white tank	8
just cleared	8
to alger	8
tracks john	8
hopkins and	8
zebra john	8
counter and	8
suicidal female	8
area here	8
clifton we're	8
area checked	8
boyd george	8
is victor	8
27 if	8
15 30	8
truck 3	8
it yes	8
i took	8
a low-hanging	8
left he	8
in 25	8
and co	8
on team	8
a 78	8
it's getting	8
was screaming	8
contact cleveland	8
with 4	8
contact info	8
knife and	8
his pocket	8
somebody out	8
just hung	8
lines and	8
pull the	8
the 25	8
200 madison	8
be related	8
store he's	8
st james	8
reinstate no	8
pulling on	8
15 from	8
way if	8
just confirming	8
coughing please	8
about 7	8
planning on	8
officer that	8
leaving in	8
your end	8
jeans a	8
17 king	8
4 17	8
of calls	8
and margaret	8
1514 hopkins	8
17 medic	8
3 hours	8
side cars	8
to access	8
lot there's	8
zebra tom	8
19 a	8
alger for	8
3 madison	8
fire out	8
fell possibly	8
19c dispatch	8
90 on	8
fry overlook	8
city phone	8
to 1433	8
gave us	8
the actual	8
come off	8
care at	8
main library	8
copy but	8
15610 madison	8
between mckinley	8
advised i'm	8
oh the	8
arguing for	8
that's locked	8
3 beats	8
coutant number	8
sweatpants and	8
there refusing	8
park she	8
copy nicholson	8
mckinley overpass	8
being followed	8
guys wanna	8
couple plates	8
to number	8
lakewood garden	8
same date	8
pickup out	8
before that	8
it she's	8
back seat	8
that over	8
he's detained	8
with dark	8
copies from	8
ahead did	8
park now	8
update on	8
can't make	8
under control	8
black hooded	8
khaki pants	8
at 1342	8
northbound towards	8
the eastern	8
up your	8
calling now	8
from across	8
you almost	8
a doordash	8
doordash driver	8
who were	8
down into	8
john x	8
david charlie	8
edward 2	8
of mayfield	8
2 station	8
the urgent	8
copy 20	8
advised i'll	8
tattoos on	8
a 44	8
up it	8
one south	8
if someone's	8
inn for	8
child is	8
sighted the	8
when we're	8
and noticed	8
male green	8
evaluated declined	8
in command	8
1438 hopkins	8
time tag	8
1279 andrews	8
wants no	8
and id	8
can log	8
send to	8
camera i	8
to 208	8
drive around	8
aren't working	8
208 go	8
caution shows	8
a generator	8
arm and	8
ridgewood medic	8
to wagar	8
or smell	8
have gone	8
cei is	8
224 respond	8
to bp	8
2061 carabel	8
information i'm	8
from giant	8
1245 hathaway	8
7 or	8
the dealer	8
a wallet	8
out all	8
ahead male	8
up there's	8
traffic or	8
complainant will	8
back no	8
on chesterland	8
get 14	8
ahead he's	8
2 500	8
on no	8
second time	8
car are	8
he only	8
that so	8
2009 morrison	8
summer's greatest	8
greatest hits	8
our lowest	8
lowest prices	8
prices of	8
macy's savings	8
at around	8
heights a	8
73 do	8
license but	8
the richland	8
273 go	8
property tree	8
sam yesterday	8
upstairs 37	8
be 3	8
to days	8
to 27	8
unsure where	8
pants black	8
black expires	8
is following	8
not drive	8
hour in	8
that info	8
too loud	8
be by	8
north lot	8
covered the	8
working with	8
door 1	8
east for	8
there yeah	8
ahead a	8
1 check	8
side there's	8
for wires	8
16915 detroit	8
bravo side	8
25 off	8
valid cdl	8
207 are	8
probably 10	8
there's 4	8
4 people	8
issues in	8
no reason	8
1323 lakewood	8
at dollar	8
easier to	8
4 he's	8
shorts black	8
1447 ridgewood	8
20 black	8
green out	8
end pub	8
11922 madison	8
riverside medic	8
bike and	8
ahead frank	8
here was	8
union our	8
insured by	8
by ncua	8
13437 clifton	8
drove off	8
wants that	8
not needed	8
or 7	8
criminal tools	8
7 of	8
red buick	8
isn't in	8
apartment 410	8
3 15	8
a jean	8
27 that	8
fireworks in	8
double checking	8
houses north	8
202 could	8
explains that	8
hundred and	8
clifton near	8
for 39	8
a misunderstanding	8
1 211	8
our flight	8
tsa precheck	8
flagship credit	8
male status	8
station launch	8
goes by	8
private tree	8
13535 detroit	8
they're already	8
these individuals	8
1322 sloan	8
225 can	8
be some	8
port number	8
bus shelter	8
and wanted	8
property impound	8
it's quite	8
robert 7	8
the motorcycle	8
him walking	8
o l	8
12 just	8
pc was	8
checked there	8
in arlington	8
vehicle 1	8
of way	8
an o	8
personal phone	8
have at	8
area no	8
lakeland the	8
shorts a	8
else checks	8
in january	8
apartment b	8
flying rib	8
affirmative i	8
with on	8
any fireworks	8
david last	8
1 by	8
start up	8
clifton arlington	8
experience a	8
from lincoln	8
don't hear	8
park haven	8
robert boy	8
figured out	8
new vehicle	8
6 at	8
t at	8
one's responding	8
check-in for	8
14227 delaware	8
the blackbird	8
sorry do	8
we may	8
copy new	8
address was	8
25 years	8
8 10	8
be clifton	8
berea in	8
on wascana	8
03 2002	8
104 in	8
vehicle side	8
and 108	8
couple 10	8
wanna place	8
gonna transport	8
02 08	8
70 9	8
0 copy	8
20 '2	8
city 10	8
george 5	8
her 2	8
05 00	8
14 8	8
6 engine	8
08 and	8
there's 3	8
door black	8
wanna get	8
gonna return	8
10107 at	8
30 1	8
08 19	8
wanna just	8
how may	8
expired 02	8
02 and	8
is 08	8
5601 madison	8
1 43	8
b 10	8
30 2	8
slow rolling	8
or 108	8
7 11	8
'1 17	8
12 30	8
02 can	8
birth 04	8
are 10	8
said 108	8
an expiration	8
60 brown	8
1 echo	8
09 30	8
channel companies	8
to waterbury	8
0 west	8
at 09	8
wagon place	8
you 1	8
cleveland 08	8
for 108	8
tom 2	8
15 connect	8
06 01	8
04 11	8
20 18	8
on '17	8
03 20	8
108 with	8
1 same	8
02 30	8
13 10	8
expired 01	8
to hurd's	8
coughing for	8
for commercial	8
02 00	8
20 '5	8
medic 0	8
14 dl	8
zebra 5	8
in store	8
expires 08	8
22 almost	8
henry 4	8
07 11	8
walgreens 1	8
70 8	8
104 i'll	8
15 what	8
expires 01	8
1 55	8
zebra 2	8
2511 clifton	8
16 30	8
henry 2	8
between nicholson	8
set 108	8
hour 10	8
14 amount	8
15118 detroit	8
by 1	8
available now	8
2 white	8
valley no	8
of nebraska	8
comma spelling	8
and elbur	8
at 14760	8
courtesy 2026	8
proof credit	8
she helped	8
violence and	7
22 he	7
second to	7
again if	7
code 2	7
didn't need	7
in again	7
code 1	7
that accident	7
lost his	7
so no	7
traffic was	7
out no	7
her mother's	7
court and	7
to adam	7
and adam	7
man that	7
in last	7
a zone	7
turns out	7
easy to	7
com or	7
ones who	7
boy young	7
for weapons	7
210 i'm	7
been disregarded	7
220 you	7
lakewood in	7
off franklin	7
say your	7
of summit	7
the make	7
be warren	7
expired on	7
be taken	7
the late	7
get our	7
radio clearance	7
car we'll	7
way this	7
violation the	7
occupied times	7
the like	7
mazda station	7
off running	7
22 that's	7
body cam	7
see i'm	7
and acting	7
footage of	7
complainant didn't	7
follow the	7
assist lsd	7
off she's	7
top floor	7
fourth floor	7
building we	7
have nothing	7
i'll copy	7
lincoln date	7
cleveland 28	7
in brown	7
area where	7
place and	7
belongings and	7
32 i'm	7
parma heights	7
hasn't had	7
numbers again	7
it thanks	7
a left	7
dispatch medicare	7
11 she's	7
off they	7
left lane	7
clear us	7
9 from	7
lyft driver	7
it being	7
room 239	7
having back	7
house there's	7
downstairs car	7
the hotel	7
patient at	7
10-9 i	7
from edgewater	7
set over	7
if anybody's	7
for 9	7
to choose	7
the job	7
that's great	7
by two	7
two other	7
second listing	7
listing comes	7
2148 waterbury	7
a downstairs	7
is transforming	7
the doctor	7
i edit	7
edit notes	7
1-4600 detroit	7
subaru forester	7
this alarm	7
employees called	7
it took	7
uto we'll	7
on by	7
117th detroit	7
2 200	7
the cover	7
way she	7
and should	7
him this	7
crossing over	7
was added	7
green light	7
zebra zebra	7
room 215	7
side for	7
can disturb	7
9 10-8	7
11 30	7
money he	7
sedan that's	7
sam george	7
that red	7
of trespass	7
her when	7
the 22	7
13 notes	7
in october	7
pretty big	7
but looks	7
go we're	7
order and	7
walter lincoln	7
neighbor that	7
any music	7
17 new	7
mva one's	7
13 will	7
a texas	7
x-ray victor	7
watching the	7
immigrant son	7
car not	7
and paraphernalia	7
mac 2's	7
search and	7
190 black	7
the investigation	7
awake and	7
honda suv	7
court assisted	7
living 13315	7
ohio city	7
advised his	7
to king	7
10-4 215	7
separated we'll	7
202 if	7
fairview 117th	7
make him	7
i a	7
set can	7
of them's	7
at address	7
to 1510	7
off 10-8	7
suspect's vehicle	7
say it's	7
parked his	7
car come	7
just seen	7
building management	7
clifton andrews	7
enough for	7
state valid	7
probably in	7
here's one	7
w 117th	7
cit report	7
just here	7
location and	7
hilliard the	7
just note	7
number just	7
owner she	7
park is	7
some info	7
into cars	7
they made	7
he then	7
at king	7
listed for	7
contact at	7
if one	7
the subaru	7
2022 toyota	7
involvement at	7
23 you're	7
i work	7
number 21	7
been sleeping	7
reason why	7
services llc	7
manor 11849	7
that lakewood	7
close and	7
on engine	7
lakewood lakewood	7
9 a	7
hold there	7
to reason	7
children that	7
copy heard	7
23 10-4	7
10-8 you're	7
so long	7
they only	7
a mobile	7
once i'm	7
5 brown	7
28 in	7
good we'll	7
me he's	7
it also	7
inside we'll	7
10-4 10	7
64 i'll	7
last three	7
thanks a	7
a nuisance	7
hello and	7
king norah	7
traffic please	7
westerly 143	7
wagar the	7
room smoke	7
fire was	7
a two-car	7
at i'm	7
and cranford	7
previous events	7
parties arguing	7
residents were	7
brown in	7
color was	7
what floor	7
on copies	7
safe and	7
ems calls	7
black first	7
female client	7
to list	7
like anyone's	7
they're here	7
person and	7
that possibly	7
that intersection	7
4 madison	7
fire a	7
117th madison	7
traffic control	7
edward ida	7
1 henry	7
mva minor	7
there you're	7
the ride	7
check i'm	7
remain unseen	7
female went	7
you talking	7
right i	7
apartment 9	7
mean i	7
it's stuck	7
west forest	7
second call	7
is vance	7
on 6	7
dropped him	7
and throw	7
2015 lark	7
enter that	7
both white	7
all gray	7
and morrison	7
that go	7
10-7 standing	7
to i'm	7
last names	7
down i'm	7
downstairs male	7
to charge	7
the adult	7
kill herself	7
king at	7
front window	7
that resident	7
to 217	7
sober party	7
your info	7
female 5'3	7
180 black	7
report i	7
5 10-7	7
some officers	7
dispatch copies	7
set tonight	7
you enter	7
their parking	7
terms and	7
station please	7
22 same	7
she only	7
him you	7
a street	7
him 24	7
right for	7
3 what	7
of light	7
person was	7
hill and	7
apartment i'm	7
5 we'll	7
property we're	7
correction medic	7
potential companies	7
of family	7
kill himself	7
service they	7
in winchester	7
to approach	7
is heading	7
heading in	7
expires august	7
around her	7
12 22	7
aldi parking	7
pay for	7
warren john	7
other charges	7
misdemeanor theft	7
gladys and	7
please turn	7
clothing and	7
vehicle right	7
been at	7
13 what	7
and right	7
burg alarm	7
26 she's	7
17 you're	7
high heart	7
hilliard riverside	7
lakewood just	7
2012 black	7
owner i'm	7
church for	7
next is	7
on like	7
will start	7
sedan that	7
on tuesday	7
and headed	7
and drive	7
can describe	7
not 100	7
madison mars	7
valid 10-4	7
walgreens 117-01	7
to buy	7
for whatever	7
the brookfield	7
him it	7
truck blue	7
walk around	7
or have	7
parked near	7
was locked	7
walk out	7
shoes and	7
to 26	7
13 they're	7
anything matching	7
she's here	7
sorry medic	7
2006 toyota	7
she lost	7
violation original	7
passenger and	7
open i'm	7
1385 riverside	7
earlier at	7
route could	7
copy roger	7
paul norah	7
21 all	7
the obt	7
is some	7
alarm but	7
front car	7
16 listening	7
lincoln i'll	7
charles william	7
or possibly	7
cove be	7
giving her	7
plate 1	7
24 it's	7
to 12400	7
of lakeland	7
gas king	7
and vomiting	7
no but	7
building it's	7
thinks there's	7
home i	7
his birthday	7
23 valid	7
the small	7
i run	7
through clear	7
it lists	7
11 she	7
a card	7
him being	7
16 franklin	7
listening for	7
mva involving	7
truck here	7
plates on	7
and contact	7
we cleaned	7
had me	7
i d	7
the funeral	7
through an	7
the 2019	7
david 9	7
224 10-8	7
thanks i'll	7
this room	7
i live	7
unlock the	7
to waterford	7
a case	7
silver and	7
10-4 sorry	7
lincoln 3	7
station 13	7
not giving	7
you he	7
where his	7
the sunoco	7
is william	7
detroit matthews	7
lying on	7
name george	7
on matthews	7
probably like	7
of 2016	7
a virginia	7
5 he	7
here tonight	7
any parking	7
lobby right	7
of 5	7
unit is	7
just meet	7
ed to	7
passenger in	7
tampered with	7
fire away	7
bar motion	7
i read	7
red subaru	7
call 9-1-1	7
welcome back	7
10-8 24	7
no not	7
dispatch maxi's	7
if nobody's	7
upstairs female	7
only able	7
did call	7
29 10	7
205 he's	7
parked over	7
11843 edgewater	7
gold toyota	7
24 did	7
her silver	7
have hit	7
of burger	7
such as	7
and halstead	7
fire up	7
there looks	7
of trespassing	7
longer there	7
maintenance and	7
lincoln boy	7
the 1600	7
hilliard mckinley	7
24 at	7
wasn't very	7
1450 west	7
customer was	7
an anthony	7
parking and	7
this number	7
light madison	7
her chest	7
edge of	7
house i'm	7
an 88	7
female nurse	7
copies disregard	7
detroit is	7
left she's	7
13 same	7
you traffic	7
vehicles have	7
10-7 the	7
something with	7
to exit	7
exit the	7
garage is	7
a transfer	7
10 2	7
marlowe king	7
24 check	7
number 22	7
suspended and	7
corky's 13302	7
can disperse	7
pardon me	7
just watch	7
building checks	7
ok we'll	7
no name	7
thanks everyone	7
area everything	7
point is	7
to sloan	7
and lauderdale	7
second we're	7
tendencies known	7
both males	7
berea i'm	7
this sunday	7
they're checking	7
car door	7
madison can	7
2024 ford	7
come talk	7
saying his	7
one stop	7
where's that	7
and him	7
remainder of	7
listing and	7
hear people	7
the answer	7
apartment 404	7
has left	7
wash please	7
said she'd	7
stays in	7
to 12506	7
notice left	7
listing edward	7
you'll have	7
do 19	7
resident is	7
car's in	7
and 116th	7
offense caution	7
in action	7
time so	7
a nose	7
a daniel	7
born in	7
that 10-16	7
number 603	7
john norah	7
gonna advise	7
vehicle moves	7
noticed a	7
have enbridge	7
odor coming	7
of no	7
apartment 721	7
keeps passing	7
we're driving	7
is 7	7
a parent	7
is sgt	7
on duty	7
reporting to	7
jailer ending	7
released by	7
past mckinley	7
those other	7
block at	7
90 and	7
from over	7
like that's	7
the plane	7
cleveland data	7
brown i'm	7
with 28	7
please pick	7
returning car	7
there anymore	7
dad and	7
22 with	7
charlie mary	7
arthur just	7
ready i'm	7
place king	7
203 on	7
seeing it	7
5 just	7
scott out	7
cleveland 1	7
under us	7
tow and	7
quite on	7
11 12	7
make my	7
separate ways	7
clear if	7
you their	7
failed to	7
to chart	7
coughing up	7
for warren	7
apartment 11	7
to webb	7
plate series	7
stairs and	7
manager is	7
also checked	7
a wrap	7
woodward with	7
off car	7
spelling first	7
209 go	7
male have	7
william ida	7
and kenilworth	7
franklin west	7
216 we'll	7
2 south	7
from cart	7
copy edgewater	7
90 brown	7
chrysler 4	7
driveway to	7
is 16	7
while he's	7
by you	7
black bmw	7
detail we'll	7
disregard station	7
119th and	7
3 weeks	7
his shoulder	7
you transporting	7
the shoulder	7
2 staging	7
first thing	7
building was	7
be investigated	7
for joining	7
several days	7
mike 1	7
westbound lanes	7
threatened her	7
king parking	7
there may	7
notes will	7
10-4 companies	7
area to	7
rest for	7
25 27	7
out west	7
lakeland female	7
spot on	7
11904 detroit	7
26 stall	7
people being	7
a 75-year-old	7
75-year-old female	7
such a	7
are eastbound	7
terminated at	7
or outside	7
building he	7
still around	7
anybody has	7
rise and	7
okay from	7
can't really	7
adams sam	7
then that	7
trespassing at	7
old mother	7
be safe	7
detroit elevator	7
was laying	7
had just	7
threatening suicide	7
to wake	7
and making	7
21 we	7
doesn't work	7
is cancelled	7
send another	7
ocean zebra	7
someone get	7
ones out	7
detroit resident	7
august of	7
truck but	7
hi i	7
at signature	7
211 10-4	7
temporarily out	7
and 318	7
25 211	7
a sign	7
after this	7
4 we'll	7
arcing at	7
it started	7
mckinley with	7
216 can	7
neighbors said	7
gun in	7
lake speak	7
while and	7
plate i'm	7
vehicle there	7
not she	7
female's calling	7
vehicle a	7
green color	7
a light-skinned	7
and 26th	7
of 03	7
over you	7
17 stall	7
gmc terrain	7
brockley for	7
for disabled	7
20 if	7
received an	7
original call	7
pedestrian struck	7
someone out	7
had their	7
lake is	7
the girls	7
toyota tundra	7
john 0	7
103 for	7
today he's	7
do an	7
valid to	7
staying on	7
the a	7
to room	7
we're closing	7
construction site	7
in scene	7
license for	7
listing adam	7
road right	7
jackson on	7
seen or	7
in john	7
25 back	7
can update	7
cited driver	7
for elderly	7
the orange	7
suspect from	7
gonna hang	7
22 this	7
on 18	7
florida dl	7
cleveland 35	7
just playing	7
and tracks	7
16 madison	7
grab her	7
driveway in	7
17 we	7
stall any	7
bring that	7
the older	7
be i	7
mary ida	7
nick ida	7
22 franklin	7
lincoln young	7
the low	7
and he'd	7
copy 18	7
madison richland	7
returning patient	7
pulling down	7
cleveland i	7
we'll stay	7
you 2	7
10-4 sir	7
dispatch what	7
apartment 714	7
i'm responding	7
lemon pepper	7
sitting down	7
camera that	7
credit cards	7
the set	7
a 22	7
mercedes station	7
in regard	7
the fast	7
fast lane	7
companies this	7
truck will	7
1's arrived	7
2013 kia	7
evaluated refuse	7
you're fine	7
a walker	7
this cat	7
25 valid	7
matching the	7
my truck	7
221 i'm	7
222 i'm	7
an abandoned	7
10-9 i'm	7
i'm playing	7
i'll bring	7
time i'm	7
ago the	7
908 medic	7
please find	7
3-car mva	7
needed a	7
same one	7
detroit hopkins	7
that driveway	7
porch and	7
she looked	7
colored hoodie	7
all she	7
10 minute	7
between both	7
25 lake	7
a fall	7
his warrants	7
lakewood king	7
on vehicle	7
your address	7
29 all	7
set that	7
1016 c	7
be unit	7
we've done	7
run back	7
area it	7
having thoughts	7
they're pulling	7
be number	7
male voluntarily	7
truck off	7
sam first	7
current id	7
medic can	7
medic wants	7
tree that's	7
clifton if	7
office 1475	7
female beginning	7
i'm stuck	7
bring up	7
negative we're	7
responding back	7
injured but	7
sam mike	7
day we'll	7
because that	7
time medic	7
boyd john	7
a doa	7
some money	7
and yes	7
no for	7
route also	7
a west	7
and 72	7
her he's	7
on 901	7
a poll	7
place the	7
is aware	7
key in	7
25 he	7
room 109	7
a handicap	7
handicap spot	7
updated the	7
found an	7
205 you	7
north at	7
were cited	7
engine mileage	7
seeing that	7
download the	7
the app	7
as high	7
16 17	7
2011 chevy	7
dodge challenger	7
king harry	7
no harm	7
truck from	7
25-year-old female	7
to cbs	7
can buzz	7
you tomorrow	7
on wagar	7
of ccso	7
are heading	7
through here	7
that passed	7
gray car	7
15 they're	7
10-4 you're	7
cars i'm	7
food store	7
924 for	7
lake engine	7
freezing out	7
117 that's	7
to match	7
and somebody	7
another deal	7
a fraud	7
generic voicemail	7
text to	7
brother is	7
scene going	7
21 the	7
the apartment's	7
question is	7
on granger	7
minutes if	7
11 it's	7
of valley	7
20 miles	7
could also	7
mva general	7
checked ok	7
i wanted	7
that but	7
and queen	7
wind out	7
us over	7
3 people	7
if they'll	7
control and	7
scene go	7
food in	7
box in	7
a plan	7
will work	7
her license	7
all head	7
12 same	7
be closer	7
with ohio	7
light he	7
he almost	7
117 i	7
white charger	7
you talk	7
inn with	7
male believes	7
goa will	7
at 129	7
be more	7
expired 12	7
2 female	7
call he	7
paid a	7
clear after	7
time they	7
franklin winchester	7
radius on	7
in possession	7
location again	7
don't we	7
23 years	7
here myself	7
hold it	7
detroit it	7
woodward south	7
from river	7
park right	7
has bond	7
for everything	7
counter with	7
lockout on	7
2019 black	7
harding middle	7
an altercation	7
and waiting	7
and asking	7
50 edgewater	7
detroit manager	7
only patient	7
car too	7
listening is	7
their separate	7
while i'm	7
18 we	7
loud on	7
paid for	7
property he's	7
ride with	7
king edwards	7
brown male	7
what's happening	7
201 we're	7
feel safe	7
and 15th	7
me real	7
the crash	7
for kufner	7
chevy trax	7
the drop	7
17 they're	7
north madison	7
female back	7
for copy	7
cruising around	7
at 1450	7
lakewood community	7
office parking	7
to management	7
26 for	7
and matthews	7
department 314	7
dark grey	7
10 cash	7
outstanding parking	7
not you	7
about 5'8	7
leave she	7
she finally	7
male of	7
raising canes	7
hair she	7
the trust	7
29 rush	7
117 medic	7
taking him	7
negative it	7
45 brown	7
sorry we	7
brown with	7
went around	7
be no	7
room i	7
ago on	7
the wait	7
it takes	7
the 2010	7
contact was	7
was parking	7
lake they	7
just being	7
at 27	7
winchester with	7
we said	7
31 2026	7
8 we're	7
2005 chevy	7
black man	7
they're possibly	7
i'm alright	7
lake 117	7
call 911	7
on back	7
verified we're	7
11851 detroit	7
airbag deployment	7
single car	7
of victoria	7
off she	7
we're there	7
was cleared	7
unit of	7
both these	7
building said	7
you happen	7
right after	7
notes i'm	7
and wells	7
is known	7
you maybe	7
circle k	7
run this	7
madison morrison	7
pit bull	7
show on	7
it hard	7
minute i	7
some pain	7
pressure is	7
its hazards	7
1492 ridgewood	7
her feet	7
some parties	7
anything you	7
and chesterland	7
nissan truck	7
to 229	7
an electric	7
lane with	7
17315 madison	7
a normal	7
how's the	7
identify the	7
shows normal	7
been terminated	7
yeah no	7
no charges	7
richmond heights	7
without id	7
19 real	7
the scanner	7
somebody said	7
i'm asking	7
engine 23	7
or flames	7
detector going	7
madison side	7
2022 white	7
the witness	7
running to	7
lease trust	7
trust additional	7
3 a	7
lost it	7
said as	7
any officers	7
that down	7
lakewood i'm	7
they continued	7
females on	7
3 males	7
check east	7
at i	7
old is	7
exactly what	7
and who	7
a battery	7
area you	7
anything inside	7
kia 4-door	7
store i	7
to 72	7
contact number	7
apparently he	7
haven't gotten	7
13 this	7
down if	7
we good	7
believe that's	7
madison if	7
if you've	7
and 0	7
19 does	7
have more	7
15 this	7
david 7	7
for unauthorized	7
the pain	7
over 2	7
dangerous drug	7
i sat	7
for sale	7
is harassing	7
work out	7
sir i'm	7
the feed	7
went inside	7
west coast	7
a vacant	7
lunch is	7
of place	7
nodding off	7
delaware the	7
29 for	7
1-5500 detroit	7
driver's not	7
of corky's	7
can the	7
beginning miles	7
whole house	7
took possession	7
george 9	7
3 first	7
west palm	7
guess i	7
cvs for	7
vehicle started	7
received proper	7
pressed their	7
203 medic	7
his ankle	7
claiming that	7
someone has	7
edgewater complainant	7
in severe	7
dispatch 911	7
lewis out	7
our company	7
a wall	7
221 the	7
the active	7
wants she	7
years of	7
of age	7
214 i'm	7
medicine in	7
right you	7
engine 13	7
route car	7
command engine	7
partial power	7
it lakewood	7
location we	7
engine companies	7
out about	7
sign on	7
all i'm	7
now saying	7
the pumps	7
27 disregard	7
exchange info	7
copy she	7
reaching out	7
hazard at	7
tonight 10-4	7
closer from	7
address or	7
my next	7
he parked	7
now this	7
needs the	7
was smoking	7
homeowner and	7
we'll continue	7
continue the	7
quick mart	7
green he's	7
are to	7
10-4 202	7
18 19	7
22 23	7
30 31	7
31 32	7
32 33	7
33 34	7
34 35	7
35 36	7
36 37	7
37 38	7
at 224	7
contact their	7
employee at	7
security guard	7
edgewater with	7
following it	7
a mixed	7
they're passing	7
lincoln frank	7
followed him	7
him into	7
it around	7
2015 toyota	7
heading west	7
returned home	7
you detail	7
closed and	7
way he's	7
last month	7
scene of	7
left he's	7
window but	7
21 will	7
an i	7
it won't	7
uber and	7
and male	7
and almost	7
clifton french	7
isn't working	7
her go	7
toyota four-door	7
this individual	7
carry a	7
him his	7
illinois listing	7
hopkins king	7
assist at	7
anything she	7
an air	7
blue brown	7
dl that	7
coutant the	7
victor mary	7
him some	7
did an	7
hood up	7
to james	7
from three	7
for concern	7
access the	7
franklin medic	7
2012 nissan	7
and obstructing	7
entered the	7
property she	7
219 for	7
vehicle had	7
your response	7
dodge caravan	7
to playground	7
to dollar	7
we're off	7
cleveland is	7
by lakewood	7
can walk	7
for there's	7
david 2	7
in person	7
her co	7
can enter	7
union charles	7
no social	7
the get	7
coming around	7
14615 detroit	7
gave a	7
been reset	7
reset car	7
fallen and	7
13123 detroit	7
traffic i'll	7
1 so	7
type 2	7
out switching	7
dob is	7
permit file	7
pushing a	7
16 coming	7
times to	7
rolling around	7
the winking	7
there another	7
their door	7
an assault	7
a home	7
seems very	7
lobby and	7
x-ray yesterday	7
detroit 305	7
list assist	7
the manager's	7
room 105	7
me 10-4	7
we turned	7
just lost	7
you'll need	7
legs are	7
clifton virginia	7
and 19th	7
medic choosing	7
outside her	7
okay 19	7
violations observed	7
ocean charles	7
tracks i	7
she's found	7
lethargic and	7
your medic	7
first letter	7
department number	7
number 15	7
someone had	7
filed a	7
from woodward	7
power is	7
by kufner	7
young robert	7
sam last	7
17th north	7
or some	7
paperwork and	7
times he's	7
3 o'clock	7
queen tom	7
okay 18	7
1b is	7
18 respond	7
some residents	7
arriving we're	7
we're staging	7
bunts to	7
opposite side	7
out 2	7
clifton code	7
to 14701	7
back where	7
after we	7
cameras that	7
virginia for	7
i'll tell	7
left shoulder	7
his knee	7
got my	7
to northland	7
are added	7
standby i	7
gonna ride	7
10-7 go	7
outside arguing	7
lakewood cove	7
get 70	7
wagon the	7
fc on	7
of 69	7
that thanks	7
a woman	7
not right	7
shoot me	7
hospital in	7
26 warren	7
issue and	7
at joe's	7
at starbucks	7
13728 madison	7
2 no	7
floor he	7
lake lakewood	7
catholic academy	7
main campus	7
now back	7
we're already	7
through and	7
without being	7
3 second	7
male appears	7
be homeless	7
reach the	7
if maybe	7
maybe they	7
apartment 108	7
feeling a	7
is i	7
to eat	7
waterbury is	7
squad i'll	7
winchester 12112	7
id in	7
kicked out	7
set a	7
bringing it	7
apartment 502	7
has low	7
93 is	7
that belongs	7
the airbags	7
her yard	7
about someone	7
in december	7
already left	7
desk call	7
leave i	7
truck black	7
now are	7
male checks	7
shows an	7
coutant just	7
to 12511	7
madison speak	7
left about	7
tennis shoes	7
but has	7
there copy	7
few houses	7
refusal of	7
it belongs	7
do this	7
the large	7
yelling that	7
was another	7
23 to	7
on thrush	7
for i	7
they're being	7
loudly and	7
the client	7
the perimeter	7
70 copy	7
not very	7
initial is	7
1438 winchester	7
nothing for	7
be you	7
want this	7
trying a	7
high fever	7
running with	7
of 2023	7
hyundai accent	7
court in	7
not and	7
the dumpster	7
barking and	7
clifton union	7
department they	7
area so	7
64 i'm	7
resisting and	7
having seizures	7
for court	7
dodge truck	7
right one	7
edgewater male	7
our cars	7
chevy expires	7
bags of	7
this scene	7
is closer	7
mcgee and	7
12215 clifton	7
black lexus	7
caution is	7
10-8 that	7
from wells	7
screen door	7
2 27	7
waiting there	7
vehicle off	7
you she	7
be assuming	7
inside she	7
crew is	7
beach avenue	7
3 years	7
some things	7
boy ida	7
possibly trying	7
until 11	7
right arm	7
ago but	7
the furnace	7
hear back	7
being harassed	7
her let	7
van parked	7
negative just	7
has two	7
that's about	7
on cranford	7
ramp at	7
3 lakeshore	7
side pain	7
out clifton	7
go private	7
vehicles we'll	7
any place	7
3 same	7
2200 lewis	7
16 it's	7
13 that's	7
a walgreens	7
tan jacket	7
didn't mean	7
we're being	7
food on	7
on truck	7
now copy	7
the shore	7
said everything	7
side i'm	7
or she	7
last call	7
parked here	7
she suffers	7
12543 clifton	7
copies responding	7
continue in	7
they're down	7
what's our	7
me john	7
great copy	7
call westcom	7
mva unknown	7
scene truck	7
female stated	7
a 61	7
driver we'll	7
stole her	7
apartment 910	7
or less	7
eagle for	7
re-secured the	7
26 you're	7
3 not	7
nothing physical	7
that also	7
card as	7
terminate pursuit	7
where'd you	7
guy who	7
almost at	7
off as	7
been outside	7
something wrong	7
at mars	7
number 103	7
502 medic	7
to brown	7
with white	7
of altercation	7
traffic i'm	7
thing you	7
phone again	7
second if	7
were up	7
man i	7
frank charles	7
it's expired	7
few numbers	7
4 all	7
this shows	7
accidental activation	7
crisis and	7
in 10-4	7
male it's	7
cars is	7
there first	7
him meet	7
stuff in	7
know for	7
start with	7
someone sleeping	7
berkshire number	7
patient found	7
that cad	7
sorry 15	7
blue or	7
plates john	7
cordova for	7
1 14300	7
for warrant	7
made her	7
minutes for	7
1026 medic	7
2 plates	7
olivewood for	7
waiting out	7
house he's	7
2016 ford	7
yes she's	7
1 only	7
29 a	7
the alleyway	7
we'll stop	7
1 here	7
advised with	7
dark brown	7
took care	7
in florida	7
1634 winchester	7
hear someone	7
of favor	7
area just	7
where in	7
they're good	7
downstairs and	7
at kitty	7
see traffic	7
name william	7
from any	7
employee that	7
possibly an	7
check their	7
grace for	7
meeting at	7
call over	7
to black	7
both out	7
we're down	7
transfer the	7
can stage	7
in can	7
call open	7
at engine	7
is racing	7
racing and	7
dispatch you're	7
dispatcher medic	7
since they	7
us another	7
25 okay	7
madison grace	7
guy on	7
llc at	7
and checked	7
12500 detroit	7
streets and	7
of 13	7
of information	7
aristocrat assisted	7
station medic	7
there within	7
sugar is	7
is extremely	7
sending it	7
stuff out	7
assuming that	7
view of	7
lift in	7
concerned that	7
utl on	7
walgreens 117	7
jump out	7
have history	7
6 medic	7
a dci	7
lincoln charlie	7
of alarm	7
negative they	7
that wants	7
609 medic	7
rosewood for	7
doesn't match	7
220 traffic	7
2 00	7
having to	7
flock at	7
morning franklin	7
21 franklin	7
madison employee	7
company truck	7
that appears	7
of being	7
green jacket	7
a rear	7
but was	7
3 b	7
harrison elementary	7
asthma attack	7
just don't	7
station 10-4	7
walter adam	7
lane at	7
14 10-8	7
alarm has	7
silver coast	7
14 driver	7
the doghouse	7
hit something	7
sir if	7
this at	7
bus he	7
works there	7
and 30	7
consumer and	7
pinging to	7
in westwood	7
possible disabled	7
a steven	7
william victor	7
from unit	7
an 83	7
203 if	7
2 10-4	7
24 4	7
westerly apartments	7
out was	7
15 she	7
clifton warren	7
211 do	7
heights she's	7
the d	7
alarm keeps	7
employees and	7
building here	7
out they	7
at 23	7
male bald	7
her too	7
try another	7
weapons he	7
the voicemail	7
court date	7
subject is	7
here when	7
29 yeah	7
of 21	7
residents and	7
for black	7
14 10-4	7
cvs on	7
is too	7
call but	7
left assist	7
like 4	7
the southern	7
14 for	7
apartment with	7
goes back	7
what you're	7
ahead check	7
me 10-7	7
madison clearance	7
were about	7
white hoodie	7
and daughter	7
coast guard	7
house 11839	7
complaint will	7
the door's	7
their parents	7
said king	7
know about	7
i'm bunts	7
companies stand	7
around back	7
edgewater i	7
in trouble	7
here copy	7
didn't notice	7
229 go	7
the law	7
business and	7
doors open	7
inside a	7
both 10-8	7
2 times	7
a maintenance	7
are gone	7
we find	7
daughter who	7
driver it's	7
he's near	7
floor we	7
illinois plate	7
location we're	7
lake carlisle	7
subject to	7
join us	7
closing on	7
ean holdings	7
25 west	7
sam 4	7
treatment or	7
2-8 i'm	7
sorry that's	7
the utility	7
another name	7
2008 18	7
of riverside	7
it gets	7
of 01	7
are people	7
with kingboy	7
1549 rockway	7
in area	7
at marine	7
13 in	7
her knee	7
9 did	7
suv in	7
numbers to	7
been doing	7
level 1	7
shouldn't be	7
company for	7
disregard if	7
came outside	7
2019 lake	7
this just	7
male right	7
avenue medic	7
back right	7
side here	7
119 22	7
show units	7
will do	7
pd for	7
container and	7
apartment that	7
to file	7
go by	7
1615 warren	7
expiring at	7
2016 white	7
clifton new	7
we're stopping	7
young zebra	7
20 the	7
by herself	7
breathing or	7
red car	7
evaluated refusal	7
sorry king	7
park shore	7
1 not	7
ocean queen	7
7 we'll	7
signature house	7
checked both	7
nurse said	7
at 1311	7
road she	7
detail from	7
please he's	7
ending miles	7
50 on	7
the 2018	7
2018 blue	7
a hot	7
message if	7
juveniles they	7
respond or	7
15 truck	7
us 10-4	7
made to	7
the 2009	7
you play	7
dl robert	7
arrested him	7
sign a	7
to throw	7
asking about	7
a open	7
the woman	7
and cannot	7
parking deck	7
health 14701	7
missing a	7
dog running	7
running loose	7
pretty much	7
pole in	7
head injury	7
car behind	7
going from	7
we able	7
stop or	7
party left	7
lake whittier	7
4 it	7
called requesting	7
stand on	7
wrapping up	7
the search	7
good they	7
to about	7
medic sir	7
cleveland was	7
118 20	7
the subject's	7
ever been	7
ida date	7
of about	7
walk into	7
disregard thank	7
hey i'm	7
neighbor was	7
mva i	7
her porch	7
detroit out	7
believe is	7
not could	7
lobby area	7
he attempts	7
was holding	7
report please	7
pay the	7
detroit by	7
taking his	7
1 call	7
some help	7
female also	7
female passed	7
check lakewood	7
medic are	7
spelling middle	7
pass the	7
the 18	7
and arlington	7
seeing him	7
john michael	7
just laying	7
1347 belle	7
advised a	7
and paul	7
27 detroit	7
franklin to	7
what state	7
wondering if	7
cleveland valid	7
19 they're	7
to george	7
someone broke	7
windshield wiper	7
with copd	7
punched him	7
morning the	7
times the	7
20 he's	7
get hit	7
mary union	7
those warrants	7
notes the	7
park if	7
off her	7
is 8	7
heading his	7
and atkins	7
companies the	7
and gold	7
and 90	7
were sent	7
was random	7
complainant did	7
the event	7
stop down	7
room 126	7
213 10-8	7
and whippoorwill	7
the data	7
ground upon	7
road just	7
14 cars	7
to sam	7
21 of	7
they're driving	7
14 23	7
charles in	7
here about	7
okay did	7
are currently	7
called earlier	7
involved is	7
it keeps	7
a crime	7
minutes i	7
the lagoons	7
19 yes	7
today but	7
move along	7
19 kufner	7
see it's	7
disabled in	7
number 908	7
him while	7
a george	7
2 211	7
david 5	7
no there's	7
the path	7
car went	7
he's looking	7
no noise	7
haven in	7
paul 6	7
feeling weak	7
detroit that	7
thinks someone	7
pants she	7
with negative	7
at 11839	7
had them	7
this afternoon	7
person against	7
2 over	7
booked in	7
15 you're	7
black pickup	7
notes here	7
number 20	7
maybe like	7
to trent	7
be her	7
them it's	7
sent her	7
stop to	7
he's had	7
clifton they	7
took him	7
fell over	7
of public	7
they're sitting	7
calm down	7
were already	7
gray mazda	7
do i'm	7
red blue	7
to hayes	7
219 to	7
dogs that	7
who this	7
car coming	7
completely out	7
warren at	7
22 medic	7
contacted the	7
you 15	7
enough to	7
got eyes	7
whatever you	7
power in	7
we're waiting	7
2230 lincoln	7
medina county	7
stolen on	7
is concerned	7
time frame	7
11 same	7
it's already	7
she calls	7
plate charlie	7
that okay	7
david tom	7
upstairs and	7
ago for	7
her ex-boyfriend	7
41 marlowe	7
apartment 403	7
station the	7
caught the	7
delaware with	7
the houses	7
us or	7
house they	7
keeps coming	7
was giving	7
these kids	7
at 1500	7
a 51	7
apartment 443	7
an intoxicated	7
dark color	7
white shoes	7
mcdonald's and	7
separate you	7
sam boy	7
of pickup	7
was entered	7
us down	7
again at	7
assisted no	7
athens in	7
my 3's	7
10-4 7	7
mva damage	7
calls at	7
the button	7
1 staging	7
issues we'll	7
get around	7
of i	7
a charles	7
me but	7
dispatch 93	7
the 9	7
second 10-4	7
a 14	7
description is	7
franklin they're	7
9 franklin	7
entering the	7
their alarm	7
on marine	7
checked inside	7
of giant	7
9 madison	7
waiting by	7
center on	7
3 they're	7
to sgt	7
time at	7
just over	7
address so	7
crossed over	7
further north	7
run him	7
still checking	7
disregard he's	7
old child	7
11 a	7
270 is	7
school bus	7
guy with	7
clear on	7
company the	7
number we	7
a student	7
yes can	7
loop around	7
72 are	7
before and	7
case they	7
lot a	7
or hear	7
to deliver	7
in there's	7
the garden	7
cleared for	7
suspicious and	7
i'll ask	7
sorry sir	7
available at	7
belle from	7
to 142	7
then we're	7
evening and	7
blonde hazel	7
12026 clifton	7
doors that	7
but would	7
residence he	7
19 just	7
that little	7
sign is	7
207 to	7
lot henry	7
head for	7
29 cars	7
were coming	7
appears the	7
2 she	7
franklin the	7
them can	7
clarence number	7
me no	7
the rush	7
almost done	7
female cleveland	7
computer is	7
checking here	7
registered owner's	7
area if	7
few people	7
joe's deli	7
feeder manor	7
in so	7
50 i'm	7
done in	7
some damage	7
3 south	7
franklin near	7
i'll actually	7
breathing she's	7
to ohio	7
boyfriend and	7
of cincinnati	7
between athens	7
ready go	7
am 10	7
juveniles on	7
their bikes	7
anything we	7
general 15311	7
can't locate	7
guess they're	7
they located	7
9-1-1 hang	7
a bridge	7
1600 newman	7
investigating 10-4	7
complained that	7
questions about	7
her around	7
way he	7
william 9	7
205 go	7
her phone's	7
male id	7
checking a	7
we started	7
picks up	7
neighbor and	7
be car	7
dl valid	7
truck when	7
sam 7	7
spot for	7
to 0	7
work done	7
his arms	7
near madison	7
0 at	7
11711 lake	7
that's when	7
copy 7	7
1272 warren	7
some construction	7
were having	7
complaint you	7
be careful	7
18 it's	7
a shotgun	7
kids playing	7
school at	7
go take	7
now no	7
no worries	7
park female	7
couple other	7
long brown	7
down madison	7
with brown	7
hanging from	7
marlowe car	7
20 24	7
child that	7
we walked	7
i attempted	7
the mulch	7
from mcdonald's	7
she in	7
2112 northland	7
over 10-4	7
detail the	7
with 12	7
of marijuana	7
be confused	7
a color	7
right the	7
available can	7
the sally	7
sally port	7
alarm they're	7
breathing she	7
is pretty	7
chesterland the	7
19 listing	7
side the	7
working i	7
to trigger	7
to maybe	7
not leave	7
wanted them	7
they're eastbound	7
make up	7
savings off	7
just crossed	7
number 209	7
was reunited	7
pole that	7
windows were	7
young 9	7
check secured	7
us any	7
we're outside	7
you no	7
copy good	7
73 go	7
by detroit	7
for white	7
tree fell	7
your transmission	7
please print	7
robert 3	7
coffman park	7
park 15424	7
station that	7
there either	7
light in	7
someone can	7
male may	7
emergency department	7
1361 phelps	7
lincoln george	7
1580 lauderdale	7
vehicle said	7
robert 6	7
at 1481	7
1481 st	7
the jl	7
direct call	7
1659 rosewood	7
paul george	7
had already	7
the entry	7
brown has	7
to 1570	7
back stall	7
ahead david	7
lobby motion	7
they're heading	7
2 be	7
at woodward	7
solstice steps	7
male 5-10	7
the carlton	7
ahead no	7
gmc suv	7
5 people	7
park john	7
for rocky	7
elementary school	7
212 could	7
from car-10	7
9 do	7
her life	7
cleveland 29	7
a orange	7
male checked	7
ian holding	7
of verbal	7
1508 lauderdale	7
cars be	7
day is	7
your coupon	7
coupon or	7
or macy's	7
macy's card	7
shop father's	7
day specials	7
50-60 off	7
give love	7
love today	7
off regular	7
and drove	7
power to	7
apartments for	7
07 and	7
set set	7
fireworks and	7
7 will	7
his uncle	7
fire pit	7
they started	7
lauderdale for	7
done there	7
at about	7
apparently he's	7
1 have	7
copy have	7
2 take	7
merl and	7
on merl	7
be sleeping	7
pulled a	7
be found	7
eastbound traffic	7
landlord and	7
found for	7
1298 edwards	7
ahead second	7
her with	7
upset and	7
7 respond	7
10-8 affirm	7
ahead so	7
stray dog	7
the card	7
his plate	7
window to	7
hanging up	7
to hand	7
he threw	7
gray dodge	7
so a	7
ahead 1	7
vehicle added	7
missed that	7
card at	7
because her	7
both wearing	7
2020 honda	7
up they're	7
and chase	7
jean shorts	7
neighbor's house	7
upstairs apartment	7
apartment 32	7
copy lewis	7
missing juvenile	7
a brian	7
emerald necklace	7
order in	7
peter lincoln	7
you believe	7
cream colored	7
staff was	7
1670 lauderdale	7
12102 madison	7
116 with	7
3 with	7
27 we	7
20 am	7
ahead okay	7
on travel	7
a 07	7
2017 silver	7
her there's	7
a 2002	7
idea where	7
phone it's	7
way 10-4	7
ahead she	7
newman medic	7
long ago	7
few phone	7
name or	7
plate it	7
medic 7	7
for out	7
lincoln yesterday	7
david 3	7
showing in	7
lakewood fire	7
lincoln apartment	7
birthday is	7
cleveland 21	7
truck at	7
company that	7
your listing	7
at south	7
like you're	7
hall medic	7
ohio police	7
fire scanner	7
scanner dispatch	7
company of	7
fireworks going	7
o copy	7
it's stolen	7
11 what's	7
for summer	7
summer at	7
miles are	7
information visit	7
what sounds	7
hanging wire	7
or down	7
athens to	7
a pool	7
in march	7
would not	7
the slot	7
1 off	7
door expired	7
female patient	7
104 just	7
white cadillac	7
second can	7
a mountain	7
3 charlie	7
at on	7
building 11	7
i drove	7
service squad	7
a eta	7
16934 detroit	7
26 could	7
1586 coutant	7
coutant unit	7
running at	7
waterbury in	7
still parked	7
nora date	7
10 or	7
2 lakewood	7
bank and	7
further attached	7
70 and	7
2 there	7
1 32	7
standing water	7
27 copies	7
the radar	7
is damaged	7
60 1	7
7 20	7
no status	7
victor 9	7
can check-in	7
19 10	7
franklin lakewood	7
20 second	7
09 and	7
climb on	7
4 males	7
x-ray 2	7
1 4312	7
1415 clearance	7
'20 7	7
2 down	7
dialed in	7
wanna start	7
apartment 808	7
1 75	7
8 charlie	7
30 3	7
11 back	7
see 1	7
two's back	7
mileage 4	7
1990 35	7
17 carbon	7
12 15	7
a g	7
80 i'm	7
i'll follow-up	7
from saint	7
17 south	7
up 1	7
large 1	7
that's attached	7
20 '6	7
2020 '6	7
04 03	7
to o'neil	7
9 90	7
4 dl	7
20 30	7
okay 10	7
permit holder	7
birth 06	7
1 85	7
what what	7
'29 and	7
10 5	7
a '20	7
0 female	7
for 02	7
29 just	7
companies at	7
attention for	7
cross of	7
between 2	7
in '29	7
107 on	7
the manner	7
restaurant in	7
lakewood library	7
c x	7
11 19	7
kia k	7
15 listing	7
05 21	7
06 28	7
1 65	7
10 14	7
wanna call	7
3 route	7
29 3	7
16 medic	7
now what	7
eastbound east	7
home the	7
lincoln 7	7
seventeenth with	7
wanna confirm	7
2 hundred	7
10 shop	7
bank 1	7
a from	7
wanna advise	7
1 but	7
from 01	7
expiration is	7
with 108	7
08 03	7
at 0	7
10 brown	7
expires 07	7
6 please	7
2 o	7
13 2	7
on saint	7
chase lane	7
lpd 10	7
set 10	7
1 comes	7
there 2	7
route 1	7
17 berea	7
paul 1	7
fidor manor	7
2 100	7
madison saint	7
9 listen	7
11 20	7
the marina	7
william 2	7
call requesting	7
male check's	7
need 1	7
to en	7
detroit cohassett	7
harlan is	7
elbur and	7
route cafe	7
1 now	7
limited time	7
time offers	7
offers available	7
now lease	7
lease the	7
39 months	7
months 10	7
000 miles	7
per year	7
year or	7
4 000	7
credit retired	7
tax title	7
title license	7
first payment	7
signing must	7
must trade	7
available rebates	7
males 1	7
to explore	7
1 person	7
charles franklin	7
expires 09	7
trade at	7
may help	7
at hy	7
at nebraskamed	7
nebraskamed com	7
credit 299	7
dealer based	7
manufacturer rebates	7
2 30	7
old harper	7
harper buying	7
buying an	7
80 vintage	7
vintage rock	7
rock t	7
great investment	7
investment to	7
to harper's	7
harper's mom	7
mom this	7
this logic	7
logic has	7
few holes	7
helped harper	7
harper open	7
a wells	7
fargo clear	7
clear access	7
access banking	7
banking account	7
account with	7
no overdraft	7
overdraft fees	7
and tools	7
track spending	7
spending harper's	7
harper's learning	7
learning 1	7
1 heavy	7
heavy metal	7
metal t	7
time however	7
that terms	7
visit wellsfargo	7
wellsfargo com	7
slash deposit	7
deposit disclosures	7
disclosures for	7
for fees	7
and details	7
have 4	6
that engine	6
station number	6
should not	6
please we	6
218 we'll	6
see we're	6
guys got	6
break and	6
ems for	6
building we're	6
in is	6
yes that	6
and talked	6
during a	6
she'll call	6
is dead	6
us he	6
requesting assistance	6
been called	6
go now	6
your information	6
me call	6
and how	6
copy radio	6
she's yelling	6
things and	6
it show	6
to log	6
suspicious vehicle	6
that pulled	6
12 for	6
maybe he	6
left you	6
story of	6
by grainger	6
grainger for	6
who get	6
217 dl	6
showing an	6
on 13	6
no female	6
bit i	6
of 06	6
29 at	6
tendencies break	6
trafficking and	6
pickup entering	6
it's sam	6
ocean charlie	6
then i'm	6
not it	6
male first	6
attempt a	6
have radio	6
of 82	6
the downed	6
station 2's	6
here break	6
2024 honda	6
a word	6
up yet	6
peter edward	6
190 brown	6
vehicles will	6
117th north	6
east at	6
the co	6
male be	6
and obstruction	6
walker out	6
any idea	6
running but	6
10-4 please	6
head towards	6
and two	6
floor there's	6
floor she	6
smell anything	6
company switch	6
delta side	6
screaming that	6
she's talking	6
and car's	6
24 she's	6
many times	6
the meal	6
is 29	6
getting around	6
of scene	6
listening king	6
left turn	6
we make	6
vehicle so	6
waterbury medic	6
detroit meet	6
enter again	6
her meds	6
of weapons	6
need 3	6
traffic at	6
9 they're	6
cove car	6
party stuck	6
of enterprise	6
both on	6
1231 of	6
loud tv	6
50 lake	6
10-4 company	6
at 1284	6
refusal ama	6
sounding on	6
o'clock this	6
said not	6
when she's	6
she's asking	6
asking her	6
3's responding	6
transported by	6
court is	6
hilliard john	6
whenever he	6
colored vehicle	6
plates parked	6
202 we'll	6
area from	6
to 2148	6
been feeling	6
on parkwood	6
parkwood and	6
4 no	6
cab number	6
breathing 1381	6
from 10-8	6
locate his	6
dog on	6
service life	6
by another	6
we call	6
forward to	6
20 hours	6
hours i	6
to music	6
boyfriend is	6
29 in	6
that welfare	6
check again	6
correct one	6
park king	6
copy 23	6
probably up	6
and up	6
cat out	6
police say	6
say there's	6
region route	6
check check	6
check them	6
traffic lights	6
of 1450	6
nora robert	6
i knew	6
stealing from	6
now turning	6
had another	6
male stuck	6
locate them	6
rear entrance	6
break it	6
on apartment	6
mva female	6
18120 sloan	6
breathing at	6
is transferred	6
the assistant	6
to re-secure	6
nobody's answering	6
a cab	6
this appears	6
parties and	6
o'neal 13900	6
lincoln franklin	6
detroit cook	6
northwood for	6
turned up	6
23 they're	6
she's 34	6
or 29	6
sloan for	6
wants i'm	6
it happens	6
release due	6
wants his	6
mike 2's	6
for i'm	6
legal spot	6
273 traffic	6
traffic we	6
23 traffic	6
it's black	6
is arguing	6
it almost	6
it actually	6
know on	6
5'11 160	6
key bank	6
at 1337	6
cbs 117	6
person to	6
owner arrived	6
father is	6
2 close	6
finding a	6
working for	6
the suspect's	6
partner's on	6
warren he's	6
in 202	6
sure no	6
their unit	6
back yard	6
marginal for	6
copied the	6
17 listing	6
the complainants	6
14710 lake	6
lake they're	6
they're receiving	6
clifton granger	6
306 medic	6
i'm fresh	6
in row	6
okay are	6
car going	6
seems okay	6
returning with	6
be starting	6
try running	6
older black	6
his 50s	6
11 they're	6
cleveland he	6
little confused	6
on spring	6
caller i	6
car stopped	6
it 24	6
stating he	6
detroit of	6
king 5	6
allowed on	6
radio for	6
perimeter set	6
franklin at	6
woodward hilliard	6
hilliard just	6
way so	6
two different	6
westbound and	6
cars were	6
also checking	6
thanks we'll	6
and our	6
yet i	6
might not	6
mary victor	6
drive it	6
any noise	6
room 101	6
are 10-7	6
and keep	6
heard some	6
female checks	6
noise is	6
haven for	6
drove up	6
the 11	6
female state	6
wife is	6
tried knocking	6
alarm there	6
male diabetic	6
number 740	6
copy let's	6
more on	6
wheelchair and	6
minute 2	6
they hear	6
to garfield	6
someone and	6
heights i	6
also and	6
madison he's	6
guess i'll	6
got several	6
for launch	6
social for	6
complainant by	6
norah mary	6
called he's	6
be primary	6
for live	6
with female	6
think there	6
two-car mva	6
play for	6
we deal	6
you wouldn't	6
have black	6
thanks copy	6
on floor	6
members from	6
i'm alive	6
hey guys	6
a male's	6
1277 code	6
506 medic	6
guys outside	6
not with	6
34 years	6
take another	6
another parking	6
sure exactly	6
24 yeah	6
saw two	6
two on	6
someone up	6
release him	6
anyone out	6
out soon	6
other lakewood	6
sense of	6
valid i	6
is jason	6
residents they	6
majority of	6
29 what	6
115 of	6
that noise	6
honda and	6
one back	6
head he	6
guys see	6
the 7-11	6
says i'll	6
11713 lake	6
29-year-old male	6
dispatch medics	6
stuck there	6
headed southbound	6
throw it	6
at 2015	6
lark apartment	6
niagara and	6
ahead please	6
michael adam	6
anywhere near	6
this information	6
foot in	6
female took	6
way through	6
before she	6
out how	6
lake that	6
shooting off	6
for vehicles	6
squad please	6
just picked	6
a coffee	6
reports of	6
guys come	6
beach the	6
202 did	6
around as	6
24 that	6
14 of	6
of 73	6
female over	6
and lane	6
males outside	6
are screaming	6
i've checked	6
70 they're	6
check an	6
road if	6
and wind	6
06 detroit	6
27 10-4	6
detroit you	6
traffic you're	6
the mercury	6
the target	6
be transferred	6
friend or	6
party there	6
her saying	6
2117 halstead	6
sheila wilkes	6
has all	6
out around	6
checking around	6
back he's	6
and southbound	6
we clear	6
dad is	6
euclid on	6
female shows	6
me lewis	6
take us	6
franklin it's	6
lakewood is	6
thanks i	6
heights just	6
from delaware	6
advised they'll	6
without paying	6
neck and	6
saying i'm	6
edgewater she	6
honda fit	6
again we'll	6
taking on	6
it that's	6
red jacket	6
1274 idlewood	6
21 in	6
heights is	6
she returns	6
returns to	6
number 414	6
202 on	6
gone for	6
stopping on	6
foot from	6
complaints of	6
arrive on	6
30 seconds	6
retrieve his	6
rate and	6
ds when	6
permit is	6
get 13	6
26 25	6
2017 red	6
70 are	6
park it	6
congregational church	6
grove in	6
that about	6
to steal	6
detroit lakeland	6
her white	6
headed westbound	6
what's wrong	6
unlike him	6
on east	6
100 sure	6
not hearing	6
we're knocking	6
we'll look	6
believe there's	6
alarm's going	6
listing sam	6
the game	6
of 84	6
anything i'll	6
last exit	6
much thank	6
11 cars	6
also i'll	6
how we	6
young last	6
in danger	6
suv is	6
it's our	6
10-4 comes	6
drive on	6
at arthur	6
said and	6
and 28th	6
checks are	6
copy sloan	6
the building's	6
15 out	6
medical treatment	6
needing any	6
1 adam	6
sees you	6
a christopher	6
to 204	6
female it	6
inn on	6
me comes	6
the clinic	6
late for	6
in lakeland	6
who can	6
details of	6
21 he	6
log in	6
15 was	6
line up	6
with chest	6
intersection and	6
to i'll	6
that's stuck	6
warren i'm	6
is ryan	6
of union	6
coutant for	6
them being	6
heard with	6
traffic has	6
2-i copy	6
10-4 be	6
moore out	6
turn right	6
says both	6
203 he's	6
police is	6
is accessible	6
this would	6
jersey plate	6
be david	6
a 3-year-old	6
caller's info	6
226 i'm	6
area now	6
david at	6
2018 black	6
10-4 209	6
209 are	6
called 9-1-1	6
26 he's	6
case of	6
from medicare	6
dispatch frank	6
to trayton	6
plates gonna	6
with michigan	6
eyes he's	6
run an	6
28 is	6
15 he	6
2015 nissan	6
location it's	6
25 us	6
drove past	6
for east	6
to charlie	6
22 10-8	6
detroit engraver	6
neighborhood officers	6
to f	6
riverside i	6
24 2	6
jacket the	6
ford taurus	6
70 is	6
car we're	6
24 out	6
117th street	6
conduct and	6
cleveland if	6
we're transferring	6
them because	6
that property	6
first district	6
accidentally set	6
station 205	6
athens on	6
male you're	6
15 more	6
checking westbound	6
from granger	6
description the	6
a friend's	6
copy him	6
held up	6
please head	6
up going	6
205 check	6
suspended ccw	6
choose your	6
don't be	6
keep copy	6
thing out	6
that indiana	6
and again	6
first car	6
owner we'll	6
well we're	6
within 3	6
the can	6
female's vehicle	6
newman female	6
with maintenance	6
a expired	6
pounds brown	6
just talk	6
into all	6
he's throwing	6
28 go	6
2024 volkswagen	6
volkswagen station	6
upstairs at	6
for strangulation	6
29 24	6
good on	6
owner here	6
not it's	6
10-8 at	6
house it's	6
212 10-7	6
somewhere between	6
and dci	6
morning to	6
for bunts	6
property for	6
25 station	6
complaint with	6
13 west	6
look in	6
drugs in	6
in open	6
18 we're	6
y'all set	6
at corky's	6
10-4 213	6
transporting liquid	6
birth but	6
6 edgewater	6
still head	6
anything i'm	6
that mobile	6
27 do	6
vehicles listed	6
times no	6
appear in	6
abuse drug	6
next one's	6
to like	6
listing mary	6
to want	6
him they're	6
few things	6
some chest	6
in 217	6
assault on	6
franklin westbound	6
cleveland 2017	6
stolen car	6
had was	6
door handles	6
was bleeding	6
madison 29	6
address shows	6
our guy	6
copy listing	6
sure on	6
27 years	6
try name	6
my apologies	6
over her	6
done so	6
13th and	6
is dropped	6
to 213	6
cars from	6
listing on	6
in flock	6
26 26	6
respond if	6
way copy	6
probably get	6
has dementia	6
driving to	6
of it's	6
northland medic	6
like platinum	6
platinum learn	6
122 23	6
night she's	6
she goes	6
complaint at	6
a i'm	6
it towed	6
the thing	6
and clean	6
up not	6
the work	6
go right	6
to its	6
owner the	6
229 you	6
he's around	6
really buying	6
online on	6
now really	6
really have	6
it delivered	6
buy your	6
online really	6
two 10-16s	6
for family	6
lake at	6
same truck	6
at night	6
321 and	6
just tried	6
king michael	6
apartment 217	6
it difficult	6
difficult for	6
lakewood north	6
in of	6
of head	6
201 for	6
check him	6
215 go	6
unit for	6
enbridge respond	6
warren there's	6
today she's	6
the fall	6
721 medic	6
10-7 station	6
car i'll	6
2 remain	6
city i	6
1 205	6
a go	6
woodward bridge	6
office on	6
come across	6
car 8's	6
stopping a	6
at john	6
changing the	6
the tire	6
two separate	6
ford bronco	6
heading your	6
i meant	6
accident and	6
park this	6
getting this	6
their truck	6
called his	6
can't leave	6
detroit crestmont	6
has arrived	6
3 arriving	6
about having	6
warren athens	6
madison 15	6
argument parties	6
were separated	6
south franklin	6
not his	6
nora young	6
a it's	6
wagon blue	6
26 we	6
charlie tom	6
since we	6
a proper	6
2 juvenile	6
kufner i'll	6
221 10-7	6
negative she	6
mitchell out	6
heights so	6
fighting and	6
wrong address	6
to eastbound	6
a heavy	6
40 years	6
got all	6
female driving	6
drive down	6
4 failure	6
narcotic equipment	6
equipment possession	6
to clearance	6
get 9	6
i'm tight	6
lakewood laser	6
complainant she's	6
24-hour at	6
federal 14806	6
kenilworth with	6
driving down	6
fedor 120-400	6
and shaking	6
the bureau	6
10-7 thanks	6
at 1228	6
there today	6
29th and	6
he wearing	6
down just	6
13340 madison	6
for 205	6
find you	6
a tenant	6
linton place	6
notes check	6
have time	6
to 14819	6
from number	6
in town	6
edwards in	6
complainant locked	6
mercury's on	6
pulling away	6
and 260	6
117th on	6
you inside	6
door he's	6
ran over	6
copy 0	6
we looked	6
camera and	6
the elber	6
walk to	6
head into	6
er for	6
1325 lakeland	6
units arriving	6
of kfc	6
5'10 190	6
detroit 5	6
5 o'clock	6
for using	6
oh sorry	6
possibly apartment	6
just advising	6
beach with	6
her shoulder	6
10-4 6	6
a 70-year-old	6
point 6	6
actually got	6
go outside	6
once again	6
27 10-7	6
eastbound we're	6
him yeah	6
on first	6
again we're	6
take out	6
edwards the	6
the southwestern	6
is confirmed	6
lincoln i	6
everything in	6
or white	6
see somebody	6
do any	6
checking some	6
but in	6
i'll disregard	6
on walgreens	6
lakewood if	6
117th john	6
10-4 lakewood	6
chrysler pacifica	6
mark napier	6
any time	6
sighted we'll	6
it then	6
requested to	6
leave in	6
the bay	6
unit up	6
his bond	6
the battery	6
speech is	6
shortly we	6
arriving liquid	6
cross for	6
clearance with	6
18 you're	6
03 28	6
swerving all	6
last scene	6
and wayne	6
track one	6
4's en	6
no arcing	6
arriving metro	6
from schizophrenia	6
they at	6
robin with	6
up 10-8	6
you're very	6
2015 ford	6
mva that	6
is fetch	6
16 dl	6
yesterday at	6
few seconds	6
cleveland 27	6
is i'm	6
consumer she	6
your door	6
apartment 1106	6
her elderly	6
is deceased	6
to starbucks	6
inside he	6
in he's	6
lost a	6
at me	6
since left	6
heights west	6
vehicles llc	6
separate can	6
a crash	6
traffic detroit	6
221 to	6
120 15	6
her black	6
lakewood engine	6
the range	6
cleveland ems	6
on green	6
ran from	6
confirm it's	6
a pick	6
clear thank	6
your copies	6
yesterday x-ray	6
apartment 103	6
an r	6
a handicapped	6
care nurse	6
pulse ox	6
possession and	6
them check	6
john z	6
parties to	6
ida union	6
the principal	6
were still	6
at park	6
i've just	6
madison north	6
partial plate	6
mckinley the	6
that listening	6
got everything	6
being parked	6
tracks there's	6
granger in	6
in king	6
1374 west	6
he claims	6
nick robert	6
franklin a	6
2018 jeep	6
athens i'm	6
is apartment	6
is direct	6
sorry your	6
in belle	6
only two	6
suv the	6
chart 1	6
maintenance for	6
24 22	6
shows he	6
suspended the	6
member to	6
he's acting	6
standing behind	6
point in	6
all get	6
victor adams	6
keep this	6
warren victoria	6
cleveland 22	6
is screaming	6
him go	6
express van	6
she now	6
12 yeah	6
us will	6
van is	6
cove female	6
face is	6
is swollen	6
to 216	6
10-8 back	6
is black	6
called saying	6
cleaning the	6
regard to	6
white acura	6
mckinley to	6
cartridge is	6
cartoons in	6
knee and	6
get 24	6
see no	6
miller out	6
like with	6
with cars	6
a 80	6
sorry where	6
valley north	6
had all	6
at service	6
205 back	6
20-4 i'm	6
blue dodge	6
lot john	6
4 so	6
camera now	6
the scooter	6
29 17	6
system is	6
fine i'm	6
disregard we'll	6
thank god	6
at 125	6
orange and	6
back porch	6
minute time	6
listening come	6
cleveland 32	6
1-4401 detroit	6
she won't	6
he received	6
harming herself	6
location as	6
2 captain	6
right home	6
female mileage	6
volkswagen 4-door	6
some food	6
point for	6
a tank	6
with 27	6
one closer	6
is truck	6
unit here	6
them with	6
and speaking	6
guess you	6
a day	6
10-4 what's	6
of view	6
check north	6
the callers	6
with anybody	6
anybody at	6
to swing	6
male hit	6
called i	6
down i'll	6
squad stop	6
of fire	6
room 309	6
just clear	6
charlie william	6
i'm glad	6
kitchen motion	6
all doors	6
she's supposed	6
city with	6
nissan that's	6
1850 edgewater	6
aid to	6
road car	6
the mutual	6
an eviction	6
fire to	6
someone go	6
3 we've	6
fine he	6
lpd respond	6
your assistance	6
to 11849	6
the slow	6
at hayes	6
3's gonna	6
from waterbury	6
a giant	6
gave that	6
social please	6
supervised release	6
with cautions	6
tendencies escape	6
29th can	6
who i	6
she's like	6
year olds	6
either one	6
haven't done	6
detail it	6
squad on	6
for injury	6
high on	6
downstairs resident	6
not already	6
north nursing	6
scene until	6
trade on	6
year on	6
1 28	6
rosewood and	6
the roads	6
was minor	6
truck plates	6
of 2015	6
female does	6
highly intox	6
behind that	6
franklin lewis	6
guess there's	6
in bonus	6
bonus bets	6
you bet	6
see why	6
it's never	6
your welcome	6
welcome offer	6
offer after	6
you apply	6
apply which	6
which could	6
high as	6
as 175	6
175 000	6
000 points	6
this weekend	6
to beat	6
app and	6
220 brown	6
25 did	6
grace i'll	6
a lincoln	6
6 disregard	6
medic copy	6
the pink	6
to 205	6
this issue	6
buzz us	6
minute on	6
final whistle	6
early payout	6
get paid	6
matter the	6
gray vehicle	6
not listening	6
turning it	6
car because	6
lake department	6
medic you	6
people i	6
17 all	6
10 park	6
kids cove	6
2007 honda	6
separate if	6
road there's	6
the 14306	6
him 117	6
some new	6
in detail	6
complainant he's	6
go first	6
owner who	6
past week	6
aggressive and	6
1's taking	6
station 4	6
apartment 21	6
available if	6
cat open	6
through alcohol	6
michael tower	6
pants a	6
the photo	6
might possibly	6
to 1415	6
to mva	6
catch the	6
harris out	6
that lists	6
21 21	6
to fall	6
21 could	6
her 20s	6
lake car	6
department responding	6
scene all	6
carrying an	6
his window	6
10 cars	6
25 29	6
if you'll	6
plate through	6
franklin we're	6
228 i'm	6
john or	6
riverway with	6
12 disregard	6
clifton hall	6
fairview we'll	6
south clifton	6
in we'll	6
advice to	6
hd for	6
the go	6
owner paid	6
beach clear	6
is malfunctioning	6
in may	6
same complaint	6
answer we'll	6
complainant a	6
john 3	6
reason we're	6
that animal	6
were calling	6
nobody at	6
king north	6
suite 103	6
on 8	6
riverside just	6
blue chrysler	6
now her	6
walk and	6
heights medic	6
loss prevention	6
river to	6
river engine	6
19 miles	6
could use	6
id he	6
listing please	6
a ruger	6
for rsp	6
he attempted	6
time is	6
franklin robinwood	6
kufner said	6
for 24-hour	6
12002 lake	6
was stumbling	6
at vehicle	6
noise from	6
know anything	6
heading mileage	6
marks parking	6
up no	6
to lakehouse	6
15 i've	6
131 23	6
bike rack	6
to 1595	6
female pressed	6
trespassing and	6
a voluntary	6
metro hospital	6
us responding	6
madison orchard	6
king on	6
report that	6
door dash	6
coat with	6
argument the	6
attention company	6
he felt	6
overlook apartment	6
him no	6
you detroit	6
jail the	6
squad know	6
scene as	6
for sam	6
ahead 2	6
not as	6
leave you	6
station if	6
going around	6
that blue	6
driveway for	6
quick please	6
an injury	6
copy that'll	6
name jones	6
in mcdonald's	6
she's able	6
fair to	6
outside here	6
towed it	6
a rush	6
321 i	6
thanks you	6
of brook	6
clifton gladys	6
time i'll	6
entry gained	6
number 402	6
center it's	6
to 1450	6
belle suite	6
thanks guys	6
in notes	6
your back	6
165 brown	6
residence is	6
before lunch	6
expires february	6
lakeland just	6
in 214	6
to obtain	6
license suspended	6
store at	6
curly hair	6
6 go	6
you been	6
been removed	6
sweatshirt black	6
at raising	6
a cop	6
thought maybe	6
apartment buildings	6
street or	6
he's afraid	6
to wesley	6
unit at	6
those units	6
of brown	6
250 black	6
female diabetic	6
right foot	6
swollen and	6
an infection	6
our warrant	6
be cited	6
12 what's	6
gain access	6
2050 brown	6
have truck	6
checking there	6
219 copy	6
is james	6
direction he	6
with bet365	6
right all	6
there this	6
pd to	6
man on	6
2021 black	6
which he	6
believes her	6
and she'll	6
avenue the	6
not stopped	6
2022 chevy	6
pc with	6
terminate the	6
off all	6
10-8 there's	6
listing union	6
information or	6
return back	6
1311 bonnyview	6
your stop	6
you're free	6
3 guys	6
of 81	6
1227 cranford	6
2015 chrysler	6
mva car	6
keep him	6
the initial	6
debris was	6
i'll turn	6
this here	6
parties exchanged	6
in bunts	6
a mother	6
205 10-7	6
5 listening	6
at rocky	6
can cut	6
go pick	6
driving it	6
c is	6
around now	6
this from	6
206 i	6
clifton apartments	6
10-8 kufner	6
silver truck	6
sedan in	6
last minute	6
22 warren	6
into traffic	6
are passing	6
okay there	6
212 will	6
118 25	6
closer madison	6
cited i'll	6
driving and	6
gonna bring	6
one had	6
noise and	6
and banging	6
a manic	6
says there	6
abbey shire	6
us how	6
appear traffic	6
with indiana	6
command on	6
system was	6
ford suv	6
the plaintiff	6
a sarah	6
they're okay	6
a clip	6
stay off	6
tow sheet	6
lobby so	6
sir we	6
our fire	6
units to	6
two sides	6
approached him	6
building they	6
responding code	6
copy where	6
checking right	6
they lost	6
down no	6
guys i	6
towards you	6
119th i	6
right leg	6
to victoria	6
these guys	6
directly across	6
here where	6
there because	6
here also	6
guess it's	6
she used	6
20 for	6
on instagram	6
they're up	6
mother of	6
how old	6
in what	6
inside it's	6
it's moving	6
other kids	6
stolen or	6
yeah looks	6
two juveniles	6
being cooperative	6
building by	6
in building	6
now there	6
does anyone	6
an adult	6
adult and	6
he's laying	6
nicholson can	6
head his	6
zebra robert	6
be sent	6
1431 to	6
of burning	6
did advise	6
story residential	6
the follow-up	6
lincoln 8	6
working fine	6
today is	6
charles ocean	6
to care	6
violent tendency	6
any car	6
her also	6
a psych	6
copy see	6
keeps walking	6
male now	6
detroit employees	6
service thanks	6
making contact	6
situation and	6
224 traffic	6
detroit complaint	6
around him	6
this on	6
carbon union	6
jeep expires	6
plate just	6
2149 brown	6
only in	6
been screaming	6
tom williams	6
the richard	6
hell you're	6
secured we'll	6
and rosewood	6
room 127	6
anyone with	6
many occupants	6
there's already	6
disregard car	6
2 story	6
smoke showing	6
heights female	6
and address	6
service release	6
address from	6
the subscriber	6
please speak	6
is using	6
1513 waterbury	6
residence it's	6
a cvs	6
we assisted	6
assisted the	6
running and	6
fell unable	6
service to	6
like just	6
and rear	6
something but	6
forward it	6
walter mary	6
wyandotte medic	6
to robin	6
close 211	6
lights in	6
1 around	6
until car	6
odor on	6
room door	6
sighted for	6
dog out	6
2002 23	6
grab that	6
or i'll	6
national companies	6
a medium	6
a mask	6
room 135	6
bank on	6
food mart	6
any flames	6
or smoke	6
on they	6
the tenants	6
expired march	6
check can	6
mail's gonna	6
and assault	6
her do	6
10-7 back	6
that pushed	6
pain she	6
b rush	6
1522 west	6
very unlike	6
friend said	6
home we	6
2 john	6
4 en	6
note if	6
120-15 clifton	6
10-19 for	6
and stated	6
madison hall	6
202 copy	6
chesterland for	6
tonight she	6
crying and	6
5 13	6
in cordova	6
lake or	6
19 20	6
coming into	6
heading east	6
location if	6
entrance door	6
no copy	6
listing at	6
towards clifton	6
been dispatched	6
marlowe to	6
fedor number	6
general at	6
it engine	6
transfer it	6
believes they're	6
he's struggling	6
nick boy	6
confused and	6
get home	6
29 that	6
29 kufner	6
closing code	6
seen traffic	6
her again	6
guys give	6
29 let	6
signal is	6
health department	6
driven by	6
eastbound detroit	6
to andrews	6
incident happened	6
to ean	6
the signs	6
only medic	6
on go	6
our vehicle	6
the to	6
car 10-4	6
that make	6
end and	6
room 220	6
for days	6
case it	6
male as	6
a downed	6
plate david	6
short and	6
female 5'8	6
he'll call	6
info back	6
running towards	6
young nora	6
lakewood john	6
a three-story	6
pulled away	6
doesn't say	6
squad i'm	6
you reopen	6
the 26	6
assign me	6
upstairs complainant	6
it probably	6
went east	6
101 for	6
101 medic	6
us through	6
going there	6
factory's on	6
say there	6
a lockbox	6
of mars	6
yet i'll	6
2 adam	6
i'm approaching	6
falling out	6
i'm inside	6
everybody in	6
tries to	6
will make	6
make our	6
time this	6
being on	6
outside he's	6
the delaware	6
and medical	6
just did	6
our company's	6
color it	6
that id	6
gas outside	6
car did	6
you sent	6
driving through	6
crashed into	6
2024 black	6
90 in	6
us your	6
and wesson	6
following a	6
and traffic	6
or cleveland	6
for stop	6
also dispatch	6
a 10-8	6
department was	6
nick ocean	6
suicidal thoughts	6
and drugs	6
the chase	6
officer available	6
severe back	6
disagreement between	6
done here	6
left 10-8	6
scene now	6
id cautions	6
sidewalk in	6
the question	6
home or	6
come open	6
transporting female	6
or from	6
20 from	6
the reporter	6
company call	6
southbound lane	6
squad we'll	6
they've asked	6
tendencies drug	6
addition to	6
is somebody	6
his wheelchair	6
made the	6
to lewis	6
16 there's	6
far away	6
winking lizard	6
be making	6
who had	6
drugs drug	6
anywhere in	6
scene you	6
gray brown	6
time on	6
105 for	6
data for	6
potential company	6
pay a	6
house everything	6
wait i	6
listing in	6
19 that's	6
211 the	6
2-8 i'll	6
you what's	6
her hands	6
warner franklin	6
3 she	6
also did	6
discharged from	6
on base	6
parties a	6
mary 9	6
run another	6
one's there	6
sent me	6
it's registered	6
119th can	6
also just	6
i've tried	6
that him	6
video of	6
and slamming	6
slamming doors	6
spot and	6
17 lincoln	6
he's complaining	6
damage we'll	6
his and	6
that's from	6
1615 newman	6
lake male	6
smoke and	6
house 1481	6
around from	6
bit and	6
start over	6
14321 detroit	6
states he	6
quiet we'll	6
think is	6
alarm all	6
also to	6
she's alert	6
another rush	6
at 12506	6
a precaution	6
a 77-year-old	6
talking on	6
black tesla	6
need somebody	6
edwards king	6
copy north	6
26 from	6
1229 cranford	6
the straight	6
a 09	6
male she's	6
24 what's	6
the dazen	6
to david	6
reinstate id	6
the drivers	6
surgery and	6
i search	6
add drug	6
claiming he	6
lot they're	6
16 that	6
270 can	6
a company's	6
street male	6
no this	6
route now	6
from starbucks	6
15 yes	6
few of	6
past couple	6
can to	6
the sergeant	6
a tag	6
lewis drive	6
an electrical	6
to complete	6
anyone i	6
lakewood catholic	6
traffic 2's	6
i'm lincoln	6
is gone	6
injuries one's	6
edgewater drive	6
she's behind	6
both sides	6
of brunswick	6
away she	6
38 39	6
his number	6
201 i'm	6
a rope	6
and pain	6
on mr	6
few different	6
special medical	6
she received	6
eta on	6
so it'll	6
him she's	6
there's the	6
a mercedes	6
her mom's	6
or sorry	6
on french	6
was supposedly	6
no rush	6
check just	6
people who	6
to elmwood	6
female caller	6
he definitely	6
the weather	6
she started	6
a disagreement	6
dogs in	6
scene 24	6
8 car	6
called because	6
142 27	6
have three	6
trespass if	6
was hitting	6
her cell	6
us i	6
way it	6
10 strong	6
company this	6
ask that	6
11 for	6
you gotta	6
17 dl	6
17 she's	6
ago there	6
looking through	6
nicholson detroit	6
out 10-8	6
we take	6
she's telling	6
is but	6
love that	6
her get	6
apartment 105	6
blood in	6
route if	6
seizure and	6
previous details	6
12505 edgewater	6
be testing	6
detroit signature	6
say is	6
were 10-8	6
1 what's	6
the listings	6
lot or	6
13 cars	6
it downstairs	6
thompson out	6
2020 jeep	6
a track	6
a safe	6
female inside	6
citation i'll	6
1365 clearance	6
handling of	6
added we'll	6
this show	6
with parking	6
not seen	6
to portage	6
county starting	6
2013 white	6
63 years	6
female stuck	6
me we	6
obstructing traffic	6
not local	6
male when	6
start there	6
it's being	6
116 king	6
land rover	6
there until	6
original complainant	6
and after	6
owner a	6
ohio as	6
this gentleman's	6
confirm and	6
notes on	6
door number	6
from summit	6
202 do	6
229 we	6
need 19	6
be next	6
this driveway	6
dog he	6
16 no	6
pair of	6
1232 hall	6
was 10	6
2016 nissan	6
edgewater speak	6
warren clifton	6
she passed	6
past her	6
lake i'm	6
hit in	6
message and	6
on oxygen	6
to matthews	6
transferring one	6
one officer	6
mckinley king	6
this traffic	6
cad at	6
truck owner	6
aid medic	6
malfunctioning detector	6
moment and	6
are about	6
is west	6
treatment transport	6
of lewis	6
green and	6
19 he	6
that bus	6
we're switching	6
slight odor	6
he's telling	6
patient in	6
16 what	6
apartment 308	6
the stair	6
kingboy adam	6
to 211	6
number 906	6
one respond	6
calls to	6
follow-up and	6
dispatch 22	6
c i	6
number 346	6
her children	6
consent search	6
work phones	6
bp at	6
westcom for	6
lpd and	6
seizure disorder	6
seen wearing	6
hearing impaired	6
lark for	6
the mail's	6
2020 white	6
entrance on	6
covering the	6
start cover	6
she's staying	6
a leash	6
here soon	6
26 dl	6
traffic speeds	6
60 miles	6
guys clear	6
not clear	6
working out	6
because this	6
number 502	6
on public	6
14032 lakewood	6
2002 clarence	6
very hard	6
has come	6
still open	6
open on	6
female's on	6
20 they're	6
file and	6
please the	6
flush detail	6
possibly hit	6
is left	6
walter frank	6
is quiet	6
the bravo	6
was caused	6
command is	6
1685 lincoln	6
work truck	6
this can	6
yesterday tom	6
getting back	6
injuries and	6
starting at	6
alarm no	6
a u-haul	6
time he's	6
we'll advise	6
at 11825	6
good with	6
reset all	6
a secondary	6
can can	6
check west	6
vehicle went	6
going south	6
the uber	6
laceration on	6
far is	6
confirm there's	6
just hanging	6
seem like	6
to slow	6
number 720	6
we confirm	6
for something	6
a total	6
total of	6
alarm button	6
520 medic	6
14221 madison	6
marlowe medic	6
21 it's	6
the hour	6
it notes	6
okay okay	6
roycroft for	6
could run	6
has those	6
cat and	6
the missing	6
westlake on	6
90 with	6
missing out	6
2020 kia	6
a signal	6
apartment 508	6
and 73	6
already made	6
that's running	6
highway and	6
we'll use	6
and gladys	6
city we'll	6
exit of	6
woodward complainant	6
here has	6
a mattress	6
4 car	6
road at	6
nick frank	6
at 2050	6
2198 lewis	6
at 2200	6
still locked	6
that struck	6
to 40	6
station 19	6
missed it	6
298 copy	6
towed to	6
name please	6
frank on	6
outside with	6
riverside i'll	6
24 hilliard	6
a specific	6
home so	6
i've already	6
off we	6
up behind	6
there waiting	6
the toilet	6
chevy colorado	6
another person	6
hi the	6
30 detroit	6
and place	6
victor ocean	6
luck with	6
there his	6
dispatch track	6
not too	6
his heart	6
southwest early	6
southwest relief	6
both directions	6
probably need	6
drug mark	6
her daughter's	6
scene is	6
the drawer	6
clear lakewood	6
82 on	6
of call	6
they're there	6
at 2105	6
he's asking	6
11850 at	6
a brain	6
get from	6
house to	6
breathing 14306	6
his welfare	6
10-8 1b	6
cameras are	6
7 back	6
can't wait	6
can't stand	6
home i'm	6
himself he	6
summit for	6
location i	6
you unite	6
204 we're	6
what's in	6
table and	6
medics to	6
at 1631	6
working so	6
a 46	6
be lincoln	6
up my	6
items were	6
lot over	6
10-4 203	6
these males	6
hearing a	6
that before	6
female looks	6
description for	6
arm is	6
stopping it	6
is beating	6
she's suicidal	6
got 3	6
fire marshal	6
hospital he's	6
has mental	6
clifton by	6
they parked	6
subaru crosstrek	6
13100 madison	6
been knocking	6
that leads	6
madison she	6
else on	6
at chase	6
sacred waters	6
male will	6
one 10-4	6
thought was	6
14 copies	6
won't let	6
run off	6
the view	6
an asthma	6
that's there	6
of line	6
there there	6
203 for	6
plate we	6
gonna turn	6
on webb	6
1548 west	6
weapons on	6
any disqualifiers	6
who we	6
remember his	6
someone who	6
a random	6
are able	6
your service	6
copy me	6
the status	6
victor 0	6
driving info	6
he's from	6
summit in	6
that's being	6
could bring	6
from lewis	6
300 detroit	6
at 60	6
140-300 detroit	6
first plate	6
sorry yes	6
to with	6
start coming	6
our 4	6
a brandon	6
1633 hopkins	6
out within	6
nobody's closer	6
stick with	6
two dogs	6
idea of	6
female never	6
can title	6
remain anonymous	6
hear or	6
admitted to	6
second out	6
heights 27	6
searched the	6
like someone's	6
back him	6
11822 detroit	6
yesterday for	6
lakewood she's	6
seeing this	6
29 29	6
date is	6
9 was	6
off everything	6
11 18	6
having high	6
getting along	6
and lark	6
doors to	6
but for	6
party involved	6
4 12	6
sheffield lake	6
sam queen	6
of history	6
x-ray 3	6
2003 chevy	6
214 are	6
cleared to	6
heights that's	6
john williams	6
route is	6
20 or	6
makes sense	6
federal and	6
25 same	6
his charges	6
15325 lake	6
didn't make	6
minute i'll	6
16802 delaware	6
and geale	6
1-1900 detroit	6
the waiting	6
be nice	6
to vega	6
do see	6
and westbound	6
2 when	6
block lane	6
four of	6
add another	6
notify first	6
id expired	6
been sounding	6
occupant in	6
young young	6
from manor	6
car you're	6
week he	6
is released	6
female can	6
like copy	6
a d	6
voicemail i	6
29 no	6
gray volkswagen	6
1375 bunts	6
sighted 10-8	6
someone there	6
parked it	6
leave him	6
travel is	6
hi there	6
1 franklin	6
just i'm	6
causing problems	6
problems and	6
he's suicidal	6
cliffs apartment	6
or transport	6
the suite	6
is detroit	6
a mazda	6
overhead door	6
lincoln madison	6
number 448	6
put myself	6
the company's	6
from those	6
2 220	6
vehicles involved	6
broken down	6
i caught	6
advised me	6
511 medic	6
birth the	6
73 on	6
1 transport	6
o'neal room	6
description in	6
phone as	6
turning into	6
1 roger	6
madison you	6
the floors	6
guys about	6
for 203	6
him all	6
warrants for	6
starbucks parking	6
it's with	6
to taco	6
his eyes	6
copy andrews	6
a to	6
red dodge	6
residential alarm	6
29 listening	6
fire they	6
clifton resident	6
any numbers	6
2013 honda	6
down this	6
my mistake	6
female checked	6
there could	6
11709 lake	6
6 female	6
out behind	6
establishing command	6
bunts right	6
5 in	6
to chase	6
same person	6
it before	6
it's entered	6
goa and	6
that another	6
x-ray union	6
11709 madison	6
go all	6
of wisconsin	6
truck or	6
on bell	6
vehicle without	6
without standing	6
on wheels	6
side we'll	6
warren i'll	6
on rosewood	6
through all	6
be ready	6
station so	6
county jail	6
madison spring	6
about four	6
walk back	6
90 to	6
a sean	6
hair brown	6
like on	6
passenger was	6
warren i	6
lobby the	6
on b	6
that's you	6
cleveland 2007	6
it titled	6
sorry thank	6
ai available	6
need 2	6
her it	6
again from	6
else just	6
and failure	6
license on	6
turned in	6
through their	6
fence and	6
hill if	6
him 10-8	6
2 he	6
hi this	6
at 40	6
left she	6
car accident	6
north randall	6
about 45	6
had with	6
try but	6
emergency license	6
1656 wagar	6
frank ida	6
and east	6
212 on	6
10 11	6
23 will	6
their tire	6
franklin grace	6
robert victor	6
cleveland 45	6
continuing on	6
confiscated and	6
of area	6
making threats	6
her sister's	6
to 2012	6
contact on	6
residence at	6
wearing an	6
9 name	6
main building	6
fence in	6
first house	6
their backyard	6
just walk	6
taking them	6
service if	6
to 1635	6
did find	6
minutes he	6
2026 35	6
sorry madison	6
their dog	6
the trade	6
from up	6
to mr	6
went westbound	6
the disturbance	6
adams out	6
jail starting	6
headed eastbound	6
working and	6
mom she	6
run to	6
hour or	6
it after	6
states a	6
too i'll	6
ems here	6
a mini	6
the mini	6
on doors	6
traffic it	6
store causing	6
did see	6
6 are	6
dark green	6
is spelled	6
20 yeah	6
sorry 11	6
of carbon	6
winchester i	6
lakewood detroit	6
6 11	6
a notes	6
anything just	6
are deployed	6
detroit westbound	6
to cars	6
bad spot	6
check security	6
madison right	6
us as	6
to standby	6
to tracy	6
mother was	6
lined up	6
a suicidal	6
just wondering	6
word for	6
just copy	6
18414 detroit	6
just stage	6
eastbound just	6
apartment i	6
like for	6
apartment 236	6
coming and	6
and crying	6
hand over	6
like at	6
the skyview	6
been walking	6
2113 brown	6
different car	6
stay by	6
having with	6
be left	6
unit 10	6
notify enbridge	6
ahead from	6
behind engine	6
apartment above	6
mom to	6
parking at	6
dl sam	6
george mike	6
a bond	6
honda that	6
20 11	6
215 we're	6
that's his	6
fever of	6
1 complainant	6
the bell	6
madison check	6
or 15	6
lot can	6
27 madison	6
speaking of	6
madison complaint	6
friend in	6
4 complainant	6
edward first	6
to 73	6
sending her	6
13 13	6
are inside	6
one copy	6
taylor out	6
for dti	6
available that	6
lot near	6
home there's	6
for months	6
old husband	6
parked across	6
right as	6
owner's name	6
i issued	6
27 of	6
believes someone	6
and hathaway	6
john paul	6
walked back	6
officer and	6
really bad	6
the break	6
zebra david	6
8 stop	6
here all	6
lakewood units	6
has said	6
wearing glasses	6
he's harassing	6
harassing people	6
uto 10-8	6
got 10	6
area down	6
owner or	6
of wine	6
store with	6
honda hatchback	6
backing up	6
15 14	6
said advise	6
them yet	6
friend was	6
doing well	6
dropped her	6
at 14306	6
mary yesterday	6
2026 no	6
lake front	6
you tonight	6
officer in	6
2 was	6
male complaining	6
in indiana	6
yet i'm	6
states he's	6
trailer attached	6
am on	6
sidewalk on	6
train at	6
2 so	6
were left	6
who keeps	6
side with	6
again he	6
16725 lake	6
17 of	6
pulled back	6
marlowe on	6
take you	6
right he's	6
fell last	6
his items	6
and leave	6
county ending	6
anything at	6
very uncooperative	6
now still	6
at in	6
directly in	6
trash room	6
notified the	6
stop bar	6
holding corp	6
heights i'll	6
your ride	6
of 2008	6
police car	6
908 for	6
that's still	6
not say	6
hilliard king	6
up down	6
take my	6
the leg	6
light-skinned male	6
male matching	6
of back	6
things to	6
for ohio	6
knows the	6
flashing red	6
locate it	6
are drivable	6
be black	6
up onto	6
any violations	6
plate he	6
adam first	6
confirmed and	6
cad we're	6
declined any	6
i'm planning	6
04 and	6
this i	6
been unable	6
number they	6
this name	6
his social	6
detail you	6
school the	6
pole is	6
is 6	6
lincoln first	6
out speaking	6
wire we	6
was working	6
copy east	6
215 vehicle	6
enbridge is	6
parma on	6
information we'll	6
list is	6
license that	6
quick to	6
room 205	6
last 5	6
station this	6
them both	6
walking a	6
dog off	6
somebody could	6
tracks on	6
left hand	6
response for	6
power went	6
athens medic	6
consent to	6
will probably	6
residents here	6
8 is	6
send your	6
hair black	6
information if	6
daughter says	6
marginal in	6
plates driver	6
the part	6
and knocked	6
was almost	6
further but	6
of value	6
stolen and	6
her we're	6
number 611	6
told that	6
2033 chesterland	6
end cars	6
she works	6
20 60	6
accidental they	6
third time	6
white the	6
3 60	6
blue mustang	6
1519 lakeland	6
10-7 you	6
neighbor advised	6
madison she's	6
home she	6
at 1292	6
filled with	6
and loud	6
i assume	6
dispute between	6
caller called	6
number 609	6
mva said	6
can shut	6
or give	6
it's added	6
clifton huntington	6
garage or	6
doesn't like	6
calling us	6
they'll get	6
boyfriend are	6
here because	6
move on	6
cars headed	6
13 it	6
of 2011	6
away in	6
11738 lake	6
elmwood just	6
party i	6
nora 4	6
slowed down	6
vehicle matching	6
boyd paul	6
longer wants	6
car 10's	6
phone back	6
guys available	6
for misdemeanor	6
light i'll	6
of medic	6
not closer	6
mom on	6
apartment 211	6
cleveland but	6
you 19c	6
are very	6
to atkins	6
copy marlowe	6
kentucky plate	6
detroit that's	6
a 72-hour	6
18514 detroit	6
birth out	6
time that	6
us tonight	6
that clifton	6
for speed	6
side street	6
they go	6
90 right	6
about 60	6
60 minutes	6
was playing	6
woodward overpass	6
river bridge	6
light green	6
to cover	6
black with	6
frank union	6
same car	6
follow them	6
all their	6
at burger	6
and things	6
alcohol withdrawal	6
a safety	6
charlie 3	6
19 standing	6
building but	6
clearing from	6
probation or	6
madison by	6
hyundai kona	6
stopping in	6
here until	6
218 copy	6
pants with	6
i've had	6
the guardrail	6
walk her	6
and locked	6
anyone available	6
because we're	6
2-8 i	6
run them	6
mary boy	6
a richard	6
drove away	6
medic you're	6
this moment	6
dropped the	6
wanted me	6
detroit should	6
other for	6
around this	6
and playing	6
x-ray boy	6
2022 black	6
on she's	6
apartment 17	6
in hilliard	6
detroit orchard	6
stop there's	6
we're available	6
plate number	6
her all	6
all retired	6
with is	6
little boy	6
10 years	6
to note	6
cad that	6
himself or	6
robin number	6
juvenile and	6
female sitting	6
sending me	6
fell he	6
expiration date	6
no physical	6
manor 11839	6
edgewater 206	6
victor 7	6
for 211	6
apartment 306	6
with blue	6
gives me	6
he probably	6
22 he's	6
in off	6
i head	6
ems patient	6
disabled on	6
active no	6
edgewater are	6
parkwood for	6
eastbound now	6
her talking	6
and license	6
3 black	6
neighbor in	6
case there's	6
for letting	6
negative it's	6
out his	6
any wires	6
what's on	6
right cross	6
black green	6
plates he	6
on 30	6
about them	6
clifton you	6
caller or	6
a moving	6
be adding	6
this so	6
1 time	6
92 year	6
provide any	6
12200 madison	6
a store	6
harassing the	6
their hazards	6
i'm following	6
door left	6
card it's	6
female wants	6
st louis	6
once more	6
15 it's	6
her is	6
11 this	6
back center	6
bunts henry	6
clifton or	6
record for	6
2-8 can	6
1253 granger	6
charlie ida	6
of university	6
feeling lightheaded	6
in she's	6
fairview medic	6
to police	6
wouldn't be	6
green she's	6
25 franklin	6
the safety	6
refused medical	6
213 go	6
privileges no	6
female dark	6
located that	6
chesterland is	6
kia suv	6
we add	6
metro 10-4	6
13 could	6
ahead we've	6
214 212	6
t-shirt black	6
honda it's	6
driveway or	6
edge on	6
2015 jeep	6
207 i'll	6
15501 detroit	6
clear right	6
cad i'll	6
edgewater she's	6
parts of	6
2075 clarence	6
18 do	6
history shows	6
2020 gray	6
nicholson a	6
x ray	6
keeps calling	6
asleep in	6
1341 lakeland	6
ahead 10-7	6
confirmed the	6
hurd for	6
jeep that's	6
they're by	6
michael edward	6
motorized wheelchair	6
he's upset	6
guy at	6
guy and	6
her ds	6
ds shows	6
parked unoccupied	6
hi can	6
through new	6
already got	6
cars there	6
pants he	6
area all	6
didn't catch	6
sorry in	6
knows who	6
me somewhere	6
talking in	6
1 14312	6
apartments building	6
a detector	6
whole lot	6
on if	6
smell any	6
primary down	6
clifton george	6
out which	6
brown hoodie	6
detroit v	6
all liquid	6
207 we're	6
street so	6
back not	6
negative for	6
lincoln medic	6
2 part	6
hathaway the	6
isn't a	6
guarded the	6
to value	6
the stolen	6
taking photos	6
that kid	6
16910 detroit	6
after they	6
basketball courts	6
ahead be	6
227 respond	6
haven apartment	6
over some	6
outside she's	6
on that's	6
apologize i	6
tpo violation	6
lot are	6
2148 northland	6
changed the	6
between neighbors	6
desk and	6
morrison apartment	6
passenger is	6
at other	6
black 2011	6
wearing green	6
12806 madison	6
black 2018	6
ahead paul	6
by some	6
block traffic	6
an 82	6
you'll get	6
a highly	6
clifton said	6
he's awake	6
wrong plate	6
ahead 10-16	6
driver just	6
she claims	6
henry 0	6
permit 10-4	6
gone on	6
9 could	6
20 minute	6
door trying	6
finds it	6
her 9	6
108 for	6
madison pool	6
drove around	6
ahead they	6
contact for	6
to regular	6
boy frank	6
baseball field	6
id never	6
can look	6
male 5-8	6
she never	6
and arguing	6
agent i	6
only has	6
correct plate	6
and shorts	6
206 the	6
male all	6
well she's	6
henry and	6
up over	6
13000 athens	6
at with	6
11 be	6
mileage 9	6
caller in	6
anxiety and	6
exit door	6
what side	6
that's yelling	6
the light's	6
sergeant bunter	6
pull down	6
3 there	6
shorts he	6
gray bmw	6
said okay	6
1414 elber	6
10-19 to	6
street light	6
than an	6
hair blue	6
of chipotle	6
sedan no	6
then it's	6
17th for	6
of or	6
she almost	6
hour there's	6
chevy cobalt	6
from some	6
207 i'm	6
set no	6
and blocking	6
10 car	6
alpha side	6
ahead lincoln	6
if they've	6
on center	6
we searched	6
sunday so	6
so now's	6
now's the	6
perfect gift	6
gift at	6
sale use	6
take 25	6
off great	6
great gift	6
gift ideas	6
ideas or	6
or shop	6
specials like	6
like 50-60	6
off designer	6
designer suits	6
suits blazers	6
blazers and	6
off belts	6
belts wallets	6
wallets and	6
and travel	6
travel accessories	6
plus find	6
find watches	6
watches from	6
from citizen	6
seiko and	6
more give	6
regular sale	6
was i	6
telling her	6
they walked	6
a bmw	6
the debris	6
2012 chevy	6
the fireworks	6
remove it	6
19 they	6
he's 18	6
bb gun	6
pool manager	6
of stuff	6
number 721	6
out said	6
these cars	6
everyone is	6
directly to	6
who advised	6
was unlocked	6
hey nick	6
that side	6
the hillside	6
4 female	6
or should	6
was down	6
we respond	6
1591 riverside	6
correction it's	6
at days	6
park 13201	6
an 85	6
219 could	6
run away	6
is mary	6
auto parts	6
male it	6
seems that	6
207 will	6
cut her	6
cleaning crew	6
apartment 23	6
are driving	6
brian bellinger	6
east market	6
1352 kenilworth	6
who got	6
nicholson john	6
berea 117	6
20-8 i	6
complainant has	6
pickup i	6
me anything	6
i confirm	6
hilliard road	6
playing in	6
somebody called	6
gray subaru	6
zebra charlie	6
your guard	6
hill i	6
minutes she	6
11 or	6
please at	6
was sending	6
on are	6
front with	6
1421 waterbury	6
threatening the	6
we drove	6
ground but	6
necklace marina	6
juvenile is	6
2147 mckinley	6
westbound between	6
don't desire	6
heard any	6
another party	6
x-ray 7	6
most recent	6
now open	6
it turned	6
call yeah	6
vehicles goa	6
is busy	6
flipped over	6
some medical	6
from county	6
12 units	6
advising the	6
night for	6
mental breakdown	6
lakewood you	6
say how	6
exchanged info	6
to what	6
my city	6
graber is	6
a barking	6
right it's	6
that's over	6
and change	6
22 respond	6
they cleared	6
was handed	6
with 207	6
is heavy	6
in april	6
2010 honda	6
medical issue	6
already with	6
512 medic	6
cleveland 42	6
406 medic	6
answer when	6
by 10-4	6
mobile app	6
1312 sloan	6
is stolen	6
long time	6
run through	6
order is	6
ahead disregard	6
on 17103	6
woodward in	6
7 a	6
looking into	6
any problems	6
he'll give	6
just happened	6
sir okay	6
it got	6
12701 plover	6
208 could	6
9 just	6
to 1374	6
backyard on	6
down his	6
to arlington	6
black lincoln	6
run into	6
was evicted	6
on eastbound	6
and bell	6
kirk 2	6
is sitting	6
be frank	6
from park	6
seen walking	6
do like	6
officers about	6
cutting out	6
warren is	6
queen 9	6
towards franklin	6
no fireworks	6
of fireworks	6
3 check	6
they're sending	6
15 have	6
15th and	6
took down	6
117 they	6
9 this	6
at any	6
doesn't even	6
apparently it's	6
rear window	6
cable lines	6
name michael	6
company come	6
macy's memorial	6
memorial day	6
lincoln 0	6
transport the	6
way at	6
the y	6
a husky	6
donald the	6
place that	6
taken a	6
william 8	6
now yeah	6
there's several	6
wearing shorts	6
fire or	6
just texted	6
the volleyball	6
george tom	6
after i	6
info in	6
took that	6
property that	6
at rosewood	6
park 15730	6
2014 chevy	6
white dog	6
1 called	6
said just	6
short black	6
truck i'll	6
1441 alameda	6
door if	6
108 i'll	6
hey we're	6
2017 arthur	6
but still	6
was 3	6
buckeye beer	6
beer engine	6
since friday	6
again it's	6
25 just	6
white striped	6
cars checking	6
are some	6
number 702	6
2023 robin	6
were last	6
union 1	6
vehicle check	6
rav4 she	6
to hopkins	6
a laceration	6
refusal sign	6
8 the	6
clinic main	6
riding on	6
is pulling	6
apartment 906	6
11 apartment	6
mart and	6
loose dog	6
bed 2	6
caller meet	6
george out	6
believe this	6
striped shirt	6
apartment 13	6
alarm call	6
just thought	6
shelter in	6
1289 brockley	6
we're approaching	6
still westbound	6
the westlake	6
on porter	6
12202 clifton	6
oscar nora	6
a 901	6
901 call	6
white 4	6
number do	6
2015 black	6
looking up	6
2022 lincoln	6
a landscaping	6
she's never	6
female there's	6
keys were	6
our new	6
14 2	6
17th at	6
city cameras	6
159 copy	6
were found	6
15 a	6
to east	6
hasn't expired	6
vin when	6
to animal	6
number 204	6
7 copies	6
just leaving	6
disregard they're	6
elevator the	6
needed some	6
with officer	6
union young	6
on 12	6
george 6	6
the 8th	6
route in	6
we put	6
10 07	6
10 shell	6
shell companies	6
past me	6
with people	6
12 of	6
some 10	6
wanna head	6
in hazel	6
70 4	6
19 9	6
middle aged	6
12 02	6
05 09	6
in '19	6
cleveland 02	6
on seventeenth	6
in hurd	6
6 the	6
02 28	6
edward 7	6
at '20	6
10 truck	6
06 2026	6
09 09	6
108 can	6
80 7	6
2 separate	6
in city	6
dispatch roger	6
02 01	6
4401 detroit	6
01 29	6
'20 6	6
to saint	6
the callback	6
20 13	6
3 what's	6
19 70	6
new center	6
at traffic	6
hundred 17th	6
50 6	6
copy 1017	6
in '2	6
that's work	6
over 1	6
1 closer	6
20 40	6
03 number	6
3 20	6
05 17	6
19 medic	6
non cdl	6
f 1	6
2650 detroit	6
adam 3	6
06 20	6
o'neil healthcare	6
13 41	6
03 you	6
pd has	6
westcom 17	6
january in	6
2 almost	6
body camera	6
building 1	6
2 engine2	6
11823 detroit	6
04 15	6
o i	6
09 10	6
disregard to	6
elbur apartment	6
03 00	6
06 03	6
01 14	6
can 1	6
08 26	6
cleveland 09	6
22 cross	6
11 9	6
apparently the	6
madison lauderdale	6
cleveland 5	6
12 27	6
9 what	6
run 1	6
20 90	6
try 1	6
caught up	6
k 4	6
12 16	6
them 1	6
you spell	6
8 separate	6
43 12	6
gonna pick	6
gonna walk	6
20 510	6
100 '17	6
transfer on	6
birth 03	6
birth 10	6
all gonna	6
ambulance 15	6
westerly 1	6
that camera	6
17526 madison	6
eastbound by	6
70 we're	6
and commit	6
next day	6
20 what's	6
still gonna	6
to trenton	6
4306 detroit	6
zebra yesterday	6
cleveland 2	6
number 19	6
20 80	6
on 02	6
429 you	6
been regarded	6
1 dl	6
west hundred	6
tower general	6
21 19	6
i'm 107	6
2 madison	6
birth 08	6
128 copy	6
is 07	6
union 3	6
03 10	6
4 by	6
4 15	6
wanna try	6
f c	6
boy 4	6
union 6	6
will we	6
2006 19	6
paul 5	6
wanna have	6
104 she	6
from cars	6
03 i'm	6
and '29	6
15 lakewood	6
02 09	6
his his	6
third 1	6
1 number	6
148 copy	6
14 minutes	6
elbur for	6
to hurd	6
you shortly	6
red hair	6
19 years	6
check-in area	6
one's break	6
it 108	6
1 west	6
3 story	6
for free	6
female 04	6
i'll you	6
channel 4	6
of saint	6
c's on	6
7 you're	6
well my	6
my brother	6
mail by	6
90 2	6
12 108	6
wanna stop	6
assist 10	6
12227 clifton	6
from 10	6
3 juveniles	6
'29 i'm	6
01 02	6
courtesy loan	6
loan tax	6
payment 299	6
05 1180	6
so my	6
over yet	6
he's working	6
20 10	6
house dropped	6
dispatch 20	6
expires '6	6
hair that's	6
expires 12	6
one's taking	6
01 25	6
19 50	6
robert 4	6
cleveland 10	6
no 10	6
my radar	6
eastbound lanes	6
other mail	6
experiences like	6
02 27	6
we gonna	6
shop with	6
49 a	6
dealer and	6
2117 halsted	6
with gusto	6
door 6	6
door 5	6
something extraordinary	6
extraordinary nebraska	6
medicine how	6
because these	6
doors how	6
academic experience	6
life experience	6
beyond what	6
01 01	6
09 01	6
of claire	6
claire cooking	6
cooking dinner	6
dinner at	6
fraud alert	6
fargo flagging	6
flagging a	6
a pricey	6
pricey restaurant	6
paris considering	6
considering claire	6
claire isn't	6
paris right	6
that seemed	6
seemed odd	6
odd to	6
to claire	6
claire 2	6
2 taps	6
taps later	6
later claire	6
claire says	6
says nope	6
nope to	6
charge and	6
case however	6
that wells	6
to jack	6
a o	6
11843 lake	6
fuel saver	6
saver for	6
every 60	6
and sunday	6
02 18	6
6 10	6
well it's	5
parking spots	5
yeah 2	5
other to	5
the times	5
detroit george	5
west 116th	5
the buzzer	5
it possible	5
conferred with	5
10 she	5
isn't here	5
anyone is	5
us she	5
boulevard the	5
there again	5
metro and	5
but do	5
on channel	5
at another	5
17 15	5
priors for	5
radio we're	5
you continue	5
that's having	5
car 1's	5
our parking	5
broke in	5
regarding this	5
identify him	5
information he	5
240 brown	5
with multiple	5
me two	5
malibu no	5
station 11	5
be late	5
apartment 405	5
to 1250	5
be so	5
free to	5
dodge 4-door	5
yes from	5
you one	5
guys i'll	5
to light	5
model of	5
what a	5
word of	5
i'm safe	5
sam williams	5
showing expired	5
and tony	5
queen george	5
times i	5
i'm putting	5
river they're	5
20 22	5
might as	5
well just	5
he looked	5
house are	5
by i'll	5
at 1452	5
we're making	5
making our	5
to cordova	5
brockley the	5
a manager	5
20 will	5
apartments 17540	5
in progress	5
is smoke	5
wire engine	5
stop we	5
think a	5
lorain county	5
called here	5
two times	5
of 77	5
and felony	5
a ram	5
then at	5
too please	5
1655 elmwood	5
a lead	5
217 if	5
westbound madison	5
have minor	5
tow sheets	5
branch on	5
complainant can	5
driveway now	5
202 respond	5
217 to	5
us from	5
the tail	5
doctor wants	5
for 117th	5
apartments 1277	5
nobody's in	5
service there	5
be normal	5
with harry	5
heights at	5
a lyft	5
lake meridian	5
we're familiar	5
17 clear	5
complaint it	5
is 10-4	5
detect any	5
meter we're	5
lot that's	5
breast cancer	5
making sense	5
mark 2	5
correction detroit	5
see is	5
it's under	5
218 radio	5
oic office	5
last 30	5
10-4 should	5
school of	5
209 you	5
first vehicle	5
you covered	5
apartments on	5
followed her	5
made some	5
cove up	5
329 we're	5
water and	5
listing i'm	5
of females	5
complainant thought	5
toyota tacoma	5
and 3rd	5
standby i'm	5
a neighbor's	5
while they're	5
parking there	5
victor williams	5
male's calling	5
male's going	5
was showing	5
is female	5
840 medic	5
a tour	5
1466 winchester	5
to winchester	5
for south	5
272 i	5
warren so	5
249 i	5
low and	5
lincoln north	5
11 there's	5
blocking any	5
9-1-1 i'll	5
1450 parkwood	5
parkwood with	5
matter of	5
up before	5
making the	5
is medical	5
bar 15615	5
the phone's	5
stole from	5
turning to	5
want prosecution	5
stated the	5
detroit summit	5
she's my	5
know him	5
child and	5
13 st	5
a keyholder	5
hold in	5
through detroit	5
can maybe	5
maybe go	5
scene a	5
is next	5
re-secure the	5
assistance or	5
unit 301	5
water leaking	5
his landlord	5
female's been	5
get started	5
risk and	5
and c	5
cove on	5
act 3	5
22 lincoln	5
40 brown	5
to thank	5
owners are	5
texas dl	5
34 valid	5
showing backdoor	5
to diana	5
220 of	5
visible place	5
expired handgun	5
handgun permit	5
a liquid	5
like when	5
not find	5
282 i'm	5
put their	5
room 24	5
captain stone	5
cuff him	5
a lieutenant	5
2 franklin	5
honda odyssey	5
iii out	5
has cautions	5
down they're	5
expires january	5
subaru outback	5
to 1622	5
between parties	5
somebody just	5
assisted up	5
elmwood with	5
17 listening	5
2005 honda	5
of key	5
220 could	5
13 or	5
06 clifton	5
2014 honda	5
obd for	5
this listing	5
son and	5
a board	5
can if	5
apartment 214	5
other things	5
severe alcoholic	5
who would	5
voluntarily went	5
to avoid	5
up their	5
seen a	5
violation i'll	5
118 49	5
49 clifton	5
floor complainant	5
her cousin	5
a donald	5
phone disconnected	5
disconnected and	5
area has	5
adam walter	5
which door	5
hopkins a	5
hopkins medic	5
117th by	5
check's secure	5
secure all	5
us here	5
you're okay	5
number he	5
work so	5
well with	5
10-4 they're	5
starting cpr	5
responsive but	5
sent them	5
they sent	5
show it	5
117th there's	5
alarm i'm	5
kia in	5
garden with	5
23 the	5
what exactly	5
shoot up	5
positive id	5
cleveland 23	5
charges or	5
leave with	5
is located	5
has frostbite	5
northland king	5
go anywhere	5
business owner	5
their side	5
broken window	5
something up	5
on who	5
volkswagen suv	5
check clear	5
a super	5
so not	5
riverside south	5
checked his	5
want no	5
guys make	5
10-8 they're	5
it's driving	5
west 17th	5
and 215th	5
people there	5
the wood	5
sleeping and	5
next reason	5
swelling in	5
ed we'll	5
unit 305	5
20 we	5
keep driving	5
apartment 840	5
number 840	5
help in	5
phone we'll	5
south athens	5
okay 17	5
215 on	5
around he	5
fact that	5
24-year-old male	5
back once	5
detroit cleveland	5
her wheelchair	5
alameda madison	5
book him	5
it's 10-8	5
number 114	5
madison department	5
answering and	5
let's check	5
60 i'll	5
northland and	5
medical problems	5
210 i	5
in sight	5
they're yelling	5
1 going	5
cannon for	5
of 60	5
brown license	5
1594 alameda	5
is pinging	5
cruising route	5
and homewood	5
was confirmed	5
and thank	5
minute please	5
queen sam	5
resident locked	5
verified truck	5
was extinguished	5
i'll play	5
bridge in	5
heard and	5
3 211	5
ago said	5
618 medic	5
her yesterday	5
by any	5
thing and	5
assist 10-8	5
button and	5
dispatch red	5
the clearance	5
floor number	5
1's also	5
place medic	5
companies returning	5
many of	5
first of	5
we come	5
ones and	5
he's taking	5
chrysler 4-door	5
to 1425	5
cannot copy	5
5 story	5
not look	5
does look	5
24 cars	5
let's make	5
we've gotten	5
second please	5
guess we	5
saw one	5
7 hours	5
at elmwood	5
can swing	5
and station	5
disregard those	5
pa plate	5
50-year-old female	5
a pump	5
the majority	5
done for	5
cameras and	5
2010 chevy	5
for edward	5
use this	5
open or	5
the pedestrian	5
he's en	5
cvs 117	5
clifton speak	5
were stolen	5
29 years	5
west west	5
in real	5
that kia	5
be utlgoa	5
eastbound right	5
around he's	5
drive there	5
today for	5
would call	5
please help	5
things at	5
disregard traffic	5
caller a	5
1559 lakeland	5
25 or	5
all together	5
correct and	5
on we're	5
someone over	5
third one	5
start talking	5
been arrested	5
just where	5
the knox	5
knox box	5
their address	5
you're covered	5
double parked	5
230 brown	5
a plane	5
1344 beach	5
a sober	5
showing me	5
2 now	5
that going	5
door neighbor	5
officers around	5
130 brown	5
25 who	5
that north	5
north end	5
taking this	5
er i'm	5
lane king	5
of may	5
was somebody	5
it's pinging	5
okay at	5
at mercury	5
only had	5
multiple 10-16cs	5
all white	5
and blonde	5
for dui	5
43 years	5
four four	5
mary nora	5
in these	5
these apartments	5
3-8 copy	5
by 90	5
answering any	5
185 brown	5
me she's	5
1 42	5
29th is	5
alert pendant	5
copy they	5
said they'd	5
freezing route	5
center medic	5
feeling suicidal	5
6 we'll	5
and 321	5
number the	5
12220 madison	5
madison third	5
the girlfriend's	5
new year's	5
a plow	5
though if	5
you arrive	5
called there	5
suv blocking	5
a euclid	5
suv no	5
13 listening	5
2018 dodge	5
1382 cove	5
i'm an	5
ag menacing	5
the management	5
gonna hold	5
down or	5
and clinton	5
10-16c i'm	5
on disorderly	5
5 000	5
from depression	5
depression and	5
24 9	5
camera at	5
approximately 3	5
was traveling	5
party to	5
a burg	5
secure we're	5
49 i	5
expires 47	5
2016 toyota	5
traffic he	5
22 years	5
29 ds	5
brown temporary	5
206 i'm	5
and mary	5
85 40	5
female they're	5
10-4 sounds	5
to 1445	5
is acting	5
running away	5
from orchard	5
clear everyone	5
michael he	5
pack of	5
fighting with	5
i'll probably	5
cooperative and	5
clifton heard	5
gonna help	5
26 notes	5
jackson and	5
resides there	5
202 kufner	5
way clifton	5
alarm everything	5
with virginia	5
be william	5
play out	5
the cashier	5
was banging	5
if her	5
and search	5
ford pickup	5
can't pull	5
a do	5
a plumber	5
leave your	5
id when	5
line it	5
bathroom and	5
he picked	5
a letter	5
check area	5
is again	5
front entrance	5
door i'll	5
28-year-old female	5
10-6 i'm	5
and fixed	5
copies 117	5
be peter	5
neighborhood family	5
family practice	5
11906 madison	5
stay tuned	5
of 10-16	5
marijuana possession	5
10-12 companies	5
the cliff	5
damage id	5
arthur there's	5
arthur the	5
lunch break	5
blue house	5
on summit	5
mitsubishi outlander	5
and please	5
at 120-400	5
zebra nick	5
10-8 stop	5
189-15 detroit	5
jeep on	5
in cars	5
2018 honda	5
an appointment	5
question in	5
also is	5
madison fedor	5
asked you	5
10-9 10-9	5
i'm gone	5
and david	5
can and	5
at 144-01	5
to line	5
and northland	5
a waterline	5
waterline break	5
madison no	5
part two	5
the town	5
set them	5
clifton lakeland	5
green eyes	5
possession drug	5
mr johnson	5
madison medical	5
bringing him	5
bp on	5
10-9 can	5
1545 coutant	5
there wasn't	5
72 we're	5
over him	5
scene from	5
one so	5
one break	5
see an	5
clifton as	5
back later	5
down thank	5
options for	5
elmwood and	5
1-b is	5
wood and	5
72 do	5
caught it	5
oil spill	5
here's the	5
vehicles we're	5
18515 detroit	5
a radio	5
honda parked	5
of northfield	5
detroit large	5
10-4 224	5
is active	5
car's out	5
and robert	5
were told	5
address it	5
22 cars	5
of hard	5
data shows	5
i'm preg-	5
not open	5
minutes with	5
them through	5
be hilliard	5
a buick	5
a joseph	5
of 02	5
a security	5
frank nick	5
say something	5
point i	5
26 23	5
26 copies	5
issue we're	5
26 riverside	5
12530 lake	5
lake king	5
the p	5
complete medic	5
dci starting	5
10-7 it's	5
70 it's	5
apartment so	5
now all	5
dark jacket	5
detroit granger	5
over 20	5
madison code	5
proof of	5
december of	5
to troy	5
leave now	5
inside i	5
back west	5
qualified to	5
i'm switching	5
two individuals	5
argument that	5
5 you're	5
is first	5
pull her	5
so let	5
way they're	5
id he's	5
is dl	5
dl tom	5
they're responding	5
ed you	5
via the	5
state park	5
2017 gray	5
26 valid	5
15 chevy	5
22 we	5
lorraine on	5
else with	5
that match	5
air is	5
07 detroit	5
westbound i'm	5
i'm more	5
sam birthday	5
20-year-old male	5
165 black	5
heart failure	5
on 24-hour	5
changes to	5
to flip	5
29 could	5
i'm hurting	5
is 25	5
a 17-year-old	5
want police	5
is partially	5
at carbon	5
carbon john	5
21 deal	5
been texting	5
i've lost	5
blue truck	5
mike victor	5
camry expires	5
her 18	5
come speak	5
22 what	5
like from	5
at 2117	5
12905 madison	5
area are	5
more specific	5
we speak	5
wayne county	5
she sent	5
a beige	5
a blanket	5
that toyota	5
michael gordon	5
since then	5
2018 subaru	5
fire if	5
in if	5
the hvac	5
2026 44	5
the attendant	5
to listing	5
33 valid	5
cove unit	5
unsure which	5
firearm on	5
24 29	5
erie county	5
stop here	5
at angle	5
hold her	5
station 5	5
we're advised	5
11801 lake	5
avenue apartment	5
tightness in	5
that check	5
22 24	5
pickup the	5
suspended permit	5
25 10-7	5
brown i	5
i'll reach	5
fire him	5
been disregard	5
from outside	5
between her	5
i'm frank	5
vehicle's going	5
and parked	5
vehicle king	5
went straight	5
i used	5
plate can	5
an opt	5
on citation	5
20 feet	5
madison go	5
or their	5
the help	5
26 this	5
10 black	5
brown status	5
a ohio	5
it's gone	5
203 did	5
say a	5
thanks sir	5
you free	5
2018 gray	5
are y'all	5
26 7	5
number i'm	5
is throwing	5
you two	5
from arthur	5
transport this	5
checks secure	5
a gl	5
water break	5
the server	5
speed limit	5
we'll still	5
the clock	5
here looking	5
than 24	5
her 10-4	5
caller for	5
you're up	5
26 28	5
we're under	5
in narcotics	5
for robert	5
of strongville	5
charlie paul	5
train to	5
that scene	5
2017 hyundai	5
okay sorry	5
was you	5
wouldn't mind	5
check now	5
the carlyle	5
also clear	5
got stuff	5
blue volkswagen	5
that suspect	5
stopped here	5
his friend's	5
tow number	5
switch cars	5
for mail	5
shot in	5
cleveland with	5
in july	5
didn't ask	5
he's turning	5
2's at	5
hospital staff	5
24 26	5
and picked	5
still active	5
vehicle here	5
call into	5
at 203	5
actually not	5
having abdominal	5
access over	5
more there's	5
a pc	5
another complaint	5
a mistake	5
towed at	5
officer out	5
towers for	5
at 1604	5
residence no	5
charlie zebra	5
25 who's	5
dl it's	5
valid 211	5
name a	5
spelling and	5
a playground	5
the dealership	5
think your	5
your kid	5
with county	5
those things	5
2010 nissan	5
t and	5
cleveland 36	5
for burglar	5
can't i'm	5
back because	5
was born	5
205 he	5
24 she	5
address apartment	5
cancel copy	5
place i'll	5
at 50	5
caller who	5
a shot	5
15 vehicle	5
number that's	5
all it	5
work tonight	5
9 19	5
stomach and	5
15 medic	5
kicked her	5
southbound towards	5
a faint	5
address she's	5
cell please	5
making some	5
medic 5	5
david nick	5
sure sure	5
to daniel	5
kia expires	5
8 adam	5
who's this	5
have kufner's	5
go police	5
tire is	5
route we're	5
respond via	5
else that's	5
copy woodward	5
moving up	5
two copies	5
driver that	5
i change	5
2020 nissan	5
assign a	5
service it's	5
not we're	5
from 90	5
checking i	5
female wasn't	5
wasn't home	5
time we'll	5
also not	5
advised their	5
224 we're	5
but her	5
firearm in	5
31 26	5
threats were	5
at gunpoint	5
for fuel	5
franklin bunts	5
lincoln nora	5
males at	5
young children	5
that registered	5
registered on	5
i respond	5
to process	5
search on	5
on each	5
traffic clifton	5
juvenile females	5
correct we	5
car around	5
224 on	5
someone took	5
the g	5
gotten any	5
you more	5
message you	5
bit for	5
probably clear	5
river at	5
and graver	5
heading toward	5
tom charles	5
him stopped	5
female coughing	5
with ml	5
possession caution	5
be 19th	5
19th this	5
park was	5
okay 29	5
turn me	5
waterford number	5
cleveland expires	5
can close	5
of 72	5
me my	5
moved we're	5
very short	5
madison union	5
a lease	5
cleveland 3	5
plate frank	5
female keeps	5
clear we	5
1's at	5
216 we	5
parked since	5
any reason	5
edgewater west	5
the gentleman's	5
near lakewood	5
9-3 i	5
attention we'll	5
216 10-4	5
629 and	5
and 272	5
driver called	5
is uto	5
make 3	5
yet for	5
them this	5
216 i	5
it already	5
accident location	5
employee in	5
the linton	5
add you	5
male wife	5
again disregard	5
10-16 i'm	5
car by	5
dispatch there's	5
agree with	5
house west	5
of in	5
also out	5
13 i've	5
until you're	5
i worked	5
beard and	5
dispatch mercury's	5
west 112th	5
reporting parties	5
check off	5
of 16	5
said john	5
flu-like symptoms	5
madison eastbound	5
12405 detroit	5
but she'd	5
1 sorry	5
over into	5
205 at	5
211 disregard	5
got upset	5
for bed	5
him added	5
frank and	5
apartments 1370	5
elber apartment	5
handle engine	5
on elber	5
and rest	5
order was	5
your dog	5
5'6 160	5
chain is	5
door lock	5
apartment 311	5
green not	5
on richland	5
93 32	5
of female	5
to purchase	5
her thank	5
violation here	5
the witten	5
place apartment	5
have broken	5
and good	5
96 29	5
70-year-old male	5
eastbound lane	5
letting him	5
his roommate's	5
issues between	5
sorry he's	5
for assistance	5
male driving	5
on western	5
are dry	5
traffic my	5
street here	5
i've found	5
16 you're	5
one came	5
again in	5
complainant here	5
building or	5
so close	5
a horse	5
had issues	5
have info	5
black 2016	5
sedan i	5
vehicle pulled	5
mark that	5
be located	5
one good	5
longer lives	5
the machine	5
1621 medic	5
a hospital	5
criminal trespassing	5
jacket jeans	5
at someone	5
at 208	5
assist that	5
13 000	5
your route	5
a jordan	5
251 can	5
run two	5
other parties	5
stall on	5
bond and	5
the round	5
10-4 229	5
mva a	5
or my	5
18240 detroit	5
17 with	5
15607 detroit	5
is unconscious	5
moved today	5
said two	5
two hours	5
on deck	5
olive for	5
haven at	5
the signature	5
fry and	5
kirk is	5
banking service	5
227 i'm	5
trespass list	5
there after	5
13306 detroit	5
2012 honda	5
mac 1's	5
that won't	5
owner that	5
is vomiting	5
old sister	5
before our	5
mckinley riverside	5
gained on	5
process of	5
15 12	5
no 5	5
fighting the	5
it's almost	5
right address	5
walk off	5
the easiest	5
hard of	5
and stole	5
stole his	5
fetch medic	5
window is	5
vehicle looks	5
down there's	5
and merle	5
out detroit	5
of failure	5
all or	5
because their	5
their new	5
or back	5
starbucks 15027	5
2008 honda	5
dl shows	5
lincoln apartments	5
phone sounds	5
street right	5
september of	5
28 if	5
please stay	5
need kufner	5
crash notification	5
require any	5
06 29	5
cleveland accident	5
flash if	5
3 king	5
king town	5
have contact	5
the 9th	5
1308 ramona	5
a reaction	5
17 could	5
calls a	5
bike madison	5
madison winchester	5
okay 24	5
and dad	5
9 with	5
228 are	5
follow-up in	5
for officer	5
y and	5
17 that's	5
through tennessee	5
147-01 detroit	5
222 i	5
homeowner there	5
just finished	5
lunch okay	5
she's set	5
charles on	5
traffic 211	5
has on	5
217th can	5
october 2026	5
3 son	5
parked by	5
two is	5
service he	5
claims he's	5
we stop	5
number we'll	5
the arrow	5
29 got	5
complainant's driveway	5
was checked	5
driver still	5
no hazards	5
12 5	5
sweating and	5
feeling very	5
that's nice	5
hit was	5
i'm outside	5
at spring	5
21's out	5
franklin go	5
longer allowed	5
off detroit	5
birth and	5
you 26	5
fire truck	5
paraphernalia i'll	5
athens i'll	5
try one	5
of anything	5
warrant we'll	5
sorry this	5
10-4 disregard	5
disagreement over	5
responding here	5
secure everything	5
be running	5
release them	5
74-year-old male	5
14312 apartment	5
who's our	5
over copy	5
and cracked	5
her ring	5
four males	5
right through	5
workers are	5
lane just	5
alger overpass	5
service dispatch	5
is hard	5
5 disregard	5
llc on	5
22 you're	5
is sergeant	5
tom edwards	5
issues or	5
male's car	5
down it	5
5'10 195	5
closed they're	5
62 i'm	5
2016 honda	5
28 valid	5
223 i'm	5
val and	5
broken out	5
fire lane	5
code and	5
east please	5
here working	5
open now	5
surrounding streets	5
the bakery	5
there around	5
to alameda	5
the brake	5
at 1377	5
model and	5
on so	5
send this	5
any longer	5
issue the	5
good at	5
detroit we'll	5
station do	5
let's turn	5
female shortness	5
four zero	5
david william	5
william paul	5
that's actually	5
all please	5
27-year-old male	5
him franklin	5
entry sensor	5
open back	5
send those	5
i v	5
a 38	5
done i'm	5
sees it	5
26 now	5
time it	5
2023 toyota	5
14837 detroit	5
a colorado	5
and parkside	5
jumped out	5
buick enclave	5
left all	5
mckinley from	5
from south	5
why is	5
of niagara	5
front passenger	5
8 we'll	5
with number	5
would meet	5
on 24	5
a razor	5
called mobile	5
we gotta	5
goa we	5
pretty quick	5
turning the	5
male never	5
my number	5
looks back	5
something i'm	5
wants you	5
you around	5
q19 for	5
if he'll	5
weeks pregnant	5
13 stall	5
he's showing	5
of lakeshore	5
bring in	5
same building	5
be boy	5
6 car	5
15 nicholson	5
saw someone	5
blocking it	5
pretty well	5
a bell	5
cove we're	5
you hold	5
up thank	5
thanks to	5
the touch	5
just my	5
eagle and	5
drug deal	5
release status	5
no answers	5
check ok	5
hello there	5
sorry she	5
cleveland 43	5
take their	5
you 13	5
a heat	5
11 13	5
chevy plate	5
expires november	5
november 2026	5
a restaurant	5
acting out	5
donald and	5
so many	5
1 61	5
doors on	5
your help	5
of barrio	5
bothering her	5
sparks coming	5
notified no	5
miles out	5
freeze out	5
your position	5
3 male	5
trees and	5
at 1605	5
fine with	5
and expires	5
breathing 1346	5
guys with	5
stop please	5
this whole	5
set will	5
3rd bank	5
they're worried	5
rosewood in	5
akron on	5
2026 honda	5
him call	5
the hazard	5
psych issues	5
money from	5
a fake	5
son she	5
gray hat	5
by him	5
fight him	5
broken up	5
gentleman that	5
options will	5
music the	5
park parking	5
hold this	5
tune in	5
a shopping	5
she's homeless	5
football fans	5
200 in	5
bet on	5
never ordinary	5
ordinary at	5
gambling problems	5
problems call	5
1-800-bets-off 21-plus	5
21-plus only	5
weekend and	5
stopping king	5
156-07 detroit	5
minute 2's	5
the lakeland	5
lincoln on	5
county copy	5
140 black	5
in arthur	5
robin king	5
24 i've	5
license plates	5
i'll back	5
charles david	5
are stopped	5
feeling faint	5
the 2011	5
permission on	5
theft and	5
is paying	5
out before	5
to win	5
no matter	5
forget the	5
checked at	5
detroit webb	5
and 115th	5
points for	5
come move	5
make an	5
their fire	5
the riverwood	5
detroit outside	5
sorry yeah	5
dv and	5
walk them	5
call come	5
103 medic	5
zebra 8	5
1 responded	5
cove from	5
detroit 924	5
out copy	5
tom victor	5
new life	5
life church	5
pounds black	5
county confirmed	5
a generic	5
my message	5
standby at	5
person or	5
fell a	5
to summit	5
scene they	5
need police	5
1503 cohasset	5
off over	5
has in	5
granger for	5
gonna happen	5
on michael	5
2050 lake	5
bring me	5
for 26	5
of city	5
family and	5
who stated	5
205 no	5
205 it's	5
205 the	5
a multiple	5
a camel	5
he's 23	5
consumer she's	5
colonial house	5
clifton fry	5
of air	5
tom adams	5
parked with	5
wants shows	5
very dizzy	5
1 son	5
92 is	5
advised engine	5
out standing	5
burned food	5
is reset	5
service command's	5
come grab	5
also check	5
keys that	5
is more	5
those keys	5
cliffs 1-8900	5
company just	5
17 car	5
manager he	5
they return	5
edgewater i'll	5
number 110	5
jeep no	5
ahead 10-4	5
over he's	5
southbound passing	5
his lights	5
off he's	5
he's crossing	5
90 now	5
to terminate	5
sorry on	5
cleveland just	5
got both	5
speedy gas	5
house was	5
vacant and	5
red for	5
cordova with	5
at once	5
12-8 copy	5
129 43	5
that sir	5
in class	5
for i'll	5
with illinois	5
of chicago	5
update that	5
contact maintenance	5
119 with	5
at 1485	5
property she's	5
nick yesterday	5
in two	5
he's over	5
coutant king	5
route fairview	5
18 out	5
10-10 medic	5
not located	5
proceed to	5
10-20 of	5
toll number	5
29 was	5
22 she's	5
the storage	5
shows his	5
25 there's	5
and cad	5
okay all	5
i accidentally	5
covered it	5
good luck	5
ski mask	5
we send	5
black the	5
to investigator	5
that item	5
to write	5
i'm cooking	5
this phone	5
area or	5
male dl	5
conscious but	5
pickup in	5
on arrest	5
5 feet	5
a standby	5
doing this	5
there everything	5
detroit heard	5
the mars	5
listed with	5
15 brown	5
madison harding	5
it home	5
detail i'm	5
and by	5
to 13202	5
for starting	5
were parked	5
walked to	5
got nothing	5
been coming	5
pain all	5
the involved	5
on trespassing	5
here momentarily	5
1577 newman	5
medic 117th	5
24 28	5
28 26	5
believes somebody	5
somebody stole	5
nick sam	5
edward and	5
route madison	5
the frye	5
frye overlook	5
5 times	5
can forward	5
outside asking	5
12 or	5
for food	5
vehicle are	5
call will	5
10-4 could	5
well we'll	5
32 copies	5
copies i	5
to ridgewood	5
are clearing	5
your dl	5
dl if	5
the ward	5
turning south	5
for dos	5
date please	5
14909 clifton	5
fee to	5
not receive	5
a order	5
we're 19	5
department called	5
6-9 copy	5
dci i'm	5
a two	5
clark and	5
gained i'll	5
the vestibule	5
the cash	5
the holder	5
arrival spoke	5
a larceny	5
21 0	5
number 108	5
2026 43	5
11841 lake	5
lady in	5
was blocking	5
cleveland this	5
a burger	5
t is	5
209 to	5
their garage	5
an at	5
72 hour	5
a female's	5
can cover	5
unit was	5
send over	5
breaking out	5
17 what	5
84-year-old female	5
foot is	5
copies please	5
already cleared	5
brown medic	5
1 as	5
a address	5
it's missing	5
2009 toyota	5
feed door	5
mail left	5
1's returning	5
offering to	5
gambling problem	5
problem call	5
21 plus	5
plus only	5
is red	5
queen william	5
a trip	5
street can	5
unit but	5
nothing there	5
tonight and	5
station copy	5
in 208	5
to trade	5
see from	5
is terminated	5
a higher	5
mark me	5
newer model	5
or they	5
2 found	5
you return	5
to 1311	5
the motion	5
options to	5
alarm to	5
the alarms	5
she's gone	5
last hit	5
now calling	5
the men	5
asking them	5
county i'm	5
to 2075	5
chester lynn	5
like right	5
donald with	5
no valid	5
suspended license	5
he's my	5
madison one	5
flag me	5
guns and	5
they're headed	5
that's fallen	5
22 16	5
key at	5
didn't go	5
away to	5
southbound at	5
my face	5
we on	5
1610 ridgewood	5
list and	5
color expired	5
hard for	5
lane i	5
alger to	5
13 of	5
at 2054	5
under her	5
tracks in	5
2016 jeep	5
male threatening	5
hanging in	5
marginal henry	5
your head	5
number at	5
the horn	5
we would	5
again is	5
belle just	5
29 riverside	5
be tuning	5
doesn't speak	5
patient one	5
on large	5
then went	5
vest and	5
the handicap	5
6 complainant	5
hot water	5
15 000	5
12 he	5
station 213	5
208 i'm	5
16 he's	5
dispatch rank	5
search this	5
19 deal	5
listing frank	5
5 union	5
floor elevator	5
suv partially	5
jail is	5
three people	5
someone saying	5
brown or	5
walked through	5
earlier he	5
we're madison	5
open i	5
on purpose	5
right car	5
2 units	5
looks clear	5
staging at	5
to we	5
problems in	5
was referring	5
16 1	5
him saying	5
near west	5
parked behind	5
park said	5
a down	5
go a	5
keeping an	5
back eastbound	5
eastbound i	5
your last	5
down towards	5
charles i'm	5
me here	5
to oic	5
also there	5
permit for	5
the with	5
back north	5
your left	5
seeing you	5
now can't	5
west i'm	5
stop them	5
12 this	5
juvenile i	5
he'll come	5
be missing	5
not up	5
victoria the	5
daughter of	5
here somewhere	5
caught on	5
hit them	5
and lost	5
these 2	5
that do	5
either the	5
gotten a	5
sorry a	5
i'd appreciate	5
okay what	5
edgewater park	5
to winton	5
an episode	5
copy same	5
landline please	5
cleveland 40	5
c s	5
s and	5
small children	5
help to	5
medic who's	5
i confiscated	5
the dmv	5
number associated	5
12 28	5
over i'm	5
the neck	5
ave for	5
lit up	5
keys out	5
20-8 i'm	5
boyd lincoln	5
line that's	5
now sitting	5
disregard copy	5
1470 victoria	5
them about	5
believes is	5
officers and	5
just your	5
the double	5
company's medical	5
to escape	5
and 217th	5
followed by	5
call john	5
isn't feeling	5
coast and	5
email address	5
here heading	5
on company's	5
accessible we'll	5
guys try	5
bus that's	5
i'll move	5
6-year-old female	5
1045 parkside	5
suv hit	5
on unit	5
do something	5
ovi can	5
went home	5
hilliard number	5
his partner	5
meds and	5
building now	5
building it	5
of someone	5
bag full	5
and known	5
companies responding	5
did and	5
respond and	5
bunts on	5
alger bridge	5
city if	5
confirm we	5
disregard kufner	5
then and	5
26 a	5
police to	5
21 medic	5
side in	5
2 you'll	5
disabled it's	5
and 621	5
listing lincoln	5
scene turned	5
using her	5
company's engine	5
for repair	5
address we	5
leave she's	5
she recently	5
her hip	5
ice and	5
just read	5
given a	5
pull back	5
1's clear	5
moment we	5
see smoke	5
a dryer	5
check here	5
just forward	5
brown shows	5
her status	5
signal on	5
24 a	5
hat with	5
20 listing	5
the auto	5
dispatch med	5
an arrest	5
at colonial	5
apartment 14	5
97 year	5
scene investigating	5
703 medic	5
118 01	5
command for	5
floor is	5
gonna copy	5
she's no	5
that what	5
daughter called	5
inside or	5
male stating	5
his throat	5
chosen route	5
negative transport	5
entry on	5
28 6	5
as i'm	5
on between	5
he's involved	5
no disqualifiers	5
10 copies	5
red chrysler	5
bell 1-5500	5
15500 detroit	5
17 question	5
not out	5
january of	5
be seen	5
3 my	5
chrysler town	5
and country	5
okay 25	5
14534 madison	5
prisoner out	5
alarm's reset	5
get 18	5
dressed in	5
21 when	5
drone and	5
right off	5
drive off	5
the rooftop	5
set if	5
neighbor across	5
26 over	5
over time	5
arrival engine	5
1498 west	5
clearance in	5
for welfare	5
alarm show	5
more police	5
a homeowner	5
it's so	5
direct engine	5
12 13	5
21 22	5
and blossom	5
running the	5
from days	5
pants carrying	5
the meeting	5
12021 edgewater	5
on donald	5
actually happened	5
old brother	5
concern for	5
grace from	5
black hood	5
left i'll	5
69-year-old female	5
getting that	5
sidewalk at	5
caution tape	5
i'll transfer	5
westwood with	5
playing music	5
wants an	5
downstairs speak	5
we told	5
warren by	5
3 they	5
to update	5
employee they	5
is outside	5
send his	5
month ago	5
my office	5
name one	5
cleveland 2016	5
2016 black	5
moment please	5
did anybody	5
checked that	5
we start	5
up next	5
complainant for	5
he passed	5
still southbound	5
andrews just	5
10-8 this	5
i s	5
deal when	5
2013 toyota	5
work that	5
later and	5
has something	5
for mom	5
off out	5
and detective	5
other police	5
more 10-8	5
mike paul	5
5 male	5
work to	5
traffic 10-8	5
at 29	5
ago with	5
22 it's	5
on question	5
female 5'5	5
pants gray	5
the plaza	5
down he	5
went over	5
13395 madison	5
anthony plaza	5
ordinary construction	5
shown from	5
high and	5
the letter	5
newman in	5
scene right	5
there trying	5
stay for	5
follow him	5
to person	5
i'll work	5
advised in	5
a tracy	5
10-1 of	5
own a	5
has is	5
an axe	5
that pickup	5
message can	5
glass and	5
gone prior	5
male stated	5
engine for	5
11900 detroit	5
19 10-8	5
with nothing	5
restaurant there's	5
john 4	5
catch you	5
general 13215	5
stop we're	5
all female	5
13 there's	5
recall that	5
male female	5
in after	5
wait here	5
8 detroit	5
since we're	5
someone with	5
it's dark	5
70 you	5
copy myself	5
5 that	5
the driveway's	5
once you're	5
copy close	5
vehicle today	5
park he's	5
did get	5
just under	5
it one	5
24 minutes	5
send kufner's	5
a flatbed	5
front right	5
with madison	5
of suspension	5
colvin lake	5
just set	5
assist us	5
to isolate	5
isolate the	5
is lincoln	5
anybody that	5
them going	5
lakewood at	5
mars the	5
the president	5
of power	5
scene do	5
york dl	5
issue at	5
just show	5
lake woodyard	5
is patrick	5
stay separated	5
46 years	5
try on	5
3 medics	5
responding in	5
building if	5
have something	5
copy one	5
in addition	5
16 we	5
2 mag	5
what king	5
15111 detroit	5
was confused	5
detroit behind	5
wake him	5
kia parked	5
car pulled	5
light it's	5
this month	5
marshall and	5
hallucinating and	5
caller gave	5
here today	5
all vehicles	5
whether it's	5
is failure	5
service they'll	5
the overpass	5
and weston	5
a system	5
use in	5
report with	5
that prisoner	5
victor davis	5
from new	5
her bed	5
the kfc	5
street she's	5
no thanks	5
edwards is	5
a walter	5
brooklyn heights	5
a fine	5
and sirens	5
to female	5
now said	5
live and	5
wagar with	5
you of	5
a 40-year-old	5
222 copy	5
found and	5
yeah but	5
standing at	5
euclid for	5
he's staying	5
have passed	5
passed the	5
hold him	5
since yesterday	5
okay his	5
said earlier	5
madison or	5
to actually	5
board and	5
13 1	5
the rally	5
a fingerprint	5
scanner up	5
green jeep	5
6 15	5
from cvs	5
10-6 of	5
yesterday walter	5
station they	5
messing with	5
incident documented	5
queen john	5
test for	5
3 no	5
11835 clifton	5
center lot	5
was black	5
pulled the	5
traffic car	5
that semi	5
shoulder pain	5
cut his	5
clear shortly	5
other males	5
low oxygen	5
crescent north	5
calls if	5
nurse is	5
clot in	5
male safety	5
fire room	5
black 1	5
city i'll	5
emergency he	5
1687 robinwood	5
another report	5
but couldn't	5
manager has	5
29 squad	5
regarding some	5
male could	5
options we're	5
was placed	5
placed on	5
left from	5
06 and	5
madison library	5
cars or	5
right turn	5
203 10-7	5
she's injured	5
from st	5
this week	5
to 2023	5
16 clifton	5
the 26th	5
anything he	5
to christopher	5
15 it	5
ton of	5
parked the	5
about how	5
lane lakewood	5
hit another	5
stop i'll	5
sorry 13	5
in copy	5
of 67	5
145 black	5
saying their	5
rocky river's	5
female's going	5
nora boy	5
detroit got	5
of grafton	5
11820 lake	5
above him	5
14808 lake	5
from city	5
please do	5
now having	5
25 12	5
was choking	5
something and	5
he cut	5
started screaming	5
or 10-8	5
also been	5
on westwood	5
at newman	5
madison we'll	5
417 you	5
214 if	5
15707 detroit	5
know some	5
issues but	5
road he's	5
you're next	5
no threat	5
a bloody	5
21 do	5
the names	5
210 can	5
already en	5
tried it	5
different ways	5
want i	5
703 for	5
the iv	5
eviction notice	5
6 lincoln	5
dus and	5
by he	5
of 2135	5
all and	5
her friend's	5
area at	5
found from	5
see which	5
once they	5
male involved	5
for in	5
that crashed	5
winchester medic	5
red lights	5
there's other	5
via a	5
back left	5
hiding behind	5
2024 chevy	5
27 delaware	5
showing he	5
madison he	5
she's with	5
his 17	5
see my	5
detroit looks	5
out 25	5
15 new	5
started the	5
him once	5
going towards	5
see at	5
his deal	5
and radio	5
mail i'll	5
running into	5
get away	5
for these	5
in 11	5
approximately 5	5
another white	5
hilliard is	5
a guest	5
entry in	5
answer and	5
check another	5
complaint the	5
apartment we	5
her child's	5
16 miles	5
now have	5
she resides	5
gonna talk	5
mac 2	5
getting his	5
video games	5
heard someone	5
2nd is	5
1346 go	5
possibly going	5
sam 0	5
now gonna	5
42 years	5
a trash	5
and orange	5
house if	5
any prior	5
edgewater apartments	5
reason not	5
store owner	5
2020 hyundai	5
is 15	5
of 1363	5
square for	5
out 20	5
damaged property	5
for each	5
listings king	5
set he's	5
of at	5
olmsted township	5
wants active	5
middle lane	5
vehicle checks	5
stop he	5
west wing	5
help a	5
halstead the	5
juvenile starting	5
sam walter	5
10-4 to	5
store now	5
she requested	5
at 2035	5
entry with	5
when ready	5
or for	5
in parma	5
move their	5
he'll meet	5
2 turn	5
home right	5
approaching from	5
to 1375	5
disregard can	5
receive a	5
24-hour violation	5
no heat	5
move up	5
call 3	5
at 2115	5
color fire	5
larchmont for	5
calling a	5
or run	5
we removed	5
department on	5
1391 warren	5
cleveland 2018	5
you car	5
and northwood	5
with clifton	5
officers were	5
not detect	5
options i'll	5
or send	5
showing basement	5
group and	5
out nothing	5
switching fire	5
is eric	5
whole foods	5
7 out	5
through some	5
birth of	5
an actual	5
all floors	5
that nature	5
health issue	5
just packing	5
see your	5
dog's been	5
check smart	5
silver car	5
a pair	5
male 6'200	5
entered missing	5
wouldn't answer	5
answer it	5
10-16s out	5
guys i'm	5
you before	5
pushed his	5
being discharged	5
pulled it	5
a rachel	5
204 is	5
apartment 740	5
seen anyone	5
gas pump	5
i cleared	5
open window	5
lives right	5
you're arriving	5
edwards just	5
where her	5
she's done	5
it you're	5
other in	5
driver said	5
it's entering	5
release to	5
assistance on	5
2 thank	5
medical 3	5
scene dispatch	5
80-year-old male	5
22-year-old female	5
going police	5
the jailer's	5
night to	5
up just	5
314 for	5
his foot	5
be police	5
of 28	5
16th and	5
the bag	5
the 16	5
picture i	5
115th and	5
not sounding	5
i'll stay	5
24 19	5
madison do	5
berea on	5
that's possibly	5
back robert	5
on bond	5
sedan the	5
she's looking	5
colored clothing	5
seeing anybody	5
on october	5
for trafficking	5
again this	5
park we'll	5
feet is	5
118 50	5
elevator emergency	5
car there's	5
rental car	5
check opposite	5
her eyes	5
enroute to	5
vehicle's not	5
the s	5
s a	5
ds to	5
previous detail	5
our report	5
her camera	5
deployed on	5
14 20	5
past details	5
patient patient	5
them last	5
female up	5
the pharmacy	5
the facility	5
medical we're	5
winchester franklin	5
raise a	5
request for	5
216 go	5
phone but	5
do do	5
it sorry	5
boy paul	5
we re-secured	5
of warrensville	5
2018 white	5
the baby	5
squad if	5
no and	5
over she	5
not hit	5
that previous	5
white jacket	5
jacket on	5
madison we	5
and from	5
who just	5
not take	5
those phone	5
were inside	5
bunts car	5
owner but	5
ridgewood female	5
boy king	5
at 1522	5
of waterbury	5
inside at	5
previous calls	5
could open	5
to follow-up	5
complete the	5
apartment 28	5
of gasoline	5
resident says	5
in 220	5
answer but	5
13322 madison	5
clifton so	5
14 9	5
thing we	5
24 20	5
of oil	5
who hit	5
quiet and	5
neighbor next	5
city cell	5
your eyes	5
no warrant	5
his cat	5
common area	5
a squirrel	5
storage unit	5
is allowed	5
driveway they	5
was me	5
further involvement	5
from andrews	5
check mckinley	5
was hanging	5
1 23	5
a round	5
on chase	5
some parking	5
copied that	5
truck hit	5
truck truck	5
white pickup	5
sure yet	5
the ladder	5
charles union	5
tow on	5
individual that	5
that pressed	5
66-year-old male	5
leg and	5
doesn't seem	5
max 3	5
2058 robin	5
yes there's	5
made patient	5
try number	5
earlier from	5
here recently	5
of 1423	5
1423 riverside	5
by so	5
of 1464	5
employees at	5
beach just	5
shot at	5
520 for	5
minutes i'll	5
king like	5
what street	5
the worker	5
kufner's and	5
copy two	5
vehicles from	5
kufner's please	5
company or	5
or your	5
riverside at	5
checking and	5
white 2020	5
the sub	5
some on	5
a trap	5
board of	5
this lpd	5
in too	5
or call	5
missed your	5
copy there	5
in today	5
frank 3	5
oh wait	5
blind male	5
description from	5
later in	5
westbound near	5
mckinley off-ramp	5
shoulder and	5
2nd of	5
lewis in	5
fire has	5
clifton be	5
nick x-ray	5
ridgewood in	5
italian creations	5
black eye	5
cleveland 37	5
have missed	5
engine 9	5
10-8 is	5
just was	5
203 do	5
for gci	5
it's either	5
is talking	5
issue we'll	5
refused ama	5
a bigger	5
open we're	5
make you	5
a handle	5
walgreens with	5
messed up	5
location where	5
extension apartment	5
lock it	5
park complaint	5
complaint advised	5
already had	5
drive that	5
negative i'll	5
because i've	5
doing something	5
upon my	5
booking that	5
sure but	5
detroit mars	5
things in	5
running her	5
lives downstairs	5
still hear	5
was full	5
to 14401	5
7 we	5
riverway and	5
that dodge	5
same vehicle	5
meridian 12550	5
ahead show	5
he's stuck	5
unit 5	5
okay was	5
squad up	5
number will	5
about 40	5
40 minutes	5
female prisoner	5
508 medic	5
1218 gladys	5
copies detroit	5
you captain	5
nobody has	5
parking area	5
unit 924	5
2 as	5
showing motion	5
on 10-4	5
uber to	5
and bays	5
the recent	5
rectal bleeding	5
i'm parked	5
that deal	5
she's open	5
218 you	5
204 to	5
shortly i'll	5
1-1900 edgewater	5
down over	5
ems medic	5
chevy van	5
in 229	5
dog from	5
to 201	5
charlie david	5
nephew is	5
say they're	5
2019 hyundai	5
19 listen	5
what that	5
that caller	5
25 with	5
sorry but	5
doors were	5
a jennifer	5
hopkins with	5
apartment 609	5
the charlie	5
on dispatch	5
department's on	5
18 for	5
in post	5
lakewood copy	5
2 special	5
envoy number	5
lake check	5
a dump	5
vehicle now	5
14 he's	5
nick victor	5
the echo	5
street no	5
sides of	5
employee call	5
leads to	5
to 2011	5
for paraphernalia	5
you sorry	5
the guard	5
said 10-8	5
lot said	5
the companies	5
nobody's home	5
stuck between	5
25 please	5
room 802	5
line we	5
her old	5
the advice	5
11 lake	5
seat and	5
14 in	5
2014 subaru	5
for body	5
was warned	5
him can	5
they needed	5
214 to	5
broken in	5
silver gmc	5
anything if	5
blake and	5
apartment 1010	5
at westwood	5
hilliard we're	5
linda street	5
the driving	5
is near	5
clifton point	5
at 1652	5
vehicle she's	5
the calling	5
road king	5
van in	5
hurd at	5
full response	5
number she	5
added him	5
of suicide	5
she claimed	5
morning they	5
apartment 612	5
and bellevue	5
this off	5
mike 1's	5
65 years	5
city truck	5
an amazon	5
closed down	5
a smaller	5
the hand	5
one's injured	5
daleview with	5
at 120	5
give dispatch	5
complaint i'm	5
the hook	5
you re-advise	5
the 2008	5
make or	5
they refused	5
one who	5
court please	5
the bartenders	5
walking his	5
information please	5
he a	5
investigator allen	5
was located	5
and owner	5
left out	5
falling over	5
truck expired	5
39 40	5
40 41	5
41 42	5
this or	5
no we'll	5
here do	5
toyota and	5
vehicles to	5
north franklin	5
what if	5
23 we	5
with ms	5
madison marlowe	5
plates are	5
for report	5
additional owners	5
confirmed it	5
call king	5
subaru parked	5
tesla no	5
our first	5
who's a	5
of sheffield	5
zebra x-ray	5
13 start	5
14 1	5
copy send	5
lakewood 14806	5
getting calls	5
are wearing	5
females arguing	5
alright can	5
18 they're	5
was our	5
his father's	5
been calling	5
were released	5
ramona with	5
delaware in	5
report in	5
70 if	5
detail he	5
location or	5
alarm malfunction	5
we'll follow	5
for front	5
rapid sos	5
attention and	5
see you're	5
know they're	5
scene just	5
and notes	5
black leggings	5
county is	5
there sounds	5
came across	5
number so	5
1285 hall	5
also go	5
union and	5
that elderly	5
county of	5
stroke unit	5
a tall	5
did but	5
arrest him	5
cart full	5
it's this	5
they'll take	5
right down	5
few cars	5
newman on	5
at code	5
the castle	5
boyfriend she	5
back doors	5
they're aware	5
causing some	5
building that	5
some equipment	5
new car	5
2016 gray	5
so those	5
hello this	5
possibly went	5
219 we'll	5
cove i'll	5
like they've	5
kicked him	5
black leather	5
leather jacket	5
a another	5
detroit but	5
skip the	5
me we're	5
with driving	5
second male	5
pickup correct	5
start copy	5
5'8 160	5
has 2	5
208 is	5
get those	5
mike 7	5
am out	5
between that	5
eastbound they're	5
mckinley engine	5
partially in	5
hits at	5
mbc 뉴스	5
extreme pain	5
shore tower	5
inside their	5
maroon honda	5
a at	5
obt or	5
for lpd	5
another employee	5
got shot	5
bringing the	5
and ran	5
injuries it's	5
brown gonna	5
detroit o'neal	5
clearance medic	5
circling the	5
they wouldn't	5
vehicles matching	5
a goa	5
male showing	5
he's never	5
complainant's unsure	5
ran southbound	5
aware the	5
hyundai ford	5
copy our	5
angelo's pizza	5
best i	5
saying i	5
met up	5
multiple alarms	5
if everything	5
cleveland she	5
of 66	5
that your	5
edward mike	5
13740 madison	5
her husband's	5
4 story	5
the cause	5
alarm engine	5
10 o'clock	5
is flashing	5
she sounded	5
me said	5
room so	5
16711 lake	5
black 2024	5
water line	5
2019 jeep	5
road is	5
madison resident	5
were working	5
mart for	5
a personal	5
hydrant at	5
a stroller	5
checked her	5
medic service	5
ran away	5
to fill	5
should just	5
to westwood	5
suv with	5
upstairs we	5
other items	5
14 franklin	5
some guys	5
box is	5
from east	5
skinny black	5
they on	5
they no	5
didn't look	5
205 we'll	5
gotta be	5
update location	5
he decided	5
entered as	5
block for	5
and ennis	5
faulty detector	5
guard at	5
hd 49	5
i'll double	5
the stadium	5
dispatch factory	5
nick queen	5
who's there	5
that earlier	5
wisconsin for	5
meet parking	5
vin that	5
not taking	5
was obtained	5
send traffic	5
sugar and	5
not waking	5
waking up	5
today or	5
am not	5
high speed	5
exit and	5
them car	5
off into	5
1-i copy	5
to home	5
you're off	5
will see	5
she pulled	5
those please	5
at 1502	5
1502 lakeland	5
woodward to	5
lot 117th	5
with kufner's	5
my mileage	5
1481 wyandotte	5
is unresponsive	5
it continues	5
people from	5
squad coming	5
name brandon	5
sanders out	5
14100 franklin	5
door 11	5
the rca	5
alcohol and	5
doesn't drive	5
we'll also	5
the bicycle	5
27 okay	5
green toyota	5
complete at	5
ridgewood the	5
his mom's	5
officer from	5
niagara for	5
in brooklyn	5
normal car	5
copy responding	5
a two-story	5
onto a	5
black failure	5
blue acura	5
bays for	5
change your	5
not he's	5
he's allowed	5
building to	5
second with	5
9-1-1 call	5
phone's pinging	5
chevy sonic	5
of options	5
of carabel	5
50 copy	5
out 229	5
play here	5
the edgecliff	5
19 17	5
2030 robin	5
in wisconsin	5
back like	5
get these	5
stolen plate	5
funeral home	5
damaged or	5
orange hoodie	5
have those	5
mother called	5
grove medic	5
son said	5
least a	5
201 i'll	5
3 your	5
a employee	5
sir thank	5
for towers	5
number 315	5
3 13900	5
anything that's	5
riverside the	5
bq washland	5
location i'll	5
ours or	5
just prior	5
lump on	5
117 john	5
heading code	5
wanted no	5
leaving for	5
73 10-4	5
possibly walking	5
arrival 10-8	5
3330 detroit	5
male bleeding	5
station lunch	5
hears a	5
upstairs the	5
on accident	5
now by	5
would say	5
i remember	5
leak in	5
14 what	5
1630 west	5
224 in	5
you station	5
to record	5
give your	5
since it	5
a newer	5
a chase	5
of 1533	5
hurd i'll	5
go we'll	5
subject's name	5
polo shirt	5
go where	5
speed and	5
of and	5
at michael	5
long dark	5
inn in	5
now sounds	5
they're wearing	5
were yelling	5
violations on	5
edgewater 117	5
permit violation	5
401 for	5
i'm lakewood	5
detroit he	5
cut him	5
just following	5
bunts there's	5
from cook	5
a jason	5
hit detroit	5
get 12	5
the off-ramp	5
can block	5
make any	5
is veteran	5
of 11849	5
quail and	5
and brush	5
a ponytail	5
be southbound	5
her button	5
athens i	5
have these	5
wash on	5
children and	5
hyundai expires	5
do what	5
sees the	5
are waiting	5
with rocky	5
1 still	5
were clear	5
right copy	5
elber and	5
2017 kia	5
bar he	5
bar for	5
can ask	5
lift to	5
a staff	5
staff at	5
been checking	5
2023 chevy	5
but at	5
street yelling	5
around there	5
it clear	5
settled for	5
19 117	5
expired plate	5
email that	5
to sleep	5
options are	5
madison large	5
staff said	5
on clover	5
gas is	5
the occupant's	5
detroit route	5
the doorway	5
gas off	5
and investigate	5
basement we	5
door that's	5
somebody there	5
some gas	5
bald and	5
car two	5
cordova female	5
won't leave	5
accident the	5
also please	5
detail just	5
the township	5
we en	5
ocean yesterday	5
the contact	5
gonna sit	5
214 14	5
and abdominal	5
for it's	5
abuse and	5
11821 davis	5
charles frank	5
left here	5
ago that	5
there's that	5
can drive	5
0 queen	5
any questions	5
this complaint	5
intox and	5
in vehicle	5
parties up	5
georgia listing	5
was nobody	5
bus in	5
activation no	5
check of	5
in august	5
charles south	5
tag victor	5
yesterday edward	5
10-4 207	5
raise us	5
11 what	5
tow i'm	5
pole and	5
for calls	5
the pull	5
and lpd	5
24 ds	5
on westbound	5
william last	5
19 check	5
she broke	5
broke a	5
in 207	5
husband said	5
negative no	5
copy direct	5
alright we	5
for co	5
kentucky listing	5
mike mike	5
is worried	5
and doing	5
13229 madison	5
camera she	5
it's their	5
it medic	5
to mom	5
attend to	5
left before	5
any traffic	5
15 that's	5
lot he's	5
the unit's	5
camera it	5
rocks at	5
the nearby	5
follow-up from	5
sorry they're	5
description i	5
14 will	5
have 19	5
victor queen	5
14 listing	5
inside now	5
not exactly	5
from home	5
again that's	5
it checked	5
she's headed	5
male's been	5
be something	5
slow in	5
tried that	5
3 11839	5
energy know	5
is tina	5
number 405	5
i cannot	5
his ds	5
to there's	5
ago so	5
listing i	5
two kids	5
health and	5
14 you're	5
holding corporation	5
assisted back	5
o'brien jennings	5
boy mary	5
12228 clifton	5
hyundai lease	5
apartment 24	5
forced entry	5
through this	5
1 speak	5
1209 clifton	5
on today	5
214 19	5
other unit	5
driveway she's	5
why they	5
there's probably	5
1349 marlowe	5
your social	5
threats towards	5
upstairs male	5
believe his	5
won't go	5
time walking	5
i'm 10-4	5
any readings	5
20 edgewater	5
large pothole	5
southbound in	5
was stopped	5
dispatch we'll	5
17625 detroit	5
start and	5
1414 grace	5
number 505	5
come take	5
playground area	5
he shot	5
1 unit	5
floor now	5
you walk	5
additional charges	5
release the	5
possibly wearing	5
looking back	5
the winter	5
2 radio	5
can smell	5
chase for	5
13 20	5
female or	5
works for	5
apartment 503	5
not welcome	5
red on	5
and tried	5
female you're	5
the chipotle	5
her walk	5
that south	5
clinic police	5
clifton frank	5
medic at	5
the lower	5
19 same	5
store she	5
bell parking	5
on we'll	5
okay truck	5
cleveland 47	5
15 king	5
this event	5
curb and	5
had two	5
at 2038	5
truck company	5
17 please	5
lake i'll	5
the gmc	5
said go	5
our copy	5
victor and	5
seen on	5
lot it	5
only description	5
1 46	5
15 who	5
for to	5
that obt	5
social attached	5
106 female	5
background and	5
of oregon	5
construction workers	5
our house	5
can reach	5
18101 clifton	5
is 4	5
blonde brown	5
suspended for	5
robert adams	5
the loading	5
haven number	5
whole thing	5
there doing	5
1518 woodward	5
parts per	5
per million	5
it's because	5
minute 10-4	5
victim of	5
special needs	5
up again	5
1855 edgewater	5
a cold	5
okay when	5
disregard sorry	5
assist will	5
sorry mileage	5
manager here	5
provided a	5
ramp in	5
the you	5
return the	5
signature obtained	5
and called	5
sorry 20	5
started and	5
up is	5
matter and	5
mini park	5
ida boy	5
19 radio	5
11 rush	5
of 11839	5
is south	5
yes all	5
be two	5
american flag	5
call our	5
10-2 copy	5
but nobody	5
be injured	5
haze in	5
a rapid	5
taken with	5
to 1382	5
video to	5
on can	5
approach him	5
running eastbound	5
the wellness	5
wellness center	5
available could	5
expire at	5
have mr	5
complaint but	5
for north	5
minute i'm	5
copy both	5
maintenance man	5
1 200	5
call today	5
to detective	5
video surveillance	5
right go	5
female's in	5
of who	5
employee calls	5
james church	5
at check	5
line engine	5
called today	5
said i'm	5
brown showing	5
1625 alameda	5
information as	5
mask on	5
but didn't	5
continues to	5
wants 24	5
19 new	5
185-16 detroit	5
130 medic	5
carbon i'll	5
our guys	5
ago now	5
done this	5
tinted windows	5
going the	5
still investigating	5
kufner's en	5
earlier that	5
at 1625	5
for 80	5
telling them	5
giving that	5
point and	5
19 franklin	5
1 she's	5
in it's	5
at 1357	5
and 280	5
is north	5
male's under	5
reopen that	5
white house	5
parts in	5
the picnic	5
that's match	5
321 of	5
1 35	5
at taco	5
the very	5
a b	5
boy 5	5
to explain	5
expires july	5
july of	5
partner's talking	5
and apparently	5
was acting	5
parties left	5
disregard 10-4	5
you remember	5
remember that	5
report or	5
17th with	5
me checking	5
like police	5
file here	5
a headache	5
speedway warren	5
them when	5
westbound by	5
wrong location	5
airbags are	5
a move	5
by city	5
clifton st	5
copies 10-8	5
keep heading	5
wasn't in	5
store they	5
some stuff	5
yet so	5
area will	5
should make	5
lot no	5
other ones	5
c o	5
moved and	5
clifton call	5
hopkins the	5
whenever i	5
ok 10-8	5
yes stand	5
with mom	5
cleared here	5
listening back	5
eagle on	5
17 he	5
is fire	5
warren henry	5
court apartment	5
i'm to	5
some loud	5
should it	5
her ankle	5
rosa park	5
2200 atkins	5
unit she	5
at 1295	5
in carabel	5
to calm	5
transport shortly	5
coiled it	5
3 here	5
3 henry	5
2006 ford	5
that follow-up	5
robert i	5
threats to	5
calls in	5
for listing	5
number 224	5
their cat	5
black 2013	5
available i'll	5
adam ocean	5
then 2	5
criminal damage	5
but on	5
between male	5
was uncooperative	5
93 year	5
respiratory distress	5
street is	5
service you	5
dispatch call	5
you never	5
nicholson just	5
that when	5
thought the	5
1 it	5
at 14800	5
cleaning company	5
hopkins is	5
still respond	5
that's disabled	5
bridge over	5
riverside overpass	5
river or	5
block off	5
close you	5
area looking	5
area can	5
217 at	5
6 just	5
mr taylor	5
cuyahoga falls	5
days now	5
hey i	5
bring some	5
10-4 219	5
riverside they're	5
from burger	5
description but	5
is wrong	5
still stuck	5
it's 30	5
dealer please	5
it's close	5
zone and	5
he sounds	5
write a	5
vehicle who	5
apartment 601	5
601 medic	5
a lighter	5
x-ray zebra	5
that's car	5
enter it	5
stopped by	5
16 27	5
in sir	5
sir please	5
she texted	5
could smell	5
will send	5
was carrying	5
leaving them	5
a clothing	5
anything right	5
birth that	5
the possible	5
an approximate	5
approximate age	5
us with	5
like if	5
i noticed	5
entered it	5
name james	5
step back	5
put this	5
it have	5
willoughby hills	5
have insurance	5
males wearing	5
too low	5
manager was	5
is crying	5
who will	5
the pc	5
york lincoln	5
about 1	5
complain that	5
worth of	5
complaint would	5
since sunday	5
ridgewood franklin	5
at valley	5
camera looks	5
his parking	5
navy blue	5
blue sweater	5
last 20	5
okay what's	5
145-67 madison	5
old he	5
description she	5
police for	5
property there	5
long-sleeved shirt	5
all advised	5
mary robert	5
garden in	5
type 3	5
bunts franklin	5
did anyone	5
is checked	5
toyota with	5
to still	5
plates were	5
1170 french	5
and valley	5
received another	5
118 55	5
or 17	5
cleveland 20	5
correct that's	5
lunch please	5
there go	5
stuff and	5
black at	5
they stopped	5
companies will	5
boy yesterday	5
10 union	5
who we're	5
7 she	5
employee here	5
was requesting	5
280 on	5
music down	5
them has	5
red pants	5
in walgreens	5
jail male	5
riverside bridge	5
25 could	5
they're clearing	5
x-ray 8	5
drive here	5
minutes from	5
stopped with	5
the beck	5
beck center	5
letting me	5
unit 101	5
of blackbird	5
if these	5
left front	5
of 140th	5
unit 12	5
come inside	5
212 you	5
male 59	5
stop me	5
18725 detroit	5
confirm he's	5
car they	5
yesterday i	5
a drive	5
has your	5
male might	5
numb and	5
vehicle involved	5
did take	5
chesterland a	5
room 204	5
some traffic	5
insurance company	5
on wednesday	5
mile an	5
liquid cars	5
gentleman in	5
detroit no	5
boyfriend to	5
the bailey	5
bailey building	5
11 warren	5
a contractor	5
a roof	5
disturbance at	5
220 is	5
says she'll	5
enforcement at	5
of out	5
out inside	5
are having	5
by it	5
broken glass	5
all copy	5
her advised	5
assistance over	5
negative medic	5
that flipped	5
parked to	5
2 again	5
15 3	5
the woods	5
young edward	5
cautions as	5
isn't coming	5
following behind	5
ocean date	5
confirm to	5
birth i	5
brown to	5
1 lincoln	5
chester lane	5
not found	5
license or	5
gonna list	5
wants he's	5
his boss	5
add there	5
cvs at	5
attending with	5
and book	5
riding their	5
bikes in	5
shirt the	5
shirt she	5
safety town	5
to anything	5
19 my	5
that child	5
he's pretty	5
118-55 edgewater	5
car call	5
she threw	5
44 years	5
between those	5
1636 elmwood	5
the va	5
ago i	5
calling that	5
party that's	5
9 clifton	5
120-29 clifton	5
ahead lake	5
entry exit	5
117 he	5
17033 madison	5
saw this	5
his shirt	5
shirt he	5
mixed male	5
motorcycle parked	5
1251 marlowe	5
that bmw	5
of debris	5
commercial fire	5
for child	5
do think	5
other person	5
malfunctioning smoke	5
while ago	5
the winterhurst	5
vehicle's moved	5
and she'd	5
at 1327	5
his lawn	5
print a	5
south lot	5
vin and	5
traffic no	5
to 219	5
moved by	5
mr moore	5
of 12511	5
neighbors and	5
honda that's	5
passed by	5
a bald	5
not transmitting	5
physical control	5
playing very	5
guys that	5
just shut	5
be and	5
mind i	5
something at	5
available i'm	5
window open	5
so they've	5
an idea	5
what room	5
down lakewood	5
with dreads	5
that listed	5
branch down	5
and wires	5
branch in	5
building 15	5
second here	5
of things	5
park check	5
shirt dark	5
gone to	5
did try	5
not cooperating	5
at 1623	5
alert she	5
the cart	5
tow the	5
8 do	5
detail copy	5
exterior is	5
window at	5
can assure	5
companies marine	5
just woke	5
have fallen	5
send back	5
number attached	5
ed and	5
the birthday	5
the dairy	5
1652 lincoln	5
queen 16803	5
that's that	5
he's sleeping	5
drive i	5
directly behind	5
transferred over	5
of juvenile	5
dispatch he's	5
or it's	5
car outside	5
11715 nelson	5
30 minute	5
belle i'll	5
follow-up 10-4	5
24 respond	5
it's silver	5
apartment 411	5
108 i	5
the shopping	5
they're attempting	5
can place	5
dog with	5
dl victor	5
friend just	5
18520 detroit	5
why she	5
a food	5
29 out	5
way madison	5
suicidal ideations	5
city 10-4	5
silver mazda	5
12 you're	5
130 black	5
house so	5
cleveland 19	5
he's home	5
them before	5
occupied two	5
needed help	5
that work	5
gets out	5
detroit 14	5
male riding	5
of beach	5
and summer	5
has you	5
already reduced	5
reduced prices	5
set 8	5
the listening	5
just figure	5
dislocated her	5
not following	5
15914 lakewood	5
that they'll	5
other residents	5
845 beach	5
clifton club	5
honda lease	5
chesterland with	5
ahead call	5
1 got	5
number 412	5
mention of	5
on somebody	5
11 name	5
pole that's	5
24 14	5
respond i	5
motorist said	5
drop them	5
sorry 14	5
or female	5
and armen	5
room 301	5
arizona listing	5
stumbling around	5
plate off	5
is behind	5
way around	5
2038 mcgee	5
issues he's	5
13405 madison	5
talked about	5
correct thank	5
could confirm	5
guys going	5
by phone	5
detail at	5
number 101	5
district guard	5
there causing	5
she finds	5
to richland	5
7 could	5
both check	5
pool 13029	5
vehicle being	5
king 1	5
here yeah	5
7 that	5
secure it	5
low-hanging wire	5
it's hanging	5
us just	5
actually it	5
yet or	5
name that	5
cut robert	5
1418 wyandotte	5
right that	5
address there's	5
was definitely	5
the clothing	5
pain 1341	5
family is	5
area by	5
of sloan	5
13520 elber	5
order issued	5
issued against	5
ida mary	5
were speaking	5
yesterday about	5
possibly lives	5
her today	5
not call	5
in them	5
all about	5
know 10-4	5
pool 14532	5
for here	5
mass in	5
white shorts	5
cleveland they're	5
just respond	5
plates that	5
in westbound	5
2 king	5
we're inside	5
jeep in	5
manager to	5
bunts it's	5
hello we're	5
truck it	5
but all	5
wants thank	5
cleveland suspended	5
got proper	5
ahead vehicle	5
complainant heard	5
has dropped	5
riverside so	5
ahead last	5
he usually	5
that where	5
wire that's	5
cadillac escalade	5
inside his	5
left when	5
copy listen	5
for trespass	5
with gas	5
ohio dl	5
225 i	5
swerving in	5
down behind	5
been shut	5
no question	5
status of	5
checking detroit	5
is supposed	5
a correction	5
club apartment	5
slurred speech	5
to 11850	5
224 is	5
them since	5
2367 woodward	5
to 1298	5
i suppose	5
wall for	5
on sunday	5
they're new	5
holder and	5
lines down	5
franklin 15	5
call complainant	5
regarding his	5
but left	5
checker on	5
guard there	5
drinking a	5
parties we	5
stay separate	5
be nora	5
park pool	5
wires in	5
lake he	5
to proceed	5
wire on	5
hasn't slept	5
about wanting	5
not go	5
at brown	5
still wants	5
tree came	5
start cutting	5
some banner	5
on either	5
tree is	5
w 12700	5
number thank	5
if cleveland	5
or her	5
panel is	5
channel 2	5
copy belle	5
library on	5
2023 hyundai	5
then it	5
211 respond	5
him was	5
protected party	5
and looking	5
received it	5
12 they're	5
shorts with	5
called as	5
scared to	5
to 1503	5
ahead see	5
ago they	5
leave so	5
hours he	5
50 detroit	5
no police	5
remember if	5
over i'll	5
she's asked	5
16401 delaware	5
complainant who	5
those numbers	5
so white	5
detail 10-4	5
maybe if	5
of thing	5
follow-up with	5
the boat	5
in 212	5
would give	5
at 1470	5
had notes	5
and mark	5
would need	5
way or	5
walked down	5
ahead truck	5
earlier is	5
12 51	5
on thoreau	5
short hair	5
4 cars	5
general manager	5
male everything	5
at 1591	5
sending the	5
212 check	5
pediatric patient	5
correct correct	5
to carbon	5
1226 ramona	5
just kept	5
more please	5
112 with	5
investigator maurer	5
3900 detroit	5
fire channel	5
22 did	5
boyd adam	5
though the	5
garage it's	5
no barking	5
hey go	5
half is	5
the pan	5
04 can	5
driver has	5
refuse department	5
enjoying the	5
bunts park	5
affirmative 10-4	5
a pit	5
hydrant in	5
stalking her	5
at navyfederal	5
navyfederal org	5
org navy	5
shorts white	5
we thought	5
torres is	5
at 1352	5
we actually	5
16 that's	5
her because	5
gun out	5
is awake	5
off he	5
paying for	5
on june	5
cove complainant	5
know of	5
continued on	5
11 was	5
sex offender	5
shortly 10-4	5
his driving	5
knife on	5
added and	5
copy add	5
apartments 11868	5
be shut	5
left without	5
to mercury	5
17469 clifton	5
caller at	5
cleveland 44	5
a arizona	5
1446 medic	5
2021 gray	5
heights 2012	5
waverly 14567	5
the fry	5
he's riding	5
medicine is	5
like people	5
212 19	5
paul mike	5
mike john	5
212 12	5
kia seltos	5
older female	5
everything back	5
apartment 1044	5
arrival you	5
was pulled	5
woodford for	5
you checking	5
them down	5
408 medic	5
anything copy	5
arthur is	5
checked area	5
to climb	5
may confiscate	5
nothing is	5
athens from	5
an updated	5
is another	5
1382 beach	5
car said	5
it's saying	5
north belle	5
belle garage	5
18101 detroit	5
2 where	5
like 5	5
because his	5
highland hills	5
will confirm	5
on garfield	5
flight is	5
getting my	5
security will	5
travel with	5
got their	5
both east	5
communication wires	5
castlewood 17600	5
busy and	5
gotta call	5
1470 warren	5
tree limb	5
rite aid	5
2012 gmc	5
what location	5
away the	5
everybody can	5
issues the	5
photo to	5
doesn't remember	5
with adam	5
1433 male	5
specials for	5
and rocky	5
is laying	5
red cross	5
car blocking	5
dispatch en	5
ems and	5
house but	5
copies 1	5
back is	5
of metal	5
end car	5
down said	5
of 2006	5
saw you	5
webb number	5
13705 madison	5
or that	5
dropping her	5
minutes 10-4	5
like your	5
cleveland 2008	5
handed over	5
be available	5
still outside	5
metro with	5
alarm we'll	5
1388 riverside	5
on victor	5
traffic it's	5
backyard there's	5
moving on	5
in total	5
of amherst	5
club 18915	5
male 11	5
1321 matthews	5
12 medic	5
the sides	5
frank charlie	5
phone stating	5
kufner on	5
about halfway	5
511 of	5
male back	5
larchmont and	5
victor nick	5
cleveland 07	5
12 no	5
from taco	5
speed lane	5
a sam	5
14 what's	5
228 respond	5
and social	5
cartoon's in	5
205 is	5
consent of	5
fri 0	5
those guys	5
why we're	5
mccormick out	5
rta stop	5
here should	5
all fine	5
208 will	5
maybe he's	5
waterbury detroit	5
1303 cove	5
2275 warren	5
you received	5
complainant had	5
we hear	5
harborview apartment	5
social is	5
check there's	5
car-10 is	5
hospital he	5
place 13302	5
city is	5
she's had	5
the lawn	5
john 7	5
based off	5
female dialed	5
actually out	5
edgewater it's	5
robin street	5
half the	5
to 17540	5
and second	5
in they're	5
lincoln 6	5
alone and	5
by like	5
kids and	5
has cancer	5
long hair	5
can transfer	5
backyard at	5
her kids	5
in release	5
for park	5
the we	5
the soft	5
okay 11	5
1331 lakewood	5
on it's	5
also give	5
as missing	5
the c	5
secured the	5
4 could	5
for within	5
alright she	5
union ida	5
pieces of	5
1374 geel	5
both in	5
involvement she	5
hanging around	5
the refrigerator	5
that's hanging	5
occupants in	5
me tonight	5
seen northbound	5
that video	5
sale save	5
star rewards	5
that mailed	5
4 she	5
copy an	5
already but	5
upstairs on	5
all our	5
size of	5
still standing	5
don't remember	5
0 and	5
then another	5
over so	5
maple cliff	5
your computer	5
called complaining	5
bicycle with	5
hold over	5
manager of	5
under it	5
emergency button	5
park security	5
house medic	5
a locksmith	5
left there	5
officers at	5
intact male	5
has anything	5
anything more	5
127-01 madison	5
above apartment	5
driveway that's	5
the manor	5
7 ending	5
phone says	5
people can't	5
hour parking	5
just i	5
heading eastbound	5
a living	5
5 hours	5
fireworks off	5
cleared up	5
look it	5
from work	5
19 was	5
204 i	5
interior of	5
me 2	5
file he	5
207 respond	5
or like	5
16 john	5
her hair	5
have lost	5
i finally	5
emergency the	5
cars available	5
check not	5
the tennis	5
customer for	5
description and	5
25 brown	5
a 63	5
1689 bunts	5
back them	5
after she	5
204 are	5
can unlock	5
robinwood is	5
and cedarwood	5
12525 lake	5
unlike her	5
sounding in	5
visual on	5
carlisle number	5
like our	5
lot across	5
shopping carts	5
owner check	5
104 he's	5
50 miles	5
for unpaid	5
unpaid tickets	5
adam paul	5
works can	5
your on	5
to no	5
them were	5
they cut	5
kufner as	5
how's it	5
1615 waterbury	5
meter is	5
getting further	5
edward nancy	5
alarm it	5
the keypad	5
started yelling	5
charge was	5
was westbound	5
also i	5
as he's	5
apartment 809	5
volkswagen no	5
traffic she	5
them she's	5
that's showing	5
emergency but	5
level of	5
13509 detroit	5
george 7	5
to is	5
226 i	5
claiming to	5
at 1570	5
trailer is	5
male failure	5
the pier	5
way that	5
sam 5	5
2 numbers	5
the play	5
of equipment	5
at 1600	5
is turned	5
number 44	5
27 the	5
lincoln x-ray	5
against them	5
the release	5
full patrol	5
a shed	5
located her	5
her social	5
also from	5
alright and	5
john last	5
1 said	5
10 king	5
that parked	5
for anybody	5
211 medic	5
earlier they	5
complete with	5
me take	5
you truck	5
me can	5
clearance south	5
1612 newman	5
from rosewood	5
3 apartment	5
3 12506	5
and center	5
them there's	5
the prisoner	5
fire but	5
over right	5
just park	5
are actually	5
mike frank	5
to location	5
at or	5
i partially	5
partially covered	5
the mercedes	5
people inside	5
feel uncomfortable	5
14235 madison	5
nick date	5
doctor's office	5
info is	5
with 202	5
in northbound	5
damage is	5
has its	5
us but	5
seen them	5
sleeve shirt	5
standby i'll	5
the spelling	5
information but	5
and these	5
2021 toyota	5
hiding in	5
13114 detroit	5
corner and	5
with parma	5
responding you	5
in november	5
20 14	5
year of	5
were sighted	5
we looking	5
and shaw	5
1417 male	5
10 there's	5
the cch	5
may live	5
the foundry	5
vehicle turned	5
saw me	5
the evergreen	5
said everything's	5
did our	5
was heading	5
to expire	5
some back	5
3 11	5
checking it	5
newman king	5
room 7	5
no time	5
public order	5
to angelo's	5
son has	5
at cars	5
at carlisle	5
fell earlier	5
dropped it	5
a lost	5
radar detail	5
see in	5
10 24	5
knocked down	5
point 7	5
by your	5
wires and	5
drop down	5
17 john	5
13389 madison	5
17th street	5
beck hill	5
08 can	5
delta house	5
madison they're	5
0 the	5
building engine	5
yes 1	5
the be	5
door vehicle	5
lakewood towers	5
220 vehicle	5
engine 5	5
perfect thanks	5
male 12	5
05 15	5
09 00	5
c out	5
queen 2	5
05 3120	5
on hundred	5
17 frank	5
king peter	5
6 50	5
queen 8	5
06 10	5
it 1	5
104 it	5
brown ballad	5
last 45	5
triple a	5
in lpd	5
on '24	5
medical local	5
clifton riverside	5
1 hang	5
a check-in	5
1 29	5
04 05	5
15 west	5
20 ounce	5
'19 and	5
08 16	5
10 9	5
are unable	5
could talk	5
sending them	5
on '20	5
paul 3	5
6 27	5
16 2026	5
to mister	5
104 yeah	5
18 50	5
vehicle 10	5
08 to	5
4 that's	5
morning copy	5
his thirties	5
male valley	5
the westcom	5
0 99	5
09 29	5
29 2026	5
10 charlie	5
around 1	5
george 3	5
nora 3	5
02 you	5
1622 winchester	5
20 please	5
mason apartment	5
wanna know	5
'1 of	5
black t	5
expiring 05	5
17 western	5
emerson 13439	5
center roger	5
1 lane	5
03 17	5
march '27	5
two's arriving	5
and direct	5
07 20	5
104 25	5
20 16	5
mary charlie	5
feeder 12400	5
911 and	5
79 and	5
wanna take	5
22 entry	5
she believe	5
clear radar	5
radar and	5
engine again	5
7 15	5
on 04	5
this gonna	5
detroit andrews	5
yeah right	5
alger in	5
20 '7	5
station 2000	5
8 now	5
oh it's	5
01 26	5
copy turn	5
january black	5
she's silent	5
henry 6	5
2 026	5
letting her	5
15 roger	5
7 108	5
43 0	5
placed in	5
2 point	5
engine 30	5
'19 90	5
elbur the	5
25 echo	5
14 2026	5
hoodie he's	5
17th south	5
50 3	5
10 amount	5
female '5	5
gonna attempt	5
14 10	5
battalion 8	5
to cart	5
with 25	5
09 19	5
03 2026	5
11 02	5
1998 27	5
03 09	5
how he	5
manager she	5
door 10	5
females and	5
towers 1	5
25 miles	5
no ma'am	5
us 1	5
passed away	5
secure this	5
'19 i	5
mazda c	5
victor 3	5
flight level	5
70 brown	5
20375 center	5
robert 0	5
customer please	5
4 they're	5
5 victor	5
to '26	5
1 13	5
20 2026	5
medic 20	5
above number	5
shop companies	5
fire 2	5
storm mode	5
17460 clifton	5
they're off	5
9 no	5
to down	5
bird town	5
of building	5
04 09	5
3 okay	5
young 4	5
30 black	5
from from	5
owner shows	5
'29 i'll	5
2026 the	5
the check's	5
06 07	5
3 29	5
like zebra	5
detroit hurd	5
04 10	5
mileage 3	5
12 25	5
expires 11	5
04 2026	5
that tree	5
from westwood	5
you mentioned	5
another assignment	5
1 72	5
to bell	5
gonna pull	5
cross 0	5
01 03	5
08 2026	5
sorry 1	5
a id	5
01 08	5
frank 117	5
'1 seventeenth	5
'19 with	5
90 5	5
104 15	5
cohassett and	5
apartment 804	5
02 2026	5
june 2026	5
1016 on	5
o 10	5
10 per	5
25 warren	5
queen 1	5
03 we'll	5
2025 chevy	5
medic back	5
5 no	5
10 25	5
2 82	5
in half	5
specialty plate	5
checked detroit	5
missouri listing	5
gonna contact	5
want coffee	5
17 switching	5
17 engine	5
up 2	5
7 29	5
victor 4	5
hurd's vehicles	5
union 2	5
volkswagen 4	5
10 26	5
08 23	5
17 o'clock	5
19 0	5
with miss	5
01 2026	5
caller wanna	5
89 copy	5
my ending	5
25 0	5
for caller	5
to out	5
at saint	5
104 are	5
a root	5
nora 2	5
o'neil number	5
apartment 806	5
purple shirt	5
hi good	5
caution sir	5
party going	5
1 48	5
late in	5
not wanna	5
6 adam	5
7 charlie	5
gonna loop	5
cleveland 12	5
02 16	5
1444 westwood	5
don't wanna	5
don't if	5
11 23	5
0 madison	5
90 8	5
ex boyfriend	5
03 and	5
number 18	5
the masters	5
2026 1	5
from elbur	5
8 30	5
12518 clifton	5
b is	5
hello can	5
cohassett detroit	5
10 roger	5
issues here	5
12 en	5
3 alpha	5
8 engine	5
2147 riverside	5
arlington road	5
o 0	5
429 disregard	5
you pulled	5
05 26	5
clifton donald	5
next 1	5
01 2006	5
franklin victor	5
apartment 511	5
mckinley henry	5
bench in	5
19 77	5
09 05	5
12 be	5
the curtland	5
curtland house	5
in '15	5
for almost	5
alright class	5
class tell	5
about your	5
your weekend	5
weekend leo	5
leo well	5
my sister	5
sister wants	5
go camping	5
camping so	5
my parents	5
parents took	5
took us	5
new nissan	5
pathfinder through	5
mountain trail	5
trail thank	5
you leo	5
leo no	5
yet my	5
brother wants	5
explore some	5
some caves	5
caves so	5
of sea	5
sea pills	5
we with	5
its v	5
9 speed	5
speed automatic	5
automatic transmission	5
transmission the	5
pathfinder can	5
can power	5
power your	5
your adventure	5
adventure that's	5
why jd	5
power ranks	5
ranks nissan	5
nissan number	5
vehicle quality	5
quality among	5
among mainstream	5
mainstream brands	5
brands the	5
new v	5
6 powered	5
powered nissan	5
pathfinder for	5
for jd	5
power 20	5
us central	5
central quality	5
quality study	5
study award	5
award information	5
visit jdpower	5
jdpower com	5
68 copy	5
05 29	5
number 736	5
1405 hopkins	5
i the	5
checking eastbound	5
com explore-platinum	5
alameda detroit	5
ohio educational	5
educational credit	5
detail on	5
elbur with	5
birth 02	5
'29 i	5
'2 19	5
in '22	5
'26 expires	5
the '20	5
next truck	5
you shop	5
with woodhouse	5
chevy explore	5
explore our	5
our limited	5
silverado 1	5
500 custom	5
custom crew	5
crew cab	5
cab 4	5
4 49	5
2026 silverado	5
silverado 15	5
15 woodhouse	5
with proof	5
license first	5
finance through	5
through dealer	5
lakewood congregational	5
200 atkins	5
12 the	5
question if	5
9 standing	5
group credit	5
courtesy loaner	5
107 in	5
9 station	5
from curtain	5
charlie 8	5
the academic	5
centerville ohio	5
25 from	5
ambulance 17	5
18 39	5
of jack	5
jack buzz	5
buzz cutting	5
cutting his	5
small fortune	5
fortune to	5
jack every	5
he cuts	5
cuts his	5
own hair	5
that's 50	5
50 right	5
pocket if	5
if jack	5
jack sees	5
sees diy	5
diy buzz	5
buzz cuts	5
cuts as	5
a saving	5
saving strategy	5
strategy wells	5
their mobile	5
app tracking	5
tracking his	5
his savings	5
savings is	5
is easy	5
easy however	5
mobile carriers	5
carriers message	5
and data	5
data rates	5
rates may	5
may apply	5
apply wells	5
09 02	5
30 4	5
'19 10	5
same 1	5
1250 virginia	5
hall is	5
