fourgram	count
dispatch medic 3 is	538
is going to be	534
is back in service	485
i'll be out with	456
year old male valid	419
are you all set	415
old male valid no	375
in front of the	360
back in the city	353
it's going to be	352
medic 3 respond to	339
attention all companies medic	337
male valid no wants	328
dispatch from car 2	320
in the parking lot	318
we're going to be	316
3 is en route	311
car 2 engine 2	297
i'm going to be	296
dispatch medic 1 is	292
medic 1 respond to	289
be en route to	286
medic 3 medic 3	272
medic 1 medic 1	271
dispatch medic 2 is	269
3 medic 3 is	252
en route to fairview	243
can you give me	241
year old female valid	241
when you can copy	234
and date of birth	230
3 is on scene	229
can you run a	228
name and date of	228
year old male he's	220
old female valid no	217
you give me a	216
i don't know if	215
3 is in service	214
dispatch to medic 1	213
is en route to	213
medic 3 is out	211
if you want to	208
1 medic 1 is	205
if you could just	205
i copy thank you	204
dispatch from medic 1	204
going to be out	201
3 is back in	201
you guys all set	201
year old female she's	200
i'm sorry i'm sorry	199
female valid no wants	197
2 is en route	193
medic 1 medic 1's	190
sorry i'm sorry i'm	190
i'll be 10 8	190
be back in service	189
2 engine 3 medic	188
engine 2 engine 3	186
medic 3 is on	184
dispatch medic 3 medic	183
to medic 1 medic	182
the city in service	180
2 is back in	180
en route to the	179
i'll be all set	179
in the city in	174
medic 3 is en	173
going to be in	171
dispatch medic 1 medic	169
you can show me	168
i'll be out at	168
medic 3 is back	168
going to be a	166
date of birth is	165
dispatch from medic 3	165
medic 2 respond to	164
are you guys all	164
2 engine 2 engine	163
10-8 10-8 10-8 10-8	161
all companies medic 3	159
engine 2 medic 2	158
medic 2 medic 2	158
all set i'll be	156
all companies medic 1	156
medic 1 medic one's	156
brown valid no wants	155
3 is out of	154
can i get a	154
10-8 with a separate	152
i can take that	151
i'm 10-8 i'm 10-8	151
we're back in service	149
dispatch for medic 1	149
thank you thank you	147
comes back to a	147
engine 3 medic 1	147
out of the pickup	147
old male he's valid	147
1 is back in	146
is out of fairview	145
i'm going to go	145
medic 3 is in	145
10-8 i'm 10-8 i'm	145
en route to lakewood	144
1 is en route	143
medic 3 en route	141
i can get him	140
i'll be out of	140
2 medic 2 is	139
can you put me	138
i'll be en route	137
he's valid no wants	137
dispatch from medic 2	136
medic 1 is back	134
can you see if	134
can you respond to	134
give me a call	133
old female she's valid	133
medic 3's en route	133
medic 1 medic 2	131
she's valid no wants	130
medic 2 is back	130
public service call at	129
can i get the	127
go ahead go ahead	125
medic one's en route	125
to go to the	124
medic 1's en route	124
medic 1 is en	124
bye bye bye bye	124
be out of the	123
give me a 21	121
set i'll be 10-8	121
male he's valid no	121
be 10-8 with a	119
we'll be en route	119
you want me to	119
could you respond to	119
female she's valid no	116
dispatch for medic 2	115
be out with a	115
in the area of	115
can take that for	115
medic 3 medic 3's	114
for medic 1 medic	114
valid no wants 10-4	114
from medic 1 medic	112
in the middle of	111
a public service call	111
if you guys could	110
2 2 2 2	110
are you able to	109
to make contact with	109
companies medic 3 respond	109
no no no no	109
yeah yeah yeah yeah	109
70 70 70 70	109
the owner of the	108
do you have a	108
all companies car 2	107
i'm not sure if	107
ahead go ahead go	107
1 respond to the	107
3 medic 1 medic	106
engine 3 is en	106
truck 1 respond to	106
has a valid id	105
dispatch from engine 3	105
companies medic 1 respond	105
get a hold of	104
and i'm going to	104
medic 1 en route	104
car 2 engine 3	103
medic 3 is transporting	103
engine 3 medic 3	103
2 is on scene	103
be added to the	101
medic 3's on scene	101
engine 3 is out	101
dispatch for medic 3	101
all companies medic 2	100
i'll be 10-8 with	98
will be en route	98
the middle of the	98
medic 2 is en	98
you thank you thank	96
you can go ahead	95
see if you can	95
i'll be in the	94
to be in service	94
truck 1 medic 1	94
2 and truck 1	93
is back in the	93
back to the city	93
can you show me	92
here in a second	92
3's back in service	92
check in front of	92
2 is in service	92
plate in a second	91
medic 1 is transporting	91
dispatch to medic 3	91
medic 2 en route	91
dispatch from car 10	90
to be back in	89
answer at the door	89
for medic 2 medic	88
i'll let you know	88
medic 2 medic 3	88
3 respond to the	88
i don't need it	88
attention all companies car	88
i'll be 19 with	87
like to speak to	87
going to be on	87
don't need it back	87
no answer at the	87
side of the street	86
i sent you a	86
companies car 2 engine	85
going to be back	85
can you check on	85
i'll be out on	85
you put me on	85
would like to speak	84
i'll be out in	84
and brown valid no	84
i be added to	83
car 2 truck 1	83
to the area of	83
medic 2 medic 2's	82
medic 3's back in	82
can you send me	81
are back in service	81
can you check the	80
year old female having	80
switching to fire ground	80
on the back hill	80
medic 1 is out	80
not driving due to	80
for a 2-car mva	79
from medic 2 medic	79
out we'll be investigating	79
medic one's on scene	79
a report number for	78
we checked the area	78
dispatch from truck 1	78
i'll be with him	77
to medic 3 medic	77
be out at the	77
parked in front of	77
the last 6 of	76
medic 1's back in	76
i'll get you a	76
back in service patient	76
me back in service	76
will be 10 8	76
i'm trying to get	75
medic 2's en route	75
see if i can	75
get you a plate	74
dispatch medic 3's en	74
medic 2 is out	74
to the front counter	74
a valid id card	74
do you want me	74
i go on the	73
to be en route	73
1 medic 2 medic	72
are going to be	72
can you head to	72
get a report number	72
go ahead can you	72
be in the area	71
side of the building	71
medic 3 truck 1	70
the back of the	70
engine 3 is in	70
1 is out of	70
to go ahead and	70
the lunch list please	70
white male wearing a	70
driving due to emergency	70
going to be the	69
a black male wearing	69
all set we'll be	69
going to be en	69
to be out of	69
respond to the westerly	69
go ahead and confirm	69
sent you a message	69
medic one's back in	69
trying to get further	68
can you get him	68
to get a hold	68
on a public service	68
on the phone with	68
i'll take that for	68
en route back to	68
for a fire alarm	68
year old male he	67
out with a male	67
will be in service	67
2's back in service	67
if you can find	67
3 is transporting to	67
i copy i'll be	67
this is going to	67
a white male wearing	67
valid id card no	67
if you can just	67
route back to the	67
medic 2 is on	67
car 2 and engine	66
speak to an officer	66
is transporting to fairview	66
black male wearing a	66
a phone number for	66
you respond to the	66
don't know if you	66
i get a report	66
copy 24 i'm closer	65
can i go on	65
on the east side	65
medic 1's on scene	65
dispatch medic 3 en	65
go to the hospital	65
should be all set	65
you could just add	65
go on the list	64
let me know if	64
year old female with	64
traffic 24 i'm closer	64
be in front of	64
is in service returning	64
be out with the	64
in and out of	64
does not have a	64
you can show us	63
failure to appear for	63
added to the list	63
3's en route to	63
to speak to an	63
be 19 with this	63
we're en route to	63
on the north side	63
3 en route to	63
dispatch medic 3 we're	63
i can get them	63
that's going to be	62
car 2's en route	62
fire ground on arrival	62
medic 2 is transporting	62
do you have the	62
i don't need that	62
can show me out	61
last 6 of the	61
we're back in the	61
the north side of	61
black and brown valid	61
year old male having	61
a male and female	61
year old female she	61
we'll be 10 8	61
can you try to	60
you can go i	60
be out in a	60
to be out with	60
valid id no wants	60
you a plate in	60
can i be added	60
going to be 10-8	60
said there was a	60
okay we'll be 10-8	60
kufner has that vehicle	60
gonna be in service	60
a plate in a	59
medic 1 will be	59
checks okay we'll be	59
27 year old male	59
15 i'll be out	59
medic 1's out of	59
year old female that	59
medic 1 to the	59
in the back of	59
this is a test	59
go ahead i'll be	59
can go i copy	58
for failure to appear	58
medic 2's back in	58
medic 3's in service	58
there was no answer	58
a name and date	58
i'm on my way	58
i'll be standing by	58
from medic 3 we're	58
they're all set here	58
you put me out	58
companies medic 2 respond	58
we'll be 10-8 10-4	58
2 is out of	57
be out with him	57
the parking lot of	57
going to go ahead	57
check the welfare of	57
1 is going to	57
switch to fire ground	57
to fire ground on	57
id card no wants	57
dispatch medic 2 medic	57
medic 3 to the	57
don't need that back	57
gonna be out of	57
medic one's out of	57
i'm going to have	56
advised of the complaint	56
can you repeat that	56
car 2 respond to	56
can you have the	56
30 year old male	56
we spoke with the	56
3 is out at	56
i'm so sorry i'm	56
so sorry i'm so	56
sorry i'm so sorry	56
dispatch medic one's on	56
prior to our arrival	55
we're going to have	55
brown brown valid no	55
2 medic 3 truck	55
car 2's on scene	55
going to be 19	55
can i have the	55
car 2 and truck	55
in the area checking	55
and i'll be 10-8	55
3 is going to	55
year old male 6	55
from medic 3 medic	55
transporting a female to	55
10-4 10-4 10-4 10-4	55
we'll be out investigating	54
you can just add	54
26 year old male	54
medic 1's in service	54
29 year old male	54
can you go to	54
2 is going to	54
can you start a	54
medic 1 i copy	54
let you know if	54
for an alarm showing	54
there's a white male	54
you can send me	53
for a little bit	53
blue valid no wants	53
with him in a	53
dispatch medic 3's on	53
dispatch medic 3's out	53
medic 3's out of	53
too close to the	53
medic 1 truck 1	53
no need for ems	53
is transporting to lakewood	53
it should be a	53
male date of birth	53
can go ahead and	53
is a test this	53
a test this is	53
test this is a	53
be 10 8 and	53
25 year old male	52
going to go to	52
be out with that	52
complainant said there's a	52
36 year old male	52
if you could start	52
we spoke to the	52
medic 3 on scene	52
do we have a	52
can you hear me	52
35 year old male	52
the westerly 14312 detroit	52
it comes back to	51
parked too close to	51
a welfare check on	51
medic 3 is taking	51
i'll be 10-8 10-4	51
a female to fairview	51
one's back in service	51
year old male 05	51
he said he was	50
was able to get	50
can you start kufner	50
6 of the vin	50
out of cleveland on	50
make contact with the	50
you see if you	50
be 10-8 from here	50
a serial number on	50
there's a black male	50
should be on a	50
2 truck 1 respond	50
2's en route to	50
to be out at	50
the east side of	50
we'll be out with	50
2 respond to the	50
medic 2 truck 1	50
3 we're back in	50
year old male with	50
i had a note	50
name is gonna be	50
to the list please	49
on the west side	49
2 and engine 3	49
car 2 from engine	49
to the lunch list	49
a hold of the	49
1 is on scene	49
1's back in the	49
set we'll be 10-8	49
we'll be out at	49
add it to the	49
me a report number	49
on the south side	49
in service patient refused	49
medic 3 we're back	49
if you could check	49
it's gonna be a	49
see if we can	48
a valid id no	48
you can go back	48
i'm closer you can	48
19 with this male	48
be all set here	48
for armed and dangerous	48
can you give us	48
do you want to	48
year old male has	48
all companies switch to	48
medic 1 is on	48
i'll be 10-8 from	48
is en route from	48
he's going to be	47
i'm just going to	47
just south of detroit	47
be under arrest for	47
medic 3 in service	47
i'll be on the	47
is out of lakewood	47
brown and brown valid	47
front of the building	47
2 and engine 2	47
going to be at	47
engine 3 and medic	47
year old male suspended	47
34 year old male	47
33 year old male	47
we can take that	46
you send me the	46
west side of the	46
i'm going to head	46
you just want to	46
go back in service	46
closer you can go	46
we were able to	46
i'll be 10-8 and	46
1 medic 1's out	46
23 year old male	46
i spoke with the	46
40 year old male	46
you give me the	46
we'll take that call	46
like to speak with	46
respond to the area	46
and if you could	46
if you could please	46
2 is gonna be	46
the west side of	45
the back parking lot	45
1's back in service	45
can you check in	45
can you copy a	45
you try to find	45
car 2 from dispatch	45
1's en route to	45
east side of the	45
find a phone number	45
never had a license	45
taking one to fairview	45
put me on the	45
can you add a	45
vehicle we'll be 10-8	45
owner of the vehicle	44
3 and truck 1	44
you can go i'm	44
i copy from the	44
needs a lift assist	44
1 is in service	44
try to find an	44
3 and medic 3	44
be in service returning	44
going to have to	44
28 year old male	44
gonna be back in	44
can return to service	44
the front of the	44
to the premise file	44
name date of birth	44
just so you know	44
engine 3 respond to	44
is on the scene	44
the owner of that	44
32 year old male	43
37 year old male	43
i copy you can	43
route to the jail	43
25 year old female	43
year old male that	43
to an officer about	43
medic 2's on scene	43
i was able to	43
that comes back to	43
en route from station	43
you check in front	43
if no one's closer	43
car 2 is in	43
2 engine 2 medic	43
for a welfare check	43
you run a plate	43
i get the last	43
to the property room	43
19 to the property	43
right in front of	43
i'm gonna be out	43
engine 3 is on	43
medic 2 is in	43
i can head to	42
he has a valid	42
2's going to be	42
dispatch medic 2's en	42
21 year old male	42
can i have a	42
going to be transporting	42
they're going to be	42
1 is transporting a	42
you guys could check	42
said that there's a	42
me on a public	42
put me out at	42
the rest of the	42
2 medic 2 en	42
engine 2 car 2	42
for a white male	42
set we're all set	42
dispatch medic one's en	42
engine 3 car 2	41
of the post office	41
be out with king	41
was quiet on arrival	41
north side of the	41
are you guys still	41
65 year old male	41
back in service this	41
serial number on a	41
able to get a	41
companies switch to fire	41
male wearing a black	41
route to fairview hospital	41
engine 3 and car	41
3 and car 2	41
medic one's in service	41
22 year old male	40
28 year old female	40
to the jail with	40
i can get a	40
3 truck 1 respond	40
2 from engine 3	40
truck 1 and car	40
of cleveland on a	40
just north of madison	40
out of the car	40
do we have any	40
everything checks okay we'll	40
are you guys set	40
you guys go to	40
31 year old male	40
is valid no wants	40
engine 3 will be	40
can take that call	40
on the list please	40
i didn't know it's	40
old male 6 foot	40
you need me to	40
year old male 5	40
front of the post	39
was advised of the	39
the wrong side of	39
wrong side of the	39
copy from the station	39
27 year old female	39
dispatch from station 1	39
1 medic 1's back	39
speak with an officer	39
back to the station	39
medic 1 is going	39
you want us to	39
him in a second	39
check the area of	39
24 year old male	39
can you start heading	39
here in a minute	39
3 medic 1 2	39
gonna be out with	39
one's en route to	39
1 medic one's out	39
38 year old male	38
year old female who	38
on the wrong side	38
car 2's in service	38
change the address to	38
vehicle i'll be 10-8	38
do you know if	38
do you need me	38
with a separate and	38
medic 3 engine 3	38
been able to get	38
i should be all	38
route from station 1	38
29 i'll be out	38
1 medic 2 truck	38
be en route with	38
id card is valid	38
run a serial number	38
to get ahold of	38
medic 3 is going	38
you can disregard the	38
year old female fell	38
year old male fell	38
complainant said that a	38
we'll be 10-8 with	37
side of the road	37
from medic 1 we're	37
medic 3's out at	37
is out of the	37
a protection order against	37
37 year old female	37
to be in the	37
be coming in for	37
truck 1 en route	37
go ahead and close	37
17 i'll be out	37
show me back in	37
if you just want	37
in the property room	37
truck 1 car 8	37
and we'll be 10-8	37
the haven 1341 marlowe	37
2 is transporting to	37
year old female 5	37
sam do you copy	37
do you copy sam	37
1 medic one's back	37
i'm going to call	36
the side of the	36
add him to the	36
copy you can go	36
be with him in	36
57 year old male	36
contact with the owner	36
i'm in the area	36
18 year old female	36
go ahead 24 i'm	36
ahead 24 i'm closer	36
dispatch medic 3's in	36
to speak with an	36
do a welfare check	36
year old male is	36
has an active permit	36
and i can head	36
i'm close i'm close	36
can you check around	36
dispatch medic 1 en	36
medic 1 is in	36
black brown valid no	36
24 year old female	36
the south side of	36
2 from engine 2	36
41 year old male	36
to speak with you	36
we're going to head	36
is taking one to	36
the westerly 14306 detroit	36
at the front counter	36
medic 2 on scene	36
you give us a	36
in the back parking	36
medic 1 on scene	36
medic 1 go ahead	36
36 year old female	36
attention medic 3 respond	36
pc for the stop	36
number and time for	36
all set we're all	36
you copy sam do	36
copy sam do you	36
male valid no 1	36
26 year old female	35
on the side of	35
going to try to	35
we have both copies	35
i'm going to give	35
show me out at	35
34 year old female	35
on the second floor	35
transporting a male to	35
i just want to	35
in service this is	35
23 year old female	35
3 back in service	35
to be 19 with	35
back in service medic	35
is out we'll be	35
issue me a report	35
and hit her head	35
i spoke to the	35
be en route back	35
3 is out on	35
a mental health consumer	35
you run a serial	35
a number and time	35
just south of madison	35
and truck 1 are	35
she's valid no 1	35
can you repeat the	34
it was quiet on	34
to speak to you	34
car 2 go ahead	34
check in the area	34
in service patient was	34
2 are back in	34
a male in a	34
on the 3rd floor	34
do you guys need	34
give you a call	34
to find an obt	34
year old female said	34
in service we'll take	34
i'm not going to	34
1 from car 2	34
can you check at	34
he said that he	34
the name of the	34
can you check for	34
117th in front of	34
he does not have	34
going to be for	34
there's a group of	34
for medic 3 medic	34
out of the city	34
get the last 6	34
be out in the	34
all companies engine 3	34
report number and time	34
dispatch to medic 2	34
could you go to	34
19 to the jail	34
attention all companies engine	34
truck one's en route	34
one's out of fairview	34
he's valid no 1	34
lakeshore towers 12506 edgewater	33
car 2 is out	33
you show me out	33
way we'll be 10-8	33
going to be king	33
me know if you	33
and car 2 are	33
we'll be in service	33
can go back in	33
not sure if it's	33
i don't see any	33
got a hold of	33
armed and dangerous violent	33
1 medic 1's transporting	33
medic 1's transporting a	33
get you another car	33
male and female arguing	33
on scene switching to	33
scene switching to fire	33
is out at fairview	33
unable to make contact	33
going to head over	33
of the parking lot	33
medic 3 i copy	33
parking lot of the	33
to stand by while	33
welfare check on a	33
said there's a male	33
copy that thank you	33
when you get a	33
and see if they	33
you start heading to	33
to give me a	33
is out at lakewood	33
i get a number	33
to the haven 1341	33
and we're going to	33
i'll have a separate	33
2 back in service	33
medic 3 is arriving	33
truck 1 will be	33
is conscious and breathing	33
car 2 is en	33
go ahead i'm going	33
ahead i'm going to	33
year old female 05	33
19 year old male	32
20 year old male	32
medic 2's going to	32
engine 3 truck 1	32
can you have a	32
you in a second	32
what's the last 6	32
dispatch engine 3 is	32
medic 1 in service	32
spoke with the owner	32
have a phone number	32
69 year old female	32
unable to get up	32
i'll get you the	32
30 year old female	32
3 we're en route	32
can head over to	32
out of cleveland it's	32
needs to go to	32
can you call me	32
can you tell me	32
gonna be en route	32
be there in a	32
engine 2 is on	32
medic 2 is going	32
the rear of the	32
i can head there	32
she has a valid	32
was not driving due	32
engine 2 and car	32
all companies engine 2	32
51 year old male	32
attention medic 1 respond	32
a male in the	32
to go back to	32
to the westerly 14312	32
you can show medic	32
would like us to	32
i copy 24 i'm	31
and truck 1 respond	31
they're all set i'll	31
added to the detail	31
year old male said	31
1's going to be	31
18 year old male	31
has an expired permit	31
29 year old female	31
has a protection order	31
was no answer at	31
i'll give you a	31
we're going to go	31
to get out of	31
medic 3 back in	31
dispatch medic 2's on	31
i can head over	31
can you just add	31
a male on the	31
if i can get	31
39 year old male	31
2 and medic 2	31
to head over to	31
you know if i	31
phone number for the	31
i'll be clear from	31
in the back lot	31
you show me on	31
got a call from	31
medic 1's out at	31
46 year old male	31
you get a chance	31
should be a white	31
a report number and	31
the berkshire 11820 edgewater	31
service we'll take that	31
go to fire ground	31
and blue valid no	31
at the bus stop	31
en route to county	31
it was just a	31
31 year old female	31
let me know when	31
have a report number	31
2 and car 2	31
43 year old male	31
year old female has	31
to the westerly 14306	31
there's no answer at	31
engine 3 go ahead	31
at the high school	31
not sure if he's	31
going to call you	31
owner of that vehicle	31
on the lunch list	31
medic 1 you can	31
middle of the street	31
dispatch from engine 2	31
complainant said that there's	31
1 is gonna be	31
one's back in the	31
check-in the area of	31
55 year old male	30
i'll try to get	30
put me on a	30
going to head to	30
you see if there's	30
1 will be in	30
ennis court 13315 detroit	30
all set i'm 10-8	30
29 i'm all set	30
we'll be 10-8 and	30
trying to get a	30
i'm sorry can you	30
out of cleveland heights	30
and dangerous violent tendencies	30
find an obt for	30
engine 2 truck 1	30
i'm a little closer	30
me a 21 please	30
dispatch medic 3's back	30
1 to the westerly	30
route to lakewood er	30
it to the detail	30
2 from car 2	30
just let me know	30
middle of the road	30
52 year old male	30
engine 2 and medic	30
if you could send	30
like us to check	30
i'm en route to	30
and i will be	30
74 year old male	30
you head to the	30
be able to get	30
out in a second	30
it looks like it	30
for the stop was	30
3 is arriving at	30
medic 1 can you	30
we're gonna be in	30
be 19 with that	29
if we can get	29
i'm going to check	29
valid no wants break	29
parked on the wrong	29
39 year old female	29
said it was a	29
29 you can disregard	29
not going to be	29
she said it was	29
i'll head over to	29
out of the vehicle	29
i can get her	29
just north of detroit	29
respond to this location	29
just so you're aware	29
looks like there's a	29
is arriving at fairview	29
copy i'll be out	29
want to make sure	29
i don't need a	29
71 year old male	29
it looks like it's	29
24 i'll be out	29
medic 3 we're en	29
dispatch medic 2's back	29
i'll be checking the	29
notes we'll be 10-8	29
3 is taking one	29
know if i need	29
and there was no	29
is all set i'll	29
you check for a	29
35 year old female	29
do you have any	29
can you assist the	29
to see if we	29
see if we have	29
if i can find	29
back of the building	29
have a name and	29
33 year old female	29
engine 2 medic 1	29
show me on a	29
for a male that	29
64 year old male	29
is taking 1 to	29
having a hard time	29
gonna be for a	29
72 year old female	29
engine 2 respond to	29
is out at the	29
parked on the street	29
engine 2 is out	29
dispatch to car 2	29
a 2 car mva	29
2 is out at	28
he said it was	28
just south of franklin	28
close to the driveway	28
in service no need	28
service no need for	28
medic 1 do you	28
sent on his way	28
medic 1 from dispatch	28
a hold of her	28
i'll get you another	28
detroit in front of	28
you guys can disregard	28
i was unable to	28
in a no parking	28
we'll be 10-8 from	28
just a little bit	28
date of birth for	28
dispatch to all companies	28
the area of the	28
in the city back	28
city back in service	28
there was a male	28
she said that she	28
can you speak to	28
on scene we'll be	28
with this female starting	28
all set here i'll	28
set here i'll be	28
i'm going to die	28
en route with this	28
i'm back in the	28
keep an eye out	28
i'm all set here	28
male wearing all black	28
i have a report	28
i don't see anything	28
in the city and	28
failure to appear on	28
2026 see dealer for	28
go ahead we'll be	28
if you could try	28
set i'll be 10	28
north of madison with	28
i'm not a kid	28
attention i'm at attention	28
i'm at attention i'm	28
valid no wants copy	28
it's gonna be for	28
1 medic one's transporting	28
what kind of car	27
out with a female	27
you can put me	27
on scene we have	27
the area we'll be	27
if you guys can	27
2 engine 3 truck	27
dispatch medic 1's en	27
car 2's are out	27
are out of the	27
i copy can you	27
was a verbal argument	27
no need for transport	27
a lift assist only	27
a male to fairview	27
i'm going to stop	27
investigating all companies switch	27
it's a good thing	27
can you guys check	27
going to be john	27
1 medic 1's en	27
kufner has the vehicle	27
called back and said	27
to my car please	27
for a female that	27
trying to make contact	27
you can go 10-4	27
the city back in	27
42 year old male	27
16 i'll be out	27
just south of clifton	27
i added some notes	27
62 year old male	27
all set all set	27
fell and hit her	27
3's out of fairview	27
70 year old male	27
see if they can	27
going to stand by	27
all companies go to	27
be out with john	27
meet you in the	27
a general fire alarm	27
be out with her	27
be here for a	27
48 year old male	27
dispatch you can show	27
service patient refused transport	27
year old female is	27
50 year old female	27
get in contact with	27
nothing showing we'll be	27
en route as well	27
we've got the we've	27
got the we've got	27
the we've got the	27
3 medic 3 en	27
god bless god bless	27
i agree i agree	27
not a kid i'm	27
a kid i'm not	27
kid i'm not a	27
at attention i'm at	27
no line no line	27
of the of the	27
engine 2 is en	27
we're 10-8 we're 10-8	27
3 is gonna be	27
can you just check	26
i'm going to try	26
i copy that from	26
in the area we'll	26
9 i'll be out	26
odor of natural gas	26
all the way to	26
advised not to return	26
3 medic 3's en	26
can go i'm closer	26
service this is a	26
can i get that	26
out of fair view	26
out in front of	26
there in a second	26
be 10-8 for now	26
just give me a	26
you can go i'll	26
medic 2 can you	26
dispatch medic 3 on	26
a good thing it's	26
good thing it's a	26
thing it's a good	26
be out of service	26
third party call from	26
owner came out and	26
standing by on the	26
1 en route to	26
47 year old female	26
and i have a	26
he's on his way	26
if you have a	26
going to be under	26
come back to a	26
he's all set i'll	26
19 with this female	26
for medic 3 we're	26
she's on her way	26
be 10-8 and i'll	26
the owner came out	26
here i'll be 10-8	26
detroit for an alarm	26
1 and car 8	26
going to die i'm	26
to die i'm going	26
die i'm going to	26
i'll be with them	26
a 72 year old	26
no wants i copy	26
brown and blue valid	26
not valid no wants	26
for a black male	26
he was advised of	26
if you can notify	26
66 year old male	26
can you run the	26
out of cleveland a	26
check to see if	26
be 19 to the	26
in front of a	26
you go to the	26
59 year old male	26
south of detroit with	26
she said she was	26
add her to the	26
2-car mva no injuries	26
hi hi hi hi	26
can you guys head	26
westerly 14312 detroit apartment	26
21 year old female	26
a report number please	26
a white male with	26
538- 538- 538- 538-	26
going to go back	26
engine 3 is back	26
3 is on the	26
bless god bless god	26
agree i agree i	26
that's that's that's that's	26
line no line no	26
the of the of	26
or or or or	26
kufner's kufner's kufner's kufner's	26
10-8 we're 10-8 we're	26
a 24 hour check	26
thanks for the briefing	26
this is gonna be	26
is gonna be in	26
be 10 8 with	26
on the 2026 gmc	26
expires 06 30 2026	26
06 30 2026 see	26
30 2026 see dealer	26
medic 3 from dispatch	25
45 year old male	25
we'll be all set	25
you check the area	25
47 year old male	25
dispatch medic 1's on	25
medic is in service	25
medic 2 you can	25
you can find an	25
15 you can disregard	25
by the name of	25
were you able to	25
i got a hold	25
49 year old male	25
to the trespass file	25
go i'm closer you	25
and engine 2 are	25
2's out we'll be	25
1's out of fairview	25
is in service patient	25
be investigating all companies	25
i'll head that way	25
male on the phone	25
take a look at	25
from truck 1 truck	25
i'm closer i'm closer	25
of cleveland it's a	25
to be under arrest	25
we'll be 19 with	25
male is going to	25
manic-3 manic-3 manic-3 manic-3	25
could just add it	25
just got a call	25
spoke with that male	25
i'll be there in	25
common spelling last name	25
it i'll be 10-8	25
2 medic 1 medic	25
can you get a	25
brown and brown she's	25
just a verbal argument	25
if you could add	25
75 year old male	25
engine 2 is back	25
is out of service	25
black male date of	25
got it thank you	25
is transporting a female	25
2 from truck 1	25
and engine 3 are	25
we were unable to	25
old female she has	25
a 77 year old	25
medic 3 go ahead	25
engine 2 is in	25
has a history of	25
i had you run	25
67 year old male	25
to call you back	25
dispatch medic 2 en	25
you can clear me	25
could you put me	25
225 225 225 225	25
for the briefing thanks	25
the briefing thanks for	25
briefing thanks for the	25
dispatch medic one's out	25
15 can you run	25
10 8 with a	25
8 with a separate	25
000 off msrp on	25
left prior to our	24
out of service for	24
cautions for violent tendencies	24
it looks like the	24
you're good to go	24
you want to go	24
to be able to	24
scene we have a	24
taking one to lakewood	24
are you going to	24
can you go ahead	24
medic 1's going to	24
kufner's has that vehicle	24
called and said that	24
black and brown he's	24
of the pickup for	24
a verbal argument between	24
this is a lift	24
i don't have a	24
said there's a black	24
20 i'll be out	24
give them a call	24
when you have a	24
the alarm company called	24
2 engine 2 truck	24
just want to make	24
medic 2's in service	24
were advised of the	24
and medic 3 are	24
engine 2 from car	24
be checking the area	24
can slow it down	24
i copy detroit and	24
to the rear of	24
added to the lunch	24
male wearing a blue	24
do you want us	24
with a male on	24
try to find a	24
to find a phone	24
at the car wash	24
number for the owner	24
can show me back	24
going to fire ground	24
i'll be checking on	24
that name and date	24
trying to get into	24
going to go get	24
40 year old female	24
44 year old male	24
car 2 is back	24
dispatch medic 3 in	24
going to do that	24
engine 3 in service	24
medic 2 engine 2	24
year old male who	24
be slow to respond	24
i'm going to 19	24
is on the phone	24
locked his keys in	24
medic 1 is taking	24
car 2 will be	24
will be back in	24
in the front yard	24
be in service patient	24
a 75 year old	24
66 year old female	24
medic 2 will be	24
engine 3 medic 2	24
transport at this time	24
spoke with the caller	24
67 year old female	24
can find an obt	24
going to have a	24
truck 1 car 2	24
a little bit of	24
you run a listing	24
80 year old female	24
was on the phone	24
you can copy go	24
1 medic one's en	24
engine 2 is gonna	24
medic 2 is gonna	24
a 10-16 out of	23
i'll be at the	23
can you start kufner's	23
he was going to	23
medic 3 and truck	23
you go ahead and	23
hold of the owner	23
like it's going to	23
copy i'm all set	23
court 13315 detroit room	23
50 year old male	23
be 10-8 and i	23
10-8 and i can	23
copy from the back	23
car 2's out we'll	23
just north of the	23
medic 1 is arriving	23
and i'll get you	23
can just add it	23
just add it to	23
or do you want	23
thanks for your time	23
having a heart attack	23
to around the corner	23
63 year old male	23
a call from a	23
if you could respond	23
i left a message	23
could you give me	23
in service returning medic	23
did you copy that	23
dispatch from station 3	23
a no parking zone	23
32 year old female	23
you start a squad	23
female on the phone	23
from dispatch are you	23
i'll be with her	23
don't know if it's	23
that vehicle i'll be	23
the parking lot behind	23
cleveland date of birth	23
speak with the female	23
51 year old female	23
a listing out of	23
knocking on the door	23
his keys in his	23
hasn't been able to	23
3 copies medic 3	23
companies go to fire	23
3 and engine 3	23
the complainant said that	23
able to get in	23
could you head to	23
we'll all be 10-8	23
13 i'll be out	23
check and see if	23
in service patient evaluated	23
for a general fire	23
20 year old female	23
is transporting 1 to	23
this is medic 1	23
the westerly 14300 detroit	23
be out to investigate	23
yelling at each other	23
in service patient refusal	23
1 2 and 3	23
medic 3 we're out	23
a little bit more	23
1 back in service	23
on his way we'll	23
can copy go ahead	23
valid id no 1	23
for a 2 car	23
medic 3 is gonna	23
and it looks like	22
going off in the	22
2 medic 3 and	22
out in the area	22
be out with them	22
stuck in the elevator	22
called so there's a	22
got out of the	22
have a description of	22
going to check the	22
black male wearing all	22
11 i'll be out	22
head over to the	22
green valid no wants	22
cautions for armed and	22
dispatch medic 1's back	22
if you can start	22
41 year old female	22
to check the welfare	22
it we'll be 10-8	22
that there is a	22
so we'll be 10-8	22
that way as well	22
front of the station	22
70 year old female	22
medic 3 will be	22
trying to figure out	22
be en route from	22
can get him from	22
i don't know what	22
there's going to be	22
i have a 10-16	22
you guys could head	22
copy you can show	22
1 medic 1 en	22
there's a male in	22
the resident was advised	22
valid no wants i	22
to be on the	22
can you open the	22
see if there's any	22
south side of the	22
can you send a	22
you have the caller	22
i have a name	22
can you try and	22
spoke to the owner	22
if you could advise	22
car 10 go ahead	22
to the berkshire 11820	22
take that call on	22
medic 3 you can	22
station 3 copies medic	22
not have a dl	22
61 year old male	22
just west of the	22
1341 marlowe the haven	22
do you need anything	22
medic 3 and engine	22
on scene at the	22
on the third floor	22
female she has a	22
for a 75 year	22
going to be checking	22
you in the lobby	22
will be in the	22
detroit for a male	22
i'll be here for	22
there was a white	22
try to get a	22
hung up on me	22
spoke to the complainant	22
to get in contact	22
medic 1 back in	22
see if there's a	22
to do that i'm	22
19 you can disregard	22
they were advised of	22
there's a lot of	22
not going to do	22
his way we'll be	22
old male has a	22
old female that fell	22
just wanna make sure	22
at the days inn	22
i'm on the radio	22
on the 2nd floor	22
truck one's on scene	22
have a 10 16	22
medic one's transporting a	22
10 7 in the	22
a 37 year old	21
go i copy you	21
out of our department	21
thank you i'll be	21
should be in the	21
we're just going to	21
just to make sure	21
she's going to be	21
a 34 year old	21
can head that way	21
came out and moved	21
2 copies medic 2	21
transporting one patient to	21
get your plate in	21
go ahead with your	21
a description of the	21
pick up the jail	21
truck 1 you can	21
i'll be with you	21
about 5 minutes ago	21
year old male 6'1	21
valid no wants has	21
for a wire down	21
i have a listing	21
i checked the area	21
is a lift assist	21
if you're able to	21
made contact with the	21
and let them know	21
would you like us	21
you like us to	21
the welfare of a	21
dispatch medic 3 out	21
i'm not getting anything	21
not getting anything back	21
1 and truck 1	21
brown blue valid no	21
29 we'll be 10-8	21
in service medic 1	21
going to give you	21
a male on a	21
53 year old male	21
she's not sure if	21
send me back in	21
in the report room	21
also going to respond	21
be checking on a	21
i have a dl	21
to get into the	21
the phone number for	21
should be a black	21
56 year old male	21
stand by while she	21
to the owner of	21
station 1 copies medic	21
43 year old female	21
dl for my driver	21
year old female suspended	21
a male that was	21
have a dl id	21
a dl id card	21
with that male he	21
year old male 5'10	21
what's the report number	21
you all set there	21
you guys still set	21
alarm company called in	21
and brown she's valid	21
a 74 year old	21
1 is out at	21
get a number and	21
should be back in	21
medic 2 from dispatch	21
a 70 year old	21
if you could head	21
your plate in a	21
58 year old male	21
gonna be coming in	21
speak with a female	21
parked in the driveway	21
be a white male	21
to try to get	21
give us a call	21
19 i'll be out	21
medic 2 back in	21
this is medic 3	21
out of the way	21
you guys head to	21
be waiting in the	21
medic 2 is arriving	21
you have a squad	21
with the owner of	21
29 will be out	21
do that i'm not	21
that i'm not going	21
to the days inn	21
back i'm going to	21
be 10 8 from	21
you all set i'm	21
medic one's out at	21
2 0 4 traffic	21
save up to 10	21
up to 10 000	21
to 10 000 off	21
10 000 off msrp	21
sorry can you repeat	20
22 year old female	20
year old male 6'2	20
was turned over to	20
try to get you	20
where are you at	20
can send me the	20
and madison for a	20
have the last 6	20
here i'm going to	20
now we'll be 10-8	20
at the corner of	20
64 year old female	20
i'll be right back	20
on the phone he	20
she was advised of	20
to o'neill 13900 detroit	20
o'neill 13900 detroit room	20
copy back in service	20
will be 19 with	20
75 year old female	20
medic 3 is that	20
the parking lot at	20
with you in a	20
and i'll be out	20
vehicle in front of	20
it sounds like the	20
3 medic 3's back	20
if you can advise	20
truck 1 on scene	20
just let them know	20
out of the house	20
so i'm going to	20
29 are you all	20
name is going to	20
it sounds like he	20
you put me back	20
we'll be investigating all	20
be transporting to fairview	20
copies 24 i'm closer	20
dispatch medic 2's out	20
will be out at	20
dispatch medical 1 is	20
if you haven't already	20
and see if we	20
go ahead could you	20
now i'll be 10-8	20
for a male and	20
13 you can disregard	20
with this male for	20
19 year old female	20
can be in service	20
24 i'm all set	20
call we're going to	20
i have a ds	20
run a name and	20
can you change the	20
you change the address	20
a 29 year old	20
us to stand by	20
under arrest for dci	20
a 62 year old	20
it looks like a	20
i didn't see anything	20
you're good you're good	20
is a qualified adult	20
one's closer can you	20
closer can you get	20
a date of birth	20
1 copies medic 1	20
this female starting mileage	20
engine 2 you can	20
a female in the	20
transporting 1 to fairview	20
berkshire 11820 edgewater apartment	20
dispatch medic 1 we're	20
be out investigating all	20
he does have a	20
westerly 14306 detroit apartment	20
dispatch medic 1's out	20
can you 19 for	20
dispatch medic 1's in	20
for a 24-hour follow-up	20
a 66 year old	20
1 is taking 1	20
taking 1 to fairview	20
we're going to check	20
you want to come	20
in service this was	20
me out at the	20
car 2 are back	20
you can disregard that	20
a white female wearing	20
to see if they	20
2 medic 2 on	20
a 69 year old	20
84 year old female	20
for a traffic offense	20
from the back hill	20
69 year old male	20
do you have an	20
one's on the scene	20
do you guys have	20
me a call please	20
across the street from	20
17 year old male	20
to be for a	20
on the cleveland side	20
year old female says	20
year old female not	20
to see if there's	20
you could try to	20
to go get my	20
go get my phone	20
phone i'm going to	20
respond to the haven	20
i can start heading	20
or anything like that	20
up and down the	20
they said it was	20
can show medic 1	20
you all set we're	20
the name and date	20
was a white male	20
i'm gonna head to	20
supposed to be on	20
close the show i'm	20
the show i'm going	20
show i'm going to	20
i'm going to close	20
11 you can disregard	20
out of rocky river	20
44 year old female	20
the carlisle 12900 lake	20
go to the bathroom	20
white male date of	20
guys all set we're	20
that there was a	20
start a 24 hour	20
car two's en route	20
male 6 foot 1	20
medic one's on the	20
last name is gonna	20
or save up to	20
you can advise and	19
can advise and release	19
engine 2's on scene	19
area we'll be investigating	19
actually going to be	19
48 year old female	19
service lift assist only	19
i have the last	19
have a traffic stop	19
warren in front of	19
71 year old female	19
can you get them	19
was a black male	19
be waiting in a	19
knock on the door	19
she's not feeling well	19
no wants has an	19
3 medic 3's on	19
that's out of the	19
2 en route to	19
car 2 copies car	19
wants to speak with	19
and i'll have a	19
it doesn't look like	19
he was trying to	19
dispatch medic 3 back	19
2 medic 2's back	19
we'll be in the	19
going to be clear	19
to keep it down	19
on the other side	19
give me a landline	19
like it might be	19
number is going to	19
medic 1 and truck	19
going to turn it	19
screaming at each other	19
was advised not to	19
parked in a no	19
73 year old female	19
the premise file for	19
truck 1 go ahead	19
year old male 5'8	19
close out the call	19
thank you for your	19
male on a bike	19
a hold of him	19
a 40 year old	19
you run a name	19
truck 1 from car	19
arriving at fairview hospital	19
68 year old female	19
on the corner of	19
can you call the	19
looks like it's going	19
it sounds like they're	19
for the rest of	19
they're on their way	19
out of cleveland he's	19
22 i'll be out	19
she's unable to get	19
you can try to	19
there's a vehicle parked	19
i'm right here i'll	19
it's out of the	19
you speak to a	19
he's not sure if	19
3 you can disregard	19
knocked on the door	19
just keep an eye	19
to come out and	19
to make a report	19
female date of birth	19
truck 1 truck 1	19
be in the back	19
83 year old female	19
15 i can get	19
can you stop in	19
taking a female to	19
the driver of the	19
117 just south of	19
head there as well	19
that vehicle we'll be	19
be 19 with him	19
can you check out	19
medic 3 can you	19
78 year old male	19
if you need me	19
the top of the	19
60 year old male	19
53 year old female	19
i'm out i'm out	19
locked out of the	19
i need a 19	19
12 i copy that	19
car is going to	19
give us a 21	19
speak to a male	19
he was in the	19
a female in a	19
you can advise the	19
old male he fell	19
medic 2 is taking	19
3 medic 3 are	19
medic 1 2 3	19
we'll be out to	19
going to stop sharing	19
to stop sharing my	19
stop sharing my screen	19
year old male down	19
with a female at	19
medic 1 and medic	19
down in the backyard	19
waiting in the lobby	19
caution for violent tendencies	19
is arriving at lakewood	19
speak to the complainant	19
just add it please	19
have a dl for	19
me to the list	19
send me the ix	19
76 year old male	19
it's just a little	19
get my phone i'm	19
my phone i'm going	19
to talk to him	19
2 car mva no	19
a 19 to the	19
if you can get	19
detroit the westerly apartment	19
head code 3 to	19
he would like to	19
wants to talk to	19
going to close the	19
to close the show	19
north of the tracks	19
24 hour check on	19
call you back i'm	19
you back i'm going	19
to the bathroom i'm	19
the bathroom i'm going	19
bathroom i'm going to	19
spelling date of birth	19
set i'm all set	19
go ahead first name	19
medic two's en route	19
is valid no 1	19
11 i'll be 10	19
first name is gonna	19
give me a second	18
we'll be out in	18
3 is transporting one	18
is transporting one to	18
plate here in a	18
24 i'm closer 24	18
and i'll be all	18
you can go to	18
to all companies medic	18
in service lift assist	18
medic 3's taking one	18
medic 2 do you	18
59 year old female	18
here in a moment	18
1 is transporting to	18
advised we'll be 10-8	18
healthcare 13900 detroit room	18
and it sounds like	18
caution for armed and	18
locked out of his	18
if you can add	18
13 i'm all set	18
said that they were	18
this i'm going to	18
3 medic 3's in	18
he was advised to	18
old male he's suspended	18
1 is arriving at	18
police involvement we'll be	18
can go i'll get	18
go i'll get him	18
dispatch from car 6	18
respond to the berkshire	18
can you confirm the	18
medic 3 out of	18
going to meet you	18
i'm trying to find	18
2 medic 2's en	18
i'll see if i	18
it looks like we	18
said that he was	18
15 are you all	18
out the call we're	18
the call we're going	18
we're going to close	18
going to close out	18
to close out the	18
options we'll be 10-8	18
you can find a	18
she was going to	18
go 10-4 thank you	18
you open the stall	18
send you a message	18
is also going to	18
male having difficulty breathing	18
be out with henry	18
it was coming from	18
out of the apartment	18
the date of birth	18
wants to go to	18
can try to find	18
partially blocking the driveway	18
years old valid no	18
55 year old female	18
speak to a female	18
old male suspended no	18
you can give me	18
to give you a	18
all set up here	18
no one's closer can	18
77 year old male	18
17 year old female	18
can you update the	18
i need you to	18
old male said he	18
so i don't know	18
1 medic 1 will	18
72 year old male	18
out investigating all companies	18
it's not coming back	18
give her a call	18
central companies medic 3	18
said that she was	18
and brown not valid	18
get ahold of the	18
the area of detroit	18
be 10-8 with the	18
to talk to you	18
has that vehicle we'll	18
and you can copy	18
the night we'll be	18
not sure if they	18
out with the male	18
can you stop up	18
out with him in	18
2 you can disregard	18
prior to my arrival	18
if you could have	18
a white male in	18
on the phone saying	18
see if they have	18
ahead and close the	18
and out of the	18
the plate on the	18
cars i sent you	18
advise the jailer please	18
can you speak with	18
not sure if she's	18
white female wearing a	18
spoke to that male	18
high rate of speed	18
medic 2 to the	18
3 are en route	18
2 3 truck 1	18
going to respond to	18
a 65 year old	18
there's nothing showing we'll	18
sharing my screen i'm	18
my screen i'm going	18
screen i'm going to	18
eastbound on detroit from	18
a 36 year old	18
car 2 is on	18
put me out on	18
to the westerly 14300	18
can you add that	18
1 you can disregard	18
medic 1 2 and	18
for a 77 year	18
77 year old female	18
a third party call	18
rear of the building	18
me the ix number	18
little bit more difficult	18
under the influence of	18
car mva no injuries	18
for a few days	18
if he has any	18
having a panic attack	18
76 year old female	18
2 and 3 medic	18
gonna be out at	18
go back to my	18
back to my desk	18
2 is on the	18
74 year old female	18
you can return to	18
haven 1341 marlowe room	18
54 year old male	18
go ahead we checked	18
in our city for	18
and brown he's valid	18
to check the area	18
companies medic 3 to	18
19 are you guys	18
to speak with the	18
2 is out on	18
they were advised to	18
i'm on the 11th	18
on the 11th street	18
all set i'm all	18
is gonna be back	18
you check-in the area	18
10 8 and i'll	18
if you just wanna	18
you check-in front of	18
i'll be 10 7	18
dispatch medic one's in	18
however you make money	18
you make money work	18
can work with that	18
the parking lot and	17
to the detail please	17
comes back to that	17
when you get here	17
11 can you run	17
old male he has	17
going to be able	17
42 year old female	17
3's taking one to	17
her keys in her	17
want to talk to	17
1 and car 2	17
station 2 copies medic	17
3's out at lakewood	17
number and time please	17
all set here with	17
you check in the	17
engine 3's on scene	17
o'neill healthcare 13900 detroit	17
to be 10-8 from	17
en route to that	17
year old male 5'11	17
1 truck 1 respond	17
out of north olmstead	17
just called and said	17
going to be giving	17
go ahead and end	17
ahead and end this	17
you want to let	17
the vehicle i'll be	17
we're going to need	17
will be out of	17
to fairview with one	17
engine 3 can you	17
any further police involvement	17
involvement we'll be 10-8	17
flagged down by a	17
on the first floor	17
at the back door	17
the 12 000 building	17
locked herself out of	17
truck 1's on scene	17
the other side of	17
engine 3 en route	17
a courtesy ride to	17
just called back and	17
10-4 13 you can	17
probably going to be	17
medic 1 are you	17
for the owner of	17
a 28 year old	17
back in service from	17
i have a plate	17
for an elderly male	17
if i need another	17
notes i'll be 10-8	17
thank you very much	17
i'm not seeing anything	17
on the phone she	17
spoke with both parties	17
us to check the	17
vehicle break for another	17
do you need any	17
north of franklin with	17
was trying to get	17
go ahead and start	17
jr out of cleveland	17
3 we're going to	17
still in the area	17
that's been parked for	17
what kind of vehicle	17
going to try and	17
you all set all	17
i'm in front of	17
have the registered owner	17
i'm sorry i covered	17
22 i can get	17
has it i'll be	17
29 can i get	17
on the back of	17
we spoke with that	17
10-8 from here and	17
hit by a car	17
a dl for my	17
can we get a	17
standing by in the	17
i'm in the stall	17
for a 72 year	17
suspended id card is	17
protection order against him	17
in the front of	17
speak with you guys	17
62 year old female	17
a warrant pick up	17
was just a verbal	17
a female on the	17
i have a male	17
serial number on the	17
a match thank you	17
area of detroit and	17
was sent on his	17
for a 74 year	17
for a few minutes	17
back in service returning	17
for the night we'll	17
the nature of the	17
we're all set here	17
copies back in service	17
able to clear from	17
looks like it was	17
kufner has a vehicle	17
1's transporting a female	17
85 year old female	17
able to make contact	17
can you just give	17
you just give me	17
11 i'll be 10-8	17
to return to service	17
old female having chest	17
meet you at the	17
front of the store	17
17 can i go	17
closer i can get	17
i'm all set i'll	17
of the pickup radius	17
i'll be 19 to	17
officer's out with a	17
he is conscious and	17
not sure if you	17
to appear for a	17
route to the westerly	17
on the phone and	17
out of cleveland the	17
spoke to the resident	17
81 year old female	17
is all set we'll	17
driveway is still accessible	17
sides we'll be out	17
and would like to	17
a vehicle parked in	17
a couple of times	17
in service we'll be	17
bit more difficult it's	17
dispatch engine 2 is	17
a 76 year old	17
to ennis court 13315	17
at the end of	17
10-8 i'm going to	17
put me out of	17
it's gonna be the	17
a female to lakewood	17
you could just check	17
to my desk i'm	17
my desk i'm going	17
desk i'm going to	17
is in the area	17
14 i'll be out	17
medic 2 and engine	17
38 year old female	17
is not coming back	17
may i be added	17
out at lakewood park	17
male has a valid	17
brown he's valid no	17
the 11th street i'm	17
11th street i'm on	17
street i'm on the	17
go ahead i'm 10-7	17
wearing a white shirt	17
valid id card only	17
i'm a teacher at	17
a teacher at the	17
teacher at the high	17
the high school i'm	17
10 8 and i	17
female valid no 1	17
truck one's gonna be	17
gonna be in the	17
3 is that a	17
off msrp on the	17
msrp on the 2026	17
offer expires 06 30	17
to the parking lot	16
give it to you	16
to get you a	16
was just trying to	16
you need another car	16
companies are in service	16
old female who fell	16
here for a bit	16
in just a moment	16
they're all set i'm	16
medic 1 we're out	16
i'll send you a	16
you see if we	16
i will be 10-8	16
respond to drug mart	16
year old male 5'9	16
i didn't know it	16
there's a female in	16
wants has an active	16
respond to ennis court	16
a wire down in	16
2 copies car 2	16
and end this i'm	16
end this i'm going	16
i'll be on it	16
female having difficulty breathing	16
old female with a	16
show us en route	16
if you can try	16
engine 3 is going	16
10-4 i'm going to	16
i'm gonna have a	16
close i'm close i'm	16
10-7 on the back	16
for a female that's	16
and out of consciousness	16
vehicle parked on the	16
21 i'll be out	16
and i'll head to	16
have a 10-16 on	16
i'm going to add	16
the clifton cove apartments	16
out of fairview park	16
out of the building	16
resident was advised car	16
and i can get	16
14306 detroit the westerly	16
you can start a	16
myself a report number	16
can go 10-4 thank	16
is under arrest for	16
by on the back	16
81 year old male	16
what's my report number	16
3 medic 3's out	16
service patient was evaluated	16
copies we're en route	16
everything checks okay we're	16
can you repeat your	16
the other half of	16
i'm on the phone	16
spoke to that female	16
they were unable to	16
keep an eye on	16
can you meet a	16
city we're in service	16
and car 8 are	16
i'm going to turn	16
see if he's qualified	16
said it looks like	16
with them in a	16
spoke with the male	16
dispatch for car 2	16
24 you can disregard	16
trying to get in	16
change in mental status	16
7 in the stall	16
out of garfield heights	16
company called in a	16
i'll be 10-7 at	16
for a warrant pick	16
so i'm not sure	16
speak to you guys	16
it's gonna be out	16
service call at 12400	16
10-4 i'll be out	16
63 year old female	16
out of new york	16
said there's a white	16
we're in front of	16
company is medic 3	16
you send me a	16
find a number for	16
you could start a	16
it looks like he	16
and see if i	16
3 engine 3 is	16
will be responding to	16
in front of you	16
engine 3 engine 3	16
if you can assist	16
in service medic 3	16
it looks like they're	16
mileage is going to	16
should be on the	16
vehicle was released to	16
detroit car 2 engine	16
1 are en route	16
know if you can	16
car 2 in service	16
white male in a	16
to the back hill	16
was advised of her	16
3 respond to o'neill	16
can i have that	16
87 year old female	16
medic 123 truck 1	16
but it looks like	16
2 engine 2 and	16
check for a black	16
we spoke with a	16
the registered owner of	16
looks like it might	16
medic 2 i copy	16
go back to the	16
2 will be in	16
and see if you	16
2 will be out	16
for a vehicle parked	16
19 can you run	16
to 19 to the	16
south of madison with	16
going to be heading	16
the front counter for	16
will take that call	16
more difficult it's just	16
difficult it's just a	16
squad assist we'll be	16
is in service we'll	16
talk to an officer	16
will be out with	16
go on the lunch	16
they said they were	16
i'm sorry i didn't	16
attention medic 2 respond	16
you stop up here	16
plate to the detail	16
11 are you all	16
at 12400 madison apartment	16
can you copy the	16
companies medic 1 to	16
the station for a	16
owner has an active	16
58 year old female	16
in the area and	16
a ride back to	16
yeah we're all set	16
male wearing a gray	16
back in service no	16
2 for medic 1	16
gonna be on the	16
days inn 12019 lake	16
black and brown he	16
54 year old female	16
go ahead this is	16
11 i'm all set	16
truck 1 and medic	16
and out of traffic	16
going in and out	16
brown does not have	16
please you can go	16
route to fairview with	16
to the report room	16
can clear me from	16
male wearing a white	16
a 47 year old	16
and a half story	16
back in service 10-4	16
go ahead detroit and	16
kufner's has a vehicle	16
year old male not	16
high school i'm a	16
school i'm a teacher	16
from truck 1 we're	16
dispatch medic 1 0	16
10 16 out of	16
hour check on a	16
dispatch medic one's back	16
can send me that	15
10-7 24 i'm closer	15
of service for a	15
i'll be able to	15
we'll be out of	15
that should be on	15
i copy and i	15
car 3's on scene	15
49 year old female	15
the jail with this	15
just be advised the	15
25 24 25 24	15
see if there's an	15
dispatch medic 1 will	15
locked her keys in	15
truck 1's en route	15
junior out of cleveland	15
ahead with your traffic	15
all set thank you	15
to pick up the	15
up the jail order	15
engine 3's en route	15
be with you in	15
i'm on the way	15
closer i'll get him	15
211 we'll be 10-8	15
can you add him	15
has an active ccw	15
advised car 2's in	15
the area of madison	15
there was a verbal	15
you guys respond to	15
1 do you need	15
engine 3's in service	15
a male at the	15
a call real quick	15
en route to metro	15
put me back on	15
dispatch medic 2's in	15
on the door and	15
on detroit in front	15
heading back to the	15
herself out of her	15
19 to the front	15
dispatch from station 2	15
a 30 year old	15
we got a call	15
we're good we're good	15
in front of that	15
it was a white	15
she said that they	15
be a squad assist	15
detroit there's a male	15
at the lake house	15
from engine 3 engine	15
3's going to be	15
i talked to the	15
unable to give me	15
i tried to call	15
me back out on	15
a group of people	15
back on the phone	15
said he's going to	15
medic 3's arriving at	15
be out on the	15
come to the door	15
dispatch medic 3's taking	15
could you check the	15
you add him to	15
right now i'll be	15
just north of franklin	15
year old female 5'6	15
requesting we check the	15
clifton the clifton cove	15
the door we'll be	15
engine 2's en route	15
find the phone number	15
be clear from here	15
spoke with that female	15
i'll be at 10	15
we copy thank you	15
valid no wants and	15
transporting one to fairview	15
know if you want	15
and hit his head	15
hazel valid no wants	15
i'm sorry i couldn't	15
medic 3 do you	15
should come back to	15
set here with the	15
we'll be in front	15
if you could put	15
you could put me	15
it's in front of	15
utl we'll be 10-8	15
to call back if	15
let them know that	15
i left a voicemail	15
madison in front of	15
parking lot behind the	15
a ride to the	15
get out of the	15
take care of it	15
and he has a	15
to you in a	15
can you issue me	15
will be out on	15
this is a report	15
you run a dl	15
by name and date	15
can you just send	15
you show me how	15
show me how to	15
wants to speak to	15
to one of the	15
me your report number	15
of gas in the	15
15 can i get	15
north 13330 detroit room	15
in a few minutes	15
be standing by in	15
be with them in	15
them in a second	15
he's a white male	15
1 we're back in	15
2 engine 3 in	15
this will be a	15
are you still set	15
19 for a warrant	15
was advised of his	15
he didn't want to	15
we'll take that for	15
able to get ahold	15
going to be all	15
to be all set	15
respond to that call	15
on the 6th floor	15
i have a female	15
i'll send you the	15
call at 12400 madison	15
i'm sorry could you	15
nature of the call	15
46 year old female	15
what would you like	15
out of lakewood er	15
sure what's going on	15
and if you can	15
and i'll be en	15
all other companies can	15
the phone with her	15
2 are going to	15
door we'll be 10-8	15
all set here i'm	15
i'm going to follow	15
if you can head	15
into the parking lot	15
one's going to be	15
a 24-hour check on	15
she would like to	15
make contact with that	15
to medic 2 medic	15
for a 70 year	15
i sent you the	15
for a 69 year	15
for a warrant pickup	15
wearing a black coat	15
with that female she	15
on the way to	15
with the registered owner	15
year old female her	15
with the male at	15
of the complaint and	15
give him a call	15
trying to catch up	15
9 apr for 36	15
apr for 36 months	15
for 36 months on	15
36 months on the	15
months on the 2026	15
woodhouse buick gmc we	15
buick gmc we are	15
gmc we are professional	15
we are professional grade	15
are professional grade with	15
signing offer applies to	15
offer applies to select	15
applies to select stock	15
to select stock numbers	15
see dealer for details	15
we're in service returning	15
just south of the	15
in service thank you	15
en route with that	15
with a male in	15
1 2 3 truck	15
detroit for a fire	15
1 will be out	15
about 10 minutes ago	15
it looks like they	15
what was the last	15
spoke with a female	15
engine 3 i copy	15
this is just a	15
companies car 2 and	15
they said that they	15
3 is out we'll	15
asked him to leave	15
1 to the haven	15
he's a black male	15
i wasn't able to	15
companies are back in	15
going to be waiting	15
and close the call	15
dispatch to truck 1	15
a 57 year old	15
out with the mail	15
needs help getting up	15
you repeat your traffic	15
this is the last	15
medic 3 we're transporting	15
to the launch list	15
68 year old male	15
1 and medic 1	15
engine 2 go ahead	15
card is valid no	15
assist we'll be 10-8	15
to talk to an	15
can you stop back	15
you let me know	15
you start kufner for	15
2 engine 2 respond	15
we'll be responding from	15
it sounds like it's	15
we don't see anything	15
14312 detroit apartment number	15
we're all set we'll	15
i'll be out there	15
and down the street	15
do you have your	15
male in front of	15
would like him checked	15
from car 2 you	15
medic 1 out of	15
ahead and close this	15
and close this out	15
they're not sure if	15
you add me to	15
add me to the	15
alarm going off in	15
take that for 19	15
i got a 19	15
old male having chest	15
showing we'll be investigating	15
to speak to officers	15
29 can you run	15
the city and in	15
city and in service	15
she is conscious and	15
list please you can	15
complaints that there's a	15
can you start coughing	15
you could head to	15
i'm sorry did you	15
out with that male	15
common spelling date of	15
leave a note for	15
ahead i'll be out	15
wearing a blue shirt	15
go ahead clifton and	15
that was back to	15
gonna be 19 with	15
can save up to	15
medic 1 is gonna	15
date of birth 09	15
20 9 will be	15
2 19 and 2	15
2 can you copy	15
one's out of lakewood	15
for 2 car mva	15
2 17 and 2	15
a 24 hour follow-up	15
we're gonna be out	15
dear visitors thanks for	15
visitors thanks for spending	15
thanks for spending time	15
for spending time and	15
spending time and 1	15
time and 1 600	15
and 1 600 000	15
1 600 000 000	15
600 000 000 a	15
000 000 a year	15
000 a year in	15
a year in our	15
year in our city	15
our city for creating	15
city for creating countless	15
for creating countless new	15
creating countless new memories	15
countless new memories here	15
new memories here while	15
memories here while supporting	15
here while supporting 16	15
while supporting 16 000	15
supporting 16 000 local	15
16 000 local jobs	15
000 local jobs for	15
local jobs for our	15
jobs for our friends	15
for our friends families	15
our friends families and	15
friends families and neighbors	15
families and neighbors 14	15
and neighbors 14 700	15
neighbors 14 700 000	15
14 700 000 of	15
700 000 of you	15
000 of you visit	15
of you visit omaha	15
you visit omaha each	15
visit omaha each year	15
omaha each year for	15
each year for its	15
year for its 1	15
for its 1 in	15
its 1 in 1000000	15
1 in 1000000 charms	15
in 1000000 charms unique	15
1000000 charms unique neighborhoods	15
charms unique neighborhoods world	15
unique neighborhoods world class	15
neighborhoods world class zoo	15
world class zoo distinct	15
class zoo distinct venues	15
zoo distinct venues menus	15
distinct venues menus and	15
venues menus and more	15
menus and more while	15
and more while you're	15
more while you're here	15
while you're here you	15
you're here you don't	15
here you don't just	15
you don't just pay	15
don't just pay us	15
just pay us a	15
pay us a visit	15
us a visit you	15
a visit you pay	15
visit you pay it	15
you pay it forward	15
pay it forward so	15
it forward so thank	15
forward so thank you	15
so thank you visitors	15
thank you visitors sincerely	15
you visitors sincerely omaha	15
year old male who's	14
the owner of this	14
go ahead with it	14
year old male out	14
male he has a	14
turned over to the	14
out of maple heights	14
you guys want to	14
24 25 24 25	14
to see if i	14
in the driveway of	14
did you say you	14
the complaint we'll be	14
he's a qualified adult	14
a qualified adult please	14
respond to o'neill 13900	14
year old female complaining	14
old female complaining of	14
for an elderly female	14
3's out of lakewood	14
no readings on the	14
south of franklin with	14
to drug mart east	14
year old male his	14
and needs a lift	14
lakewood center north 14600	14
center north 14600 detroit	14
a vehicle blocking the	14
be riding with the	14
we have any history	14
didn't know it was	14
were able to get	14
able to get the	14
the stall if you	14
medical 1's on scene	14
car 2's in route	14
1's transporting a male	14
you give us the	14
10-4 15 you can	14
valid permanent id no	14
having a medical emergency	14
a black male in	14
it looks like there's	14
i didn't see any	14
try to make contact	14
we'll be 10-8 for	14
going to come back	14
12511 clifton the clifton	14
14312 detroit the westerly	14
head back to the	14
19 for a transport	14
from medic 2 can	14
2's back in the	14
truck 1 to the	14
carlisle 12900 lake apartment	14
3 will be out	14
have a couple of	14
other side of the	14
you can start kufner	14
want me to send	14
going to remain on	14
to check it out	14
what color is the	14
3 will be en	14
a 50 year old	14
he also has a	14
that male to the	14
it was a black	14
to respond to the	14
call back if he	14
copy that i'll be	14
you in a minute	14
truck 1's going to	14
truck 1's back in	14
a valid temporary permit	14
valid temporary permit no	14
temporary permit no wants	14
added notes we'll be	14
medic 3 we're on	14
year old female difficulty	14
he was able to	14
and advise the jailer	14
take that for one	14
the phone with the	14
3's out at fairview	14
we check the welfare	14
added notes i'll be	14
thinks it might be	14
male that fell and	14
advised of her options	14
to speak with officers	14
all set you can	14
2 is out we'll	14
corner of madison and	14
an odor of gas	14
open the stall door	14
for a male in	14
fell and hit his	14
black valid no wants	14
3 do you need	14
on scene engine 3	14
we're en route from	14
add them to the	14
the launch list please	14
117th and the tracks	14
i just wanted to	14
for the last hour	14
here we'll be 10-8	14
got into a verbal	14
does not have any	14
28 i'll be out	14
can get them from	14
16 year old male	14
give it to me	14
is a report from	14
a report from the	14
report from the office	14
from the office of	14
the office of the	14
office of the attorney	14
of the attorney general	14
i can get that	14
i'm 10-8 with a	14
for a front door	14
i'm on the back	14
there's no answer on	14
can give me a	14
you head that way	14
spoke to the caller	14
you update the address	14
a 33 year old	14
the male that was	14
she was advised to	14
117 in front of	14
i have the plate	14
the fire department at	14
1 copies truck 1	14
be in service this	14
i'll be back in	14
all over the road	14
you can call me	14
back in service we	14
there's nothing showing on	14
investigating all companies go	14
she was on the	14
there's a male that	14
10-4 do you have	14
run a plate for	14
a plate for me	14
there's no need for	14
do we know if	14
guys still set there	14
you 19 for a	14
i'll be speaking with	14
i'll be knocking at	14
meet me at the	14
just go ahead and	14
came to the front	14
have a call for	14
brown she's valid no	14
medic 1 to dispatch	14
i have the notes	14
to call the police	14
detroit just east of	14
in the post office	14
car 2's back in	14
that vehicle will be	14
i don't know where	14
for a 66 year	14
29 are you guys	14
29 i can get	14
the end of the	14
last 6 of them	14
is refusing to leave	14
car 2 from truck	14
80 year old male	14
clifton and manor park	14
engine 3 is also	14
old male with a	14
61 year old female	14
a 67 year old	14
you just add it	14
start a 24-hour check	14
it back over to	14
back over to you	14
due to emergency no	14
it's been there for	14
out with a disabled	14
that should be all	14
plate on the vehicle	14
17 are you all	14
if you need it	14
take that for 20	14
to a male at	14
as soon as i	14
you could send me	14
you speak with the	14
called said there's a	14
route to county with	14
1 is transporting 1	14
a 68 year old	14
and she was advised	14
for a male that's	14
not able to get	14
dispatch do you have	14
medic 3 are en	14
29 we'll be out	14
that there's a male	14
if you can see	14
can hear a male	14
hear a male and	14
45 year old female	14
start heading to the	14
female having trouble breathing	14
she's trying to get	14
warren and lakewood heights	14
medic 1 to handle	14
engine 2 in service	14
there's nothing showing from	14
i added notes and	14
female that fell and	14
received a call from	14
if we have any	14
female not feeling well	14
i can try to	14
able to find a	14
suspended valid id no	14
call us back if	14
all companies are back	14
wire down in the	14
close the call and	14
the call and i'm	14
call and i'm going	14
in a lot of	14
be transporting one patient	14
2 engines 2 and	14
engines 2 and 3	14
24 we'll be out	14
going to 19 to	14
engine 2 en route	14
report number for information	14
just east of the	14
run a listing out	14
the cove community center	14
some mental health issues	14
can you meet me	14
can you let me	14
an older white male	14
a few days ago	14
brown and brown suspended	14
to come to the	14
take that call medic	14
you able to get	14
we're en route back	14
here for a second	14
call me back in	14
19 can you get	14
wearing a black shirt	14
a vehicle i'll be	14
central companies medic 1	14
and 3 medic 1	14
be out of that	14
to get in the	14
close this out and	14
this out and i'm	14
out and i'm going	14
25 you can disregard	14
go ahead with the	14
in the lobby medic	14
is not on file	14
was advised we're 10-8	14
that's supposed to be	14
around the corner 18616	14
we're pulling into the	14
all companies truck 1	14
brown he has a	14
ahead we checked the	14
he said that the	14
companies car 2 respond	14
engine 2 and truck	14
we are going to	14
check the area for	14
we'll head over to	14
en route from the	14
copies medic 3 to	14
2 engine 3 respond	14
bit of a language	14
i'll check this this	14
check this this is	14
this this is the	14
is the last one	14
the last one i'll	14
last one i'll check	14
one i'll check this	14
for a trapped raccoon	14
ahead i'm 10-7 at	14
go ahead we're going	14
ahead we're going to	14
an active ccw permit	14
the license plate is	14
and brown valid id	14
dispatch 3 is en	14
right now you can	14
he's in front of	14
dispatch medic 2 we're	14
10-12 10-12 10-12 10-12	14
i've got a 186-30-60	14
can you copy your	14
i just wanna make	14
it will be 10	14
is gonna be transporting	14
is gonna be a	14
gonna be 10 8	14
2 11 and 2	14
date of birth 01	14
can you check-in the	14
2 15 and 2	14
can you check-in front	14
car 2 is gonna	14
dispatch 3 is on	14
service call at 14312	14
call at 14312 detroit	14
at 14312 detroit apartment	14
woodhouse chevy together let's	14
chevy together let's drive	14
together let's drive with	14
and he's going to	13
are you still on	13
old male out of	13
in front of it	13
should be on it	13
out in a minute	13
towers 12506 edgewater apartment	13
transporting one to lakewood	13
i'm on the ground	13
get you an address	13
it's a white male	13
a white male black	13
place is going to	13
2 medic 2 are	13
an obt for that	13
1's on the scene	13
we'll let you know	13
know if you need	13
117th just south of	13
medic 1 we're transporting	13
we're out of fairview	13
i'd like to speak	13
and i don't see	13
you guys could respond	13
guys could respond to	13
riding with the squad	13
to be transporting a	13
i'm closer i'll get	13
and then hung up	13
there was a black	13
spoke to both parties	13
to the neighborhood officer	13
can we be added	13
we be added to	13
released from the hospital	13
should be in a	13
and green valid no	13
can you start me	13
i'll be in front	13
can you assist a	13
out of east cleveland	13
area of madison and	13
checked the area and	13
out of cleveland she's	13
she wants to speak	13
can you guys respond	13
head to that call	13
hit a parked car	13
dispatch medic 1's arriving	13
the welfare of her	13
56 year old female	13
if you can go	13
permanent id no wants	13
be en route there	13
there's a male on	13
old male is valid	13
to call her back	13
52 year old female	13
on arrival we spoke	13
route to lakewood ed	13
further police involvement we'll	13
parking lot with king	13
29 i have a	13
the plate in a	13
it down we'll be	13
i have a couple	13
can you 19 and	13
or do you need	13
we just got a	13
to be at the	13
left a message for	13
if you can send	13
i'm going to the	13
a direction of travel	13
copy i'm going to	13
arrival we'll be 10-8	13
is on the way	13
21 i can get	13
copy i'll be all	13
for that parking complaint	13
one of the cars	13
back and said that	13
south of berea with	13
i got ahold of	13
a dl out of	13
could you repeat the	13
try to find the	13
can you pick up	13
lakewood heights for a	13
203 i'll be out	13
go ahead car 2	13
you a message with	13
be clear in a	13
north of madison king	13
entry was gained id	13
madison i'll be out	13
117 just north of	13
24 i'll be checking	13
you can go 24	13
do you want that	13
into a verbal argument	13
on the phone said	13
madison for an alarm	13
be in the property	13
year old male named	13
one should be a	13
himself out of his	13
supposed to be there	13
goa we'll be 10-8	13
you issue me a	13
clear here in a	13
88 year old female	13
the area for a	13
the attorney general this	13
attorney general this is	13
general this is a	13
you could just send	13
in front of lakewood	13
ahead and confirm no	13
for felony drugs and	13
you want to check	13
i'm clear from the	13
the area for that	13
just so you guys	13
they're all set up	13
and talk to you	13
in a little bit	13
and see if he's	13
a 17 year old	13
update the address to	13
1 we're going to	13
one patient to fairview	13
crestmont north 13330 detroit	13
want me to call	13
to stand by with	13
i don't know how	13
you're going to have	13
in front of us	13
2 truck 1 to	13
you add a dl	13
the vehicle we'll be	13
a change in mental	13
i'm going to get	13
engine 3 you can	13
vehicle parked in the	13
be in the lobby	13
a number for the	13
him to the premise	13
we have a male	13
called said there was	13
he doesn't have any	13
not valid valid id	13
valid valid id card	13
yes you can go	13
you have a call	13
be in route to	13
are en route to	13
not sure if that's	13
take care of the	13
what was the time	13
company is medic 1	13
be out with 2	13
and see if he	13
could you repeat that	13
you're going to be	13
to find a number	13
a chance can you	13
a 55 year old	13
not sure what's going	13
9 i'm all set	13
appears to be a	13
companies can return to	13
and brown failure to	13
send it to my	13
cleveland 26 year old	13
the post office with	13
and i don't need	13
south of detroit john	13
a female that was	13
you and i'm going	13
to turn it back	13
turn it back over	13
a 59 year old	13
a fire alarm showing	13
10-8 and i'm going	13
a male and a	13
male and a female	13
211 i'll be out	13
been there for about	13
a 24-hour on a	13
i don't have any	13
medic 2 go ahead	13
old male suspended valid	13
are we going to	13
order for the jail	13
there's a couple of	13
clear me from radar	13
speak with the male	13
sent on her way	13
299 dock fee due	13
the pickup when you	13
dispatch medic 3's arriving	13
taking 1 to lakewood	13
out of his apartment	13
medic 3 are out	13
to fairview with 1	13
know if you got	13
has that vehicle and	13
a black female wearing	13
having some type of	13
you want to try	13
advised car 2 is	13
coming out of the	13
shows the plate expired	13
and the other one	13
i just talked to	13
head to the area	13
still accessible i'll be	13
1 and medic 4	13
you 19 to the	13
go ahead with that	13
service this was a	13
with one member of	13
check for a white	13
you can disregard it	13
can you guys go	13
car 2 engines 2	13
57 year old female	13
an obt for the	13
we'll head that way	13
can you check to	13
a 60 year old	13
60 year old female	13
a lot of pain	13
1 will be en	13
give you a 21	13
to the detail and	13
to medic 1 we're	13
old female has a	13
in service i copy	13
truck 1 from dispatch	13
i just sent you	13
1346 cove the upstairs	13
can start heading to	13
2 is in the	13
could try to find	13
1 medic 1 medic	13
for a white female	13
they're on the way	13
out with that vehicle	13
10-4 11 you can	13
a female at the	13
are in service returning	13
you give me that	13
be out in front	13
could just add that	13
like him checked on	13
19 with a female	13
take it from here	13
car 2 you can	13
a 23 year old	13
us to check on	13
i'll get you to	13
off in the area	13
you just see if	13
route to the station	13
close to the intersection	13
do not have a	13
be out of king	13
to take care of	13
be out at lakewood	13
was moderate on arrival	13
you need us to	13
we spoke to that	13
a 64 year old	13
a 2-car mva no	13
he was not driving	13
1 medic 1 car	13
2 are in service	13
11 are you guys	13
11 i'll be all	13
sent on their way	13
station 3 copy medic	13
3 copy medic 3	13
15 i'll be with	13
front of the house	13
still on the phone	13
we can get them	13
of a language barrier	13
at a high rate	13
a high rate of	13
i'm sorry i was	13
know if you have	13
the vehicle will be	13
owner of the car	13
he's not able to	13
a 58 year old	13
is gonna be out	13
and i'll be 10	13
that there's a black	13
engine 3 is arriving	13
complainant said that there	13
year old female that's	13
be a black male	13
was hit by a	13
back to the owner	13
2 we're back in	13
spoke to the male	13
and can you put	13
kufner's go ahead kufner's	13
engine 3 medic 123	13
8 and i can	13
year old male 06	13
got you thank you	13
gonna have a 10	13
one's gonna be back	13
truck one's in service	13
10 8 from the	13
1 should be a	13
date of birth 12	13
of birth is 01	13
truck 1 truck one's	13
be at 10 8	13
find your next vehicle	13
your next vehicle at	13
next vehicle at woodhouse	13
vehicle at woodhouse buick	13
at woodhouse buick gmc	13
woodhouse buick gmc right	13
buick gmc right now	13
gmc right now you	13
now you can save	13
you can save up	13
the 2026 gmc sierra	13
2026 gmc sierra 1	13
gmc sierra 1 500	13
sierra 1 500 or	13
1 500 or save	13
500 or save up	13
save up to 2	13
up to 2 000	13
to 2 000 off	13
2 000 off msrp	13
000 off msrp plus	13
off msrp plus 1	13
msrp plus 1 9	13
plus 1 9 apr	13
1 9 apr for	13
the 2026 gmc acadia	13
2026 gmc acadia woodhouse	13
gmc acadia woodhouse buick	13
acadia woodhouse buick gmc	13
professional grade with free	13
grade with free credit	13
with free credit or	13
free credit or selling	13
credit or selling trading	13
or selling trading at	13
selling trading at 2012	13
trading at 2012 or	13
at 2012 or newer	13
2012 or newer vehicle	13
or newer vehicle 299	13
newer vehicle 299 document	13
vehicle 299 document do	13
299 document do it	13
document do it signing	13
do it signing offer	13
it signing offer applies	13
select stock numbers stock	13
stock numbers stock number	13
numbers stock number b260294	13
stock number b260294 stock	13
number b260294 stock number	13
b260294 stock number b260679	13
stock number b260679 offer	13
number b260679 offer expires	13
b260679 offer expires 06	13
newer vehicle must finance	13
make money work wells	13
money work wells fargo	13
work wells fargo can	13
wells fargo can work	13
fargo can work with	13
a 32 year old	12
brown and brown he's	12
11 i copy that	12
to my work phone	12
go ahead we have	12
has a 10-16 out	12
i'm closer 24 i'm	12
closer 24 i'm closer	12
i'll get you an	12
on the 4th floor	12
verbal argument between the	12
i don't want to	12
that parking complaint on	12
of the complaint we'll	12
is out of liquid	12
there's an odor of	12
2 medic 2's transporting	12
you trying to call	12
i'm on the run	12
we can get a	12
to speak to somebody	12
dispatch medic 3's transporting	12
10-4 29 you can	12
he said there's a	12
i'm going to start	12
vehicle blocking the driveway	12
one member of lpd	12
i can head that	12
117th i'll be out	12
out in a moment	12
a black male with	12
sounds like the male	12
to let you know	12
brown and blue he's	12
year old female 5'4	12
an alarm it's showing	12
take that for 29	12
break for a second	12
i copy i'm all	12
start a squad for	12
me a tow for	12
dispatch medical 1's on	12
down by a male	12
23 i'll be out	12
this was an accidental	12
in the laundry room	12
male in a black	12
medic 3's transporting to	12
male is valid no	12
you repeat the nature	12
in the area but	12
no further police involvement	12
if you guys want	12
in the back garage	12
quiet on arrival we	12
you head back to	12
a male with a	12
the bottom of the	12
we have a phone	12
checks okay we're 10-8	12
a 71 year old	12
year old male on	12
2 copies engine 2	12
out of her apartment	12
en route to lutheran	12
back in service we'll	12
can go ahead with	12
out of parma for	12
llc out of cleveland	12
medic 1 medic 3	12
to remain on scene	12
engine 2 can you	12
1's in service returning	12
medic 2's out at	12
take that for 17	12
it sounds like it	12
it might be a	12
speak to the male	12
have a 10-16c on	12
in front of her	12
i was trying to	12
can you get her	12
a call and see	12
was unable to make	12
put me back out	12
medic 2's out of	12
station 1 copies 24	12
towers 12506 edgewater number	12
was unable to get	12
3 we're on scene	12
and 29 are you	12
21 you can disregard	12
86 year old female	12
old female difficulty breathing	12
detroit and st charles	12
lakewood heights and warren	12
he's all set we'll	12
that for one of	12
1 will be transporting	12
a 10-16 on a	12
i'm just trying to	12
and said that he	12
brown never had a	12
10-16 out of the	12
i have some notes	12
i'll head to the	12
was going to be	12
228 lunch list please	12
companies medic 3 responds	12
medic 3 responds to	12
dispatch are you all	12
could you check in	12
sorry i couldn't copy	12
it was a verbal	12
looks like he has	12
like he has a	12
south of the tracks	12
said there's been a	12
the area there's no	12
sounds like he was	12
in the front lobby	12
if they want to	12
you want to call	12
out of bay village	12
the back hill ending	12
has that vehicle i'll	12
out at the car	12
she's out of the	12
out to move it	12
respond to 14312 detroit	12
i'll head to that	12
a 35 year old	12
south of clifton with	12
added some notes and	12
notes and i'll be	12
she locked herself out	12
locked himself out of	12
call her back and	12
i'll be riding with	12
to separate for the	12
between detroit and franklin	12
in the area for	12
and see if she	12
the plate for the	12
there in a minute	12
for a failure to	12
clear from the jail	12
can you ask him	12
i'll let him know	12
i'm not sure i	12
82 year old female	12
out of county for	12
has a valid temporary	12
to advise and release	12
28 lunch list please	12
come out and move	12
old female said she's	12
respond to lakeshore towers	12
for a vehicle that	12
westbound on detroit from	12
the city we're in	12
dispatch for a warrant	12
code to get in	12
203 i'll be 10-8	12
going to come out	12
and the vehicle was	12
be giving this female	12
was advised we'll be	12
be 10-8 from the	12
car 2 has command	12
parking lot for a	12
with the male he	12
owner of this vehicle	12
she'd like to speak	12
dispatch engine 3 will	12
start heading that way	12
can you make me	12
rush hour is clear	12
can we get the	12
we can head to	12
to your work phone	12
complainant said that the	12
and i didn't see	12
called and said there's	12
and issue me a	12
out at the station	12
back you can just	12
old female having a	12
make contact with a	12
can you copy it	12
he was sent on	12
can you add the	12
and they're going to	12
back if you could	12
to be in front	12
right in the middle	12
route with this female	12
will be all set	12
the rest of us	12
we're 10-8 from the	12
know it's gonna be	12
you have a second	12
service patient refused treatment	12
19 with that male	12
a female lakewood er	12
1's out of lakewood	12
i don't know it's	12
engine 2 is going	12
call back if she	12
10-8 and i'll be	12
to all companies engine	12
to see if you	12
can you have engine	12
will be 10-8 and	12
i copy warren franklin	12
a 39 year old	12
going to return to	12
partially blocking the drive	12
can i just have	12
mileage is gonna be	12
10-4 do you want	12
female having chest pains	12
after the light at	12
get into the building	12
i'm sorry you said	12
15 i copy from	12
break for the second	12
and can you just	12
over to you and	12
to you and i'm	12
i'm en route with	12
i need to know	12
there's a white female	12
company medic 3 respond	12
attempt to make contact	12
male was dropped off	12
there's no signs of	12
you can start kufner's	12
at the front desk	12
on a traffic stop	12
can you confirm that	12
will be standing by	12
scene we'll be out	12
was advised car 2	12
the last name is	12
take that for 2	12
medic 3 from engine	12
so we can get	12
all set at the	12
can you raise the	12
be 19 with a	12
here with the registered	12
brown failure to appear	12
copies we'll be en	12
wearing a black jacket	12
you can put us	12
female said she was	12
as well as the	12
the phone she said	12
female fell and hit	12
she was able to	12
said they have a	12
i just got a	12
out of south euclid	12
description one more time	12
to speak to the	12
car 2 can you	12
they were going to	12
i got it thank	12
have a middle initial	12
for a 65 year	12
old female having trouble	12
going to be coming	12
said he was in	12
the parking lot there	12
driving due to an	12
due to an emergency	12
on scene this is	12
this is medic 2	12
to the hospital for	12
truck 1 is going	12
route to lakewood hospital	12
about 15 minutes ago	12
unknown direction of travel	12
we're out of the	12
for about an hour	12
accessible i'll be 10-8	12
1 medic 1 and	12
with the female at	12
have a plate for	12
old female not feeling	12
there's some type of	12
engine 2 will be	12
to get to the	12
were unable to locate	12
is unable to get	12
3 respond to lakeshore	12
station 1 can you	12
he is valid no	12
respond code 3 to	12
will remain on scene	12
to head to the	12
to check on her	12
male having chest pains	12
and pick up the	12
you check to see	12
scene we'll be investigating	12
he needs to go	12
is transporting a male	12
having issues with his	12
i'm sorry what was	12
can i go in	12
me a call on	12
white male with a	12
in a second i	12
change the location to	12
can show me 10-8	12
if you could assist	12
need it back just	12
be in the parking	12
for a 76 year	12
sorry i didn't copy	12
65 year old female	12
old female said she	12
if you guys are	12
94 year old female	12
lakewood companies in service	12
in contact with her	12
gonna be all set	12
we're going to do	12
can i just get	12
be 19 with mr	12
in regards to the	12
there for a few	12
station 1 truck 1	12
brown valid id no	12
unable to get a	12
madison for a white	12
check on a male	12
can you send that	12
a 48 year old	12
it should be on	12
i can have the	12
truck 1 can you	12
out of the road	12
transporting 1 to lakewood	12
there's a male and	12
we're in the back	12
he's wearing a black	12
he said that he's	12
and brown he has	12
to that call on	12
73 year old male	12
going to pass out	12
i'll be with john	12
11 i can get	12
clifton and west clifton	12
17 i'll be with	12
and can i get	12
having shortness of breath	12
if you can give	12
i sent your message	12
she said that he	12
we're gonna be on	12
the influence of something	12
sam date of birth	12
en route from bunts	12
the parking lot she	12
they were advised and	12
to see if he's	12
medic 2 and truck	12
did not have a	12
like it's gonna be	12
out of the store	12
they were trying to	12
go ahead in front	12
ahead in front of	12
no wants 10-4 thank	12
wants 10-4 thank you	12
we're all set 10-4	12
do you need a	12
guys all set there	12
no wants 10-4 i'm	12
on the tree lawn	12
old female says she's	12
a bit of a	12
go ahead that female	12
at macy's father's day	12
macy's father's day sale	12
navy federal credit union	12
call so there's a	12
the days inn 12019	12
can i help you	12
sorry i covered you	12
go ahead kufner's go	12
ahead kufner's go ahead	12
got a 186-30-60 i've	12
a 186-30-60 i've got	12
186-30-60 i've got a	12
on the 1st floor	12
vehicle is gonna be	12
all set on 10	12
9 will be all	12
i'm gonna be in	12
is gonna be john	12
two's out we'll be	12
brown valid no 1	12
plate is gonna be	12
engine 3 is gonna	12
one's transporting a female	12
got a 10 16	12
3 medic 123 truck	12
is that a fairview	12
grad party coming up	12
party coming up let	12
coming up let hy	12
up let hy vee	12
let hy vee catering	12
hy vee catering take	12
vee catering take it	12
catering take it from	12
it from here bakery	12
from here bakery high	12
here bakery high chai	12
bakery high chai floral	12
high chai floral deli	12
chai floral deli and	12
floral deli and more	12
deli and more everything	12
and more everything you	12
more everything you need	12
everything you need in	12
you need in 1	12
need in 1 stop	12
in 1 stop order	12
1 stop order from	12
stop order from 3	12
order from 3 or	12
from 3 or more	12
3 or more departments	12
or more departments and	12
more departments and get	12
departments and get 10	12
and get 10 off	12
get 10 off terms	12
10 off terms apply	12
off terms apply call	12
terms apply call your	12
apply call your hy	12
call your hy vee	12
your hy vee catering	12
hy vee catering department	12
vee catering department for	12
catering department for more	12
department for more information	12
for more information today	12
to be a part	12
be a part of	12
to call him back	11
but she doesn't know	11
about an hour ago	11
he's supposed to be	11
to check on the	11
plate that should be	11
to come back to	11
out of cleveland shows	11
here in front of	11
you a plate here	11
a plate here in	11
car 2 medic 1	11
all companies are in	11
the jail for a	11
old male that fell	11
2 medic 2's going	11
to talk to the	11
9 you can disregard	11
complaint we'll be 10-8	11
just south of berea	11
1 we're out of	11
i added to the	11
for medic 2 we're	11
you when you're ready	11
10-7 in the stall	11
unable to get out	11
he's not going to	11
a 19 year old	11
you can stand by	11
fell and needs a	11
20 i'm all set	11
a male to lakewood	11
black male with a	11
for a backdoor alarm	11
forward this to the	11
brown and green valid	11
for an alarm it's	11
in the stall if	11
you guys set there	11
in the driveway and	11
service patient was assisted	11
male not feeling well	11
29 i'll be on	11
a 41 year old	11
for a smoke detector	11
eastbound on clifton from	11
engine 2 are back	11
you able to clear	11
would like her checked	11
i checked all the	11
2 i'll be out	11
is out of fair	11
engine 3's out on	11
i will be out	11
to speak with her	11
year old male 5'6	11
was advised to call	11
off we'll be 10-8	11
en route can you	11
repeat the nature of	11
come back to the	11
i'm in the back	11
there is a male	11
we'll be back in	11
can you head back	11
you can confirm no	11
it doesn't sound like	11
the welfare of his	11
medic 3 out at	11
can show us en	11
down we'll be 10-8	11
24 i'll be 10-8	11
complainant said that he	11
is on scene at	11
1 copies thank you	11
you guys could just	11
2 truck 1 car	11
lakewood heights and bunts	11
you can see if	11
out of shaker heights	11
male and female that	11
looks like we were	11
i'm going to send	11
call and see if	11
make contact with her	11
phone number for that	11
assist the medics at	11
be responding to the	11
to meet at the	11
can put me out	11
1 copies 24 i'm	11
no lights or sirens	11
you can be in	11
was supposed to be	11
i don't see him	11
to move the vehicle	11
going to be following	11
set here i can	11
here i can head	11
for one of the	11
going to be an	11
a vehicle that was	11
from the report room	11
1 medic 1's in	11
try to get your	11
to get your plate	11
edward last name is	11
said that he is	11
so i'll be 10-8	11
11 i copy detroit	11
speak to the female	11
i added notes i'll	11
they're all set on	11
medic 2's arriving at	11
to add some notes	11
to be in a	11
you can find the	11
of the days inn	11
comes back to the	11
on arrival car 2	11
for damage to property	11
15 i have a	11
15 i'm all set	11
one is out of	11
2 do you need	11
to the station for	11
been there for a	11
29 we're all set	11
not sure if they're	11
i tried a couple	11
back hill ending mileage	11
be standing by on	11
a call from the	11
10-8 and i'll head	11
i'll be doing follow-up	11
trying to get the	11
is parked in the	11
able to get out	11
just to confirm you	11
old valid no wants	11
separate for the night	11
i copy that thank	11
of the vin please	11
take that for 11	11
5 you can disregard	11
detroit i'll be out	11
back and see if	11
take that call for	11
male suspended no wants	11
off i'll be 10-8	11
we'll be on the	11
a front door alarm	11
you want to just	11
can you head that	11
and confirm no issues	11
can you run king	11
kind of car was	11
don't need a back	11
me a call real	11
more at americanexpress com	11
secure we'll be 10-8	11
female in front of	11
female is going to	11
she does not want	11
we'll be standing by	11
felony warrant out of	11
to the back door	11
you assist a female	11
and just be advised	11
respond to the jail	11
odor of gas in	11
he wants to speak	11
medic 3 we're in	11
while she attempts to	11
we've been out there	11
route with this male	11
does have an active	11
to be a black	11
spoke with the resident	11
don't know if he's	11
dispatch medic 1 to	11
16 you can disregard	11
assist the fire department	11
station 1 copies truck	11
a female that fell	11
a note we'll be	11
note we'll be 10-8	11
medic 1 we're back	11
10-8 from the stop	11
the parking lot for	11
she said that the	11
it to the list	11
dispatch are you guys	11
is taking a female	11
i can get it	11
we should be all	11
the report number for	11
report number for this	11
i think it's a	11
to answer the door	11
they have a female	11
to the detail can	11
can you show us	11
i do not have	11
dispatch medic 3 and	11
spoke to the residents	11
1 we're on scene	11
have a female on	11
you cut yourself off	11
in service lpd to	11
guys could head to	11
the time of the	11
struck by a vehicle	11
back or just add	11
6 year old male	11
male valid no one	11
9 can i get	11
give me a report	11
sorry could you repeat	11
17 i'll be 10-8	11
meet us at the	11
address in a second	11
year old son is	11
night we'll be 10-8	11
medic 3's going to	11
fedor manor 12400 madison	11
complaining of chest pain	11
cars in the area	11
in the area she	11
refused treatment and transport	11
the walgreens parking lot	11
just north of lakewood	11
to take a look	11
medic 3 on the	11
me know when you're	11
transporting a female lakewood	11
due to emergency there	11
way back to the	11
19 with this mail	11
going to go check	11
bleeding from the head	11
in a parking lot	11
2 medic 2 will	11
going to be my	11
other companies can return	11
medical 1 is out	11
you have engine 3	11
i have a deal	11
is on scene on	11
plate when you can	11
male in a white	11
the phone saying that	11
brown suspended no wants	11
coming in for dci	11
parking lot on the	11
15 can you get	11
was released to the	11
17 you can disregard	11
brown hazel valid no	11
requesting a squad for	11
truck 1 are en	11
on scene standing by	11
on the vehicle is	11
to open the door	11
13 year old male	11
set i'll be here	11
medic is en route	11
to the other units	11
you respond back to	11
i have a 10-16c	11
me out of the	11
you want to give	11
a water main break	11
manor 12400 madison apartment	11
10-7 if you can	11
raise the stall door	11
says she has a	11
is all set here	11
i'll head up to	11
talk to you guys	11
to catch up to	11
owner of that car	11
pickup when you can	11
they're doing work at	11
haven't been able to	11
she was in the	11
mva no injuries one	11
gonna head over to	11
to head that way	11
and then we'll be	11
and just so you	11
in the city center	11
22 you can show	11
traffic offense out of	11
in service and returning	11
saying that there's a	11
in contact with the	11
they were in the	11
i found a number	11
laying on the ground	11
to stop up here	11
stop up here please	11
showing we'll be out	11
black female wearing a	11
cited for dci and	11
year old male no	11
for the registered owner	11
and take a look	11
and medic 2 are	11
in the area we're	11
from bunts and detroit	11
the other one is	11
dispatch car 2 is	11
fire alarm going off	11
i just spoke to	11
in the stall with	11
the driveway is still	11
that female to the	11
going to be goa	11
can you 19 to	11
on top of the	11
wasn't able to find	11
a 79 year old	11
79 year old female	11
but it sounds like	11
we will be 10-8	11
medic 1 if you	11
cleveland 34 year old	11
parked in the parking	11
plate comes back to	11
route from bunts and	11
they should be there	11
could you check on	11
to that male he	11
would you like me	11
you like me to	11
you could just change	11
alarm company called back	11
not been able to	11
trying to see if	11
front counter for a	11
3 we're out at	11
your report number for	11
and she said that	11
to pick up his	11
stuck in the snow	11
old female having difficulty	11
back just add it	11
for a 62 year	11
a hard time breathing	11
1341 marlowe in the	11
marlowe in the lobby	11
so there's a white	11
service we'll be responding	11
1 can you send	11
far from the curb	11
she has a protection	11
vehicle parked in front	11
10-8 i'll have a	11
to lunch list please	11
1 in front of	11
take that call at	11
en route from lakewood	11
where it's coming from	11
all lakewood companies in	11
at this time we're	11
me know when you	11
dispatch and all companies	11
are you guys at	11
everything checks okay here	11
out and moved it	11
on behalf of the	11
that vehicle is cited	11
3 to the jail	11
and he was advised	11
it was in the	11
at the parking lot	11
know if you guys	11
you have your work	11
going to see if	11
was cited for dci	11
to medic 3 respond	11
is going to go	11
have a better location	11
robert date of birth	11
with that name and	11
edward date of birth	11
speak with the complainant	11
of the pickup on	11
just wanted us to	11
you see if the	11
walgreens 117th and detroit	11
you see if he's	11
are you guys out	11
you guys out there	11
can you just see	11
to head up to	11
a 54 year old	11
ran out of gas	11
year old female who's	11
want to speak to	11
officers to stand by	11
10-4 i'm all set	11
spoke with the complainant	11
the vehicle was released	11
it looks like that	11
you going to be	11
you guys able to	11
a number in time	11
a verbal argument with	11
a 27 year old	11
have an active permit	11
in a public service	11
medic 3 we'll be	11
i'll be 10-8 i	11
19 back to the	11
15 i'll be checking	11
dispatch back to you	11
i was on the	11
2 you can return	11
his date of birth	11
be setting back up	11
get ahold of her	11
need a 19 to	11
he's under arrest for	11
medic 1 this is	11
wearing a black hoodie	11
to the carlisle 12900	11
checked the area for	11
truck 1 in service	11
the post office king	11
brown brown does not	11
said that there is	11
we don't have a	11
on the front porch	11
little bit of a	11
is still in the	11
with a separate i	11
1 medic 2 and	11
17 in front of	11
give me a description	11
we'll be transporting one	11
year old female in	11
i'm gonna try to	11
you show me back	11
head over to that	11
a white shirt and	11
a male in front	11
we're going to 19	11
adam date of birth	11
show both units 10-8	11
go ahead that male	11
1 out of fairview	11
that's for medic 2	11
you can just check	11
an eye out for	11
2 is back to	11
edgewater lakeshore towers apartment	11
year old male at	11
is en route copy	11
old female having severe	11
with john william lincoln	11
she was trying to	11
it's a black male	11
in front of 1	11
i'm gonna be 19	11
i'm 10-8 229 i'm	11
10-8 229 i'm 10-8	11
engine all companies medic	11
it's gonna be apartment	11
medic 3 respond at	11
one's transporting a male	11
2 13 and 2	11
of birth is gonna	11
birth is gonna be	11
truck 2 en route	11
be 10 7 at	11
medic one's gonna be	11
20 9 i'll be	11
1 medic 1 0	11
number is gonna be	11
give me a 20	11
2011 or newer vehicle	11
see dealer for detail	11
this is the sound	11
is the sound of	11
wells fargo bank na	11
fargo bank na member	11
bank na member fdic	11
we'll be at the	10
17 i'm all set	10
i'm out of here	10
do you want the	10
you able to check	10
and brown he's suspended	10
me out of service	10
year old female 5'7	10
to give it to	10
going to be union	10
can put me on	10
can go to the	10
a 25 year old	10
you can use the	10
able to give me	10
2 medic 1 truck	10
car 2's out on	10
just going to be	10
go back into service	10
she locked her keys	10
head that way from	10
for now we'll be	10
and you can clear	10
can you make sure	10
coming from the apartment	10
3 truck 1 to	10
the phone he said	10
company is medic 2	10
24 i'm closer you	10
for you when you're	10
introducing genius bank the	10
genius bank the award-winning	10
bank the award-winning bank	10
the award-winning bank that	10
award-winning bank that does	10
bank that does things	10
that does things differently	10
does things differently for	10
things differently for our	10
differently for our kind	10
for our kind of	10
our kind of genius	10
kind of genius spelled	10
of genius spelled with	10
genius spelled with a	10
spelled with a j	10
with a j award-winning	10
a j award-winning can	10
j award-winning can mean	10
award-winning can mean many	10
can mean many things	10
mean many things like	10
many things like most	10
things like most locations	10
like most locations but	10
most locations but it	10
locations but it still	10
but it still goes	10
it still goes to	10
still goes to the	10
goes to the bank	10
to the bank for	10
the bank for us	10
bank for us award-winning	10
for us award-winning means	10
us award-winning means best	10
award-winning means best newcomer	10
means best newcomer bank	10
best newcomer bank of	10
newcomer bank of 2025	10
bank of 2025 by	10
of 2025 by bank	10
2025 by bank rate	10
by bank rate visit	10
bank rate visit geniusbank	10
rate visit geniusbank com	10
visit geniusbank com genius	10
geniusbank com genius with	10
com genius with a	10
genius with a j	10
with a j genius	10
a j genius bank	10
j genius bank registered	10
genius bank registered trademark	10
bank registered trademark is	10
registered trademark is a	10
trademark is a division	10
is a division of	10
a division of smbc	10
division of smbc minibank	10
of smbc minibank awards	10
smbc minibank awards are	10
minibank awards are independently	10
awards are independently granted	10
are independently granted by	10
independently granted by their	10
granted by their respective	10
by their respective publication	10
their respective publication and	10
respective publication and are	10
publication and are not	10
and are not indicative	10
are not indicative of	10
not indicative of future	10
indicative of future success	10
of future success or	10
future success or results	10
out we'll be 10-8	10
to be on scene	10
can get a hold	10
just got out of	10
old male said he's	10
description of the vehicle	10
of the vehicle and	10
a vehicle parked on	10
bunts just south of	10
of franklin with king	10
clear in a minute	10
in regards to that	10
out with a vehicle	10
to lakewood center north	10
trying to break into	10
for a vehicle blocking	10
22 i can take	10
i'm out with him	10
the male in question	10
said there's a female	10
to speak with us	10
and blue he's valid	10
blue he's valid no	10
to this location for	10
there's a wire down	10
can one of you	10
this is a verbal	10
is a verbal argument	10
him out of the	10
you can raise the	10
can you try the	10
protection order against her	10
notes if you could	10
guys go to the	10
to that call in	10
is the owner of	10
he said there was	10
last name is going	10
3's transporting to fairview	10
transporting to fairview with	10
you can just turn	10
and try to get	10
doesn't appear to be	10
i made contact with	10
the back garage for	10
not supposed to be	10
supposed to be in	10
arrival we spoke to	10
we're on our way	10
was dropped off at	10
detroit the westerly number	10
on the phone now	10
let us know if	10
to knock on the	10
head that way as	10
i'll be checking from	10
you can disregard they	10
to be transporting to	10
if you're not busy	10
trying to find a	10
of the street and	10
know if there's any	10
copy we're en route	10
i couldn't find anything	10
guys could check around	10
going to need to	10
i'll head up there	10
and said there's a	10
a look at it	10
central company medic 3	10
madison for a black	10
if we can find	10
your report number is	10
to make sure you	10
make sure you guys	10
nora last name is	10
id card is expired	10
where do you want	10
transporting to lakewood with	10
you could respond to	10
just going to check	10
we'll be responding to	10
they want to meet	10
on the phone that	10
he was advised not	10
between franklin and madison	10
parked on the sidewalk	10
17 year old daughter	10
3's arriving at fairview	10
she doesn't know if	10
all set here i	10
can head over there	10
can we have a	10
medic 1's arriving at	10
i copy we'll be	10
are you trying to	10
out the front door	10
22 can you start	10
got ahold of the	10
give me the last	10
it was all quiet	10
and they were advised	10
dispatch medic 2's arriving	10
put me in the	10
put me on at	10
can send me back	10
ground on arrival car	10
car 10 from dispatch	10
for an odor of	10
see what's going on	10
can you send the	10
the stall door and	10
you tell me what	10
3 i'll be out	10
closer i'm closer i'm	10
from station 3 engine	10
patient was evaluated refused	10
was evaluated refused transport	10
out of new jersey	10
in a couple of	10
call the complainant back	10
3 copies engine 3	10
29 i'll be with	10
does not come back	10
to the jail for	10
car alarm going off	10
checked the area there's	10
not sure if it	10
can get him to	10
is going to stay	10
going to stay with	10
other half of this	10
you start kufner please	10
i just spoke with	10
are you still in	10
coming out to move	10
we're trying to get	10
have a driver's license	10
but i'm going to	10
i added the plate	10
can head to that	10
to let you guys	10
let you guys in	10
clifton just east of	10
for one of those	10
if you can let	10
i'll take care of	10
this is a female	10
it to you in	10
i sent you guys	10
suspended has a valid	10
phone number for this	10
want to go ahead	10
north of detroit with	10
she's not sure which	10
be out with it	10
you want to see	10
want to see if	10
19 in the property	10
be checking on the	10
vehicle is going to	10
good you're good you're	10
felony drugs and drug	10
he said that they	10
so you guys know	10
and i are going	10
there's a phone number	10
her to the detail	10
i just have to	10
american express platinum card	10
learn more at americanexpress	10
check secure we'll be	10
this comes back to	10
to the jail 12650	10
the jail 12650 detroit	10
from here and i'll	10
in service we can	10
copies medic 1 to	10
and medic 1 are	10
issue me your report	10
can you head there	10
to the back of	10
to the city we're	10
medic 1 car 8	10
an elderly male that	10
elderly male that fell	10
you i'm going to	10
so we're going to	10
to the lake house	10
i'm back in service	10
the complainant was advised	10
he's all set 10-8	10
been parked for a	10
get a chance can	10
3 is taking a	10
i have a note	10
14300 detroit apartment number	10
can get him detroit	10
in the bike lane	10
he's all set i'm	10
dl id card is	10
i just need the	10
she said that she's	10
service returning medic 1	10
87 year old male	10
female who fell and	10
want me to start	10
have a number for	10
12900 lake apartment 1621	10
1's out at lakewood	10
on the sidewalk and	10
for the past few	10
he said he didn't	10
going to be knocking	10
brown not valid valid	10
out of cleveland for	10
the detail can you	10
have the listed owner	10
4 is on scene	10
you could just print	10
let me see if	10
service lpd to handle	10
detroit just west of	10
can you have that	10
need it back you	10
we'll be able to	10
was the time of	10
you want that back	10
or just add it	10
a 73 year old	10
you repeat the address	10
going to have that	10
see if he has	10
there's a female there	10
6 of them in	10
25 can i get	10
10-4 can you check	10
a vehicle in front	10
going to be responding	10
16 year old female	10
can you start off	10
back to the jail	10
able to gain entry	10
of them should be	10
one of the parties	10
to clear from there	10
warren just north of	10
north of lakewood heights	10
unable to find a	10
we don't have any	10
assist a female at	10
and let me know	10
i'm gonna give you	10
gonna give you a	10
you could advise the	10
i'll have that way	10
station 3 engine 3	10
do me a favor	10
that's gonna be a	10
3 from car 2	10
3 can you have	10
have engine 3 respond	10
failure to reinstate valid	10
to reinstate valid id	10
moved prior to my	10
he's on the phone	10
you can check on	10
only must be physically	10
must be physically located	10
be physically located in	10
physically located in iowa	10
do you want another	10
male he checks okay	10
be all set i'll	10
going to be that	10
took a bunch of	10
a couple of minutes	10
to lakeshore towers 12506	10
they pulled into the	10
she's not able to	10
try and locate an	10
in the passenger seat	10
i'll call her back	10
is out with a	10
is in service no	10
you check on the	10
just north of hilliard	10
to be in pursuit	10
that there's a white	10
clearing in a moment	10
kufner says that vehicle	10
a 13 year old	10
suspended valid id card	10
she was unable to	10
out at the front	10
can you head up	10
contact with that female	10
can you respond back	10
to the jail to	10
between madison and franklin	10
gonna be out on	10
show us on scene	10
if you can respond	10
3 from engine 3	10
i'll be in route	10
we're going to try	10
for over a week	10
if they can come	10
of the apartment building	10
be waiting at the	10
start a 24-hour on	10
to the station with	10
old female she fell	10
can you have me	10
you can cancel kufner	10
2003 22 year old	10
19 for a minute	10
she said it's a	10
station 1 from car	10
won't be able to	10
detroit for a female	10
can you see dispatch	10
engine 2's going to	10
is on scene we	10
going to stay in	10
if you can call	10
black in the driveway	10
can you assist on	10
you assist on that	10
29 i'll be checking	10
to the fedor manor	10
1 do you have	10
can you check and	10
you check and see	10
if they have any	10
we didn't see anything	10
here we're going to	10
what was the name	10
an alarm showing front	10
be on the back	10
year old male says	10
can you get to	10
for a 71 year	10
you respond to drug	10
it sounds like she	10
the parking lot now	10
and released to the	10
and see if there's	10
this male is going	10
a 31 year old	10
in service medic 2	10
detroit they have a	10
locked out of her	10
should be able to	10
thank you i copy	10
is a black male	10
in service from the	10
we can head over	10
to investigate all companies	10
check on a female	10
companies engine 2 and	10
and car 2 respond	10
19 to the station	10
an elderly female that	10
home we'll be 10-8	10
22 can you get	10
does not want to	10
at the top of	10
don't know if he	10
and needs help getting	10
see if she has	10
to give her a	10
4 is back in	10
units will be 10-8	10
the ina building 14701	10
dispatch medic 3 transporting	10
said he has a	10
just be advised that	10
going to need a	10
year old male shows	10
engine 3 if you	10
3 are back in	10
can you just confirm	10
if you could go	10
an 80 year old	10
route to the west	10
did the caller say	10
2 is arriving at	10
having some sort of	10
do you need the	10
for a couple of	10
can advise the jailer	10
made contact with that	10
let you know when	10
3 we're out of	10
cleveland 41 year old	10
old male fell and	10
be in service with	10
there's some kind of	10
3 medic 2 medic	10
advised of his options	10
24 hour on a	10
is on scene engine	10
lpd is out with	10
to lakewood with one	10
for medic 1 you	10
be back in the	10
i go in the	10
12506 edgewater lakeshore towers	10
a call on my	10
you please put me	10
we're out at lakewood	10
to pick her up	10
said that he has	10
go check it out	10
can you give the	10
can you attempt to	10
2 engine 3 and	10
and detroit for a	10
standing in front of	10
vehicle to the detail	10
out of the station	10
3 respond to ennis	10
and 3 truck 1	10
were unable to make	10
respond to the lake	10
11 we'll be 10-8	10
no answer on callback	10
just north of clifton	10
north of clifton with	10
that call medic 1	10
copies we'll be responding	10
old male he is	10
just add her to	10
on the 7th floor	10
stand by for the	10
10-4 19 you can	10
from medic 1 can	10
sent you guys a	10
trying to get ahold	10
warren just south of	10
truck 1 if you	10
going to have the	10
all the way down	10
have your work phone	10
to pick him up	10
from station 1 truck	10
1 truck 1 is	10
for a 57 year	10
a 90 year old	10
doing a welfare check	10
you check on a	10
there's a bunch of	10
a 43 year old	10
for a parking violation	10
to check on him	10
of detroit with king	10
wearing a gray hoodie	10
2 engine 2 is	10
so i can add	10
it's all quiet in	10
on the door of	10
out of cleveland 34	10
of cleveland 34 year	10
black and brown suspended	10
and brown suspended no	10
can you just run	10
and just to confirm	10
of madison with king	10
24 can you get	10
i'm still on the	10
might be able to	10
a group of kids	10
1 are back in	10
and then you can	10
known to abuse drugs	10
11 can you get	10
a check on a	10
in the lobby for	10
the stall door please	10
male and female yelling	10
st charles for a	10
what was the address	10
due to emergency and	10
lakewood park 14532 lake	10
old male is having	10
in front of take	10
front of take 5	10
said they're going to	10
part 2 engine 2	10
respond to the carlisle	10
back can you just	10
of the building and	10
responding from station 1	10
1 can you respond	10
i copy medic 1	10
it out of the	10
unable to locate the	10
the corner of madison	10
have to go to	10
i'll be setting back	10
can you go back	10
start at 24 hour	10
year old female feeling	10
and she said she	10
24-hour check on a	10
20 you can disregard	10
all companies in service	10
and we can head	10
83 year old male	10
take that for 14	10
to the hospital and	10
have a date of	10
high blood pressure and	10
the back hill with	10
can you put us	10
as soon as possible	10
should be a gray	10
was just released from	10
to that female she	10
calls that there's a	10
you able to give	10
checking to see if	10
for a 24 hour	10
year old male 511	10
were on the phone	10
for a loud party	10
engine 2 engine 2	10
complainant would like to	10
a little bit ago	10
do you know what	10
was sent on her	10
having chest pains and	10
sorry did you say	10
so there's a black	10
like us to stand	10
within the pickup for	10
way i'll be 10-8	10
i have a call	10
date of birth please	10
out of cleveland 2014	10
10 8 from here	10
he was advised we're	10
with the caller and	10
be transporting a female	10
she said he was	10
said that there was	10
complainant said that her	10
all set we're set	10
complainant said that his	10
clifton the executive house	10
from dispatch go ahead	10
westbound on clifton from	10
patrol at lakewood park	10
go ahead i have	10
she hasn't been able	10
refusing to leave he's	10
take that for you	10
she said that he's	10
and they said they	10
for a tree down	10
there and see if	10
west 117 south of	10
on the phone they	10
him on the phone	10
stop in front of	10
the parking lot on	10
a white female with	10
i spoke to a	10
if it's the same	10
don't know if you're	10
and i'm gonna be	10
12 will be out	10
229 i'm 10-8 229	10
268-7666 268-7666 268-7666 268-7666	10
2 we're en route	10
conscious breathing and alert	10
set on 10 8	10
gonna be my driver	10
medic 1 respond at	10
of birth is 06	10
10 7 on the	10
7 on the back	10
of birth is 09	10
the plate's gonna be	10
20 5 1 17	10
2 0 3 and	10
medic three's en route	10
okay we'll be 10	10
vehicle will be 10	10
date of birth 07	10
1 of the cars	10
she's conscious breathing alert	10
is gonna be king	10
date of birth 05	10
or newer vehicle must	10
got a call that	9
refusing to leave the	9
can head to the	9
with the female in	9
in the car and	9
a female with a	9
and check it out	9
him to the detail	9
can get him i'm	9
you i'm all set	9
back to that male	9
16 out of the	9
the plate should be	9
plate's going to be	9
looked like he was	9
are you on the	9
i think you can	9
this is a cable	9
can go back into	9
is coming in for	9
the last six of	9
and moved the vehicle	9
the parking lot by	9
in the city 10-8	9
copies medic 2 to	9
on the parking lot	9
use the front door	9
said it's a black	9
the mcdonald's parking lot	9
to pick up her	9
readings on the meter	9
a vehicle in the	9
i'm not sure where	9
i'm sorry go ahead	9
i was going to	9
for medic 1 we're	9
get ahold of him	9
10-4 i'll be 10-8	9
i'm in the parking	9
he's coming in for	9
can you make us	9
13 i'll be 10-8	9
this location for manpower	9
is in front of	9
shows valid no wants	9
you can add that	9
going to be sam	9
driver was cited for	9
johnson out of cleveland	9
can you check eastbound	9
is also en route	9
north of detroit king	9
going to handle it	9
like her checked on	9
complaint said there's a	9
refusing to leave and	9
copy back to you	9
there is no answer	9
medic 3 transporting to	9
she does have a	9
he's suspended no wants	9
are you still at	9
i'm gonna have to	9
them a call and	9
valid no wants he	9
on the east end	9
can confirm no issues	9
19 with us now	9
you confirm the address	9
get you the plate	9
18 are you all	9
to turn it down	9
truck 1's in service	9
3 out of fairview	9
car 2 will continue	9
keep it down we'll	9
engine 3 for medic	9
to meet you guys	9
it to your car	9
to let them know	9
i think it might	9
do you need another	9
north coast wine and	9
coast wine and beer	9
medic 2's transporting to	9
can give it to	9
he's having a heart	9
trying to get more	9
11 i'll be checking	9
i'll get you someone	9
i added a note	9
she's not sure what	9
truck 1 truck 1's	9
engine 3's going to	9
you guys can head	9
and said that the	9
company was unable to	9
area of clifton and	9
there should be a	9
back in service the	9
been turned over to	9
19 for a second	9
for a white suv	9
west 117th and franklin	9
listing is going to	9
her 17 year old	9
her head on the	9
take that for 15	9
have officers en route	9
the correct address is	9
door and advise the	9
be speaking with the	9
and he is suspended	9
truck 1 is back	9
have a good day	9
about 20 minutes ago	9
is requesting we check	9
and it's going to	9
want any further police	9
middle of the roadway	9
female valid no one	9
14312 detroit apartment 1145	9
he said he's in	9
dispatch we're going to	9
5 can you run	9
name's going to be	9
arriving at lakewood hospital	9
10-7 12 i'm closer	9
going to add some	9
ahold of the owner	9
you pick up the	9
from here and i	9
here and i can	9
we knocked on the	9
on their way we'll	9
madison for a male	9
on the back door	9
lives in the building	9
to stay away from	9
stay away from each	9
away from each other	9
we're taking one to	9
i'll be clear in	9
can get him on	9
was gained id verified	9
medic 3 will handle	9
10-8 if you could	9
the pickup for a	9
here for a minute	9
24 i'll be with	9
it's an ongoing issue	9
thank you we'll be	9
going to be utl	9
out what's going on	9
on scene for a	9
rest of the night	9
as of right now	9
medic 3 we're going	9
they do not have	9
going to be going	9
if you go to	9
the registered owner is	9
check westbound on detroit	9
please check in front	9
there said there's a	9
said there's a vehicle	9
get it to you	9
a 16 year old	9
briefly detained in handcuffs	9
route to lakewood with	9
i will be in	9
advised of their options	9
checking on a vehicle	9
and i'll be clear	9
i have the registered	9
gonna be under arrest	9
to a female at	9
clifton i'll be out	9
i'll take that call	9
comes back to us	9
arrival there was no	9
and there's no answer	9
a code to get	9
can send it to	9
did you want me	9
can go thank you	9
a failure to appear	9
one is going to	9
the description of the	9
see if she can	9
i are going to	9
all set up there	9
left a voicemail for	9
24 we'll be 10-8	9
lake in front of	9
get the cad number	9
the american express platinum	9
you show me at	9
on a 24 hour	9
you able to assist	9
male under arrest for	9
i added my driver	9
and i'll head over	9
gonna remain on scene	9
that was in the	9
car 8 en route	9
i believe he said	9
the one that was	9
male said he was	9
said there's a group	9
i'm checking the area	9
complainant said there was	9
said that the female	9
with the resident at	9
10-7 if you could	9
black female date of	9
209 i'm all set	9
i added notes for	9
one of those cars	9
1 medic 1 in	9
the male in the	9
started we'll be 10-8	9
will be out investigating	9
over to fire ground	9
side of the parking	9
dl to the detail	9
across the street at	9
be in service party	9
and said that she	9
can you verify the	9
what's the name of	9
an 87 year old	9
old male having difficulty	9
at the front of	9
i get on the	9
205 are you all	9
i can't hear you	9
we'll be transporting shortly	9
old female suspended no	9
he said that she	9
for the stop is	9
out of the street	9
we're in the area	9
out at lakewood er	9
in just a second	9
can't get a hold	9
you put me at	9
a female in her	9
have a good one	9
1 we're en route	9
route to that call	9
be a little bit	9
to dispatch can you	9
16 i have a	9
have a male on	9
that's a match thank	9
guys could check the	9
could check the area	9
this is the same	9
i'll be out here	9
medic 3 to ennis	9
it appears to be	9
want that back or	9
that back or just	9
vehicle will be 10-8	9
for a 73 year	9
service call at 14401	9
she's all set i'll	9
that he was in	9
south of madison king	9
up we'll be 10-8	9
2 if you could	9
for a male having	9
we're gonna have to	9
did you get a	9
they said they have	9
if you need to	9
at the same time	9
to talk to her	9
on scene medic 2	9
we'll both be 10-8	9
yeah i'm all set	9
i'll get your plate	9
okay i'm going to	9
going to attempt to	9
a 21 year old	9
he'd like to speak	9
that vehicle is goa	9
she's bleeding from the	9
to the post office	9
12506 edgewater the lakeshore	9
you should be back	9
returning to the city	9
2 from dispatch are	9
off the phone with	9
13 i have a	9
11 will be 10	9
out and talk to	9
dispatch can you have	9
mva in the parking	9
that you gave me	9
gonna be waiting outside	9
detroit and west clifton	9
thank you if you	9
head over to lakewood	9
is trying to get	9
going to be robert	9
now i'm going to	9
they're going to call	9
that's parked too close	9
can you check westbound	9
been trying to get	9
contact with that male	9
fire alarm car 2's	9
are going to remain	9
en route to madison	9
male he's valid has	9
and she's going to	9
15 year old male	9
a couple of days	9
speak to you about	9
male in a wheelchair	9
if you can't find	9
asking people for money	9
will be out in	9
suspended valid permanent id	9
can show us on	9
two and a half	9
is going to have	9
you guys need anything	9
you all set at	9
you raise the stall	9
no dl to confiscate	9
to be on a	9
came out of the	9
if we have a	9
to pick up a	9
truck 1 is en	9
for the time being	9
medic 3 is transferring	9
in front of midas	9
wire down across the	9
dock fee due at	9
fee due at signing	9
10-8 and i'll have	9
to medic 1 respond	9
that lives in the	9
the welfare of the	9
to the high school	9
to stay in the	9
asking customers for money	9
i did not see	9
for a black female	9
there was no damage	9
female starting mileage is	9
go ahead and get	9
of clifton with king	9
of the vehicle is	9
right here i'll be	9
my starting mileage is	9
en route for the	9
he said he's going	9
out there's nothing showing	9
looks like it's a	9
in front of me	9
with 1 member of	9
to the side of	9
in a couple minutes	9
come up here and	9
be 19 with the	9
alarm showing front door	9
you guys have the	9
1 will be responding	9
3 to ennis court	9
what color is that	9
i'm 10-8 and i'm	9
at the door we'll	9
if you can put	9
was a group of	9
he has an active	9
going to wait for	9
be in service return	9
having some issues with	9
service medic 1 to	9
4 is en route	9
and see if it's	9
that vehicle was sighted	9
nothing showing from 3	9
showing from 3 sides	9
just sitting in the	9
to pick them up	9
that fell and hit	9
can i go to	9
the lakeshore towers 12506	9
want to go to	9
if you can open	9
you can open the	9
is all set i'm	9
3 will be responding	9
north side of clifton	9
bunts and lakewood heights	9
you can make me	9
okay if you could	9
with king henry adam	9
to the female complainant	9
me on the lunch	9
alarm company is calling	9
passed out in a	9
can you add it	9
add it for me	9
started i'll be 10-8	9
you could check for	9
going to hang out	9
here for a little	9
he's refusing to leave	9
from station 1 can	9
copy i have a	9
i'm clear from that	9
up there as well	9
she said there's a	9
a male passed out	9
male passed out in	9
we'll be checking on	9
with him right now	9
fell on the sidewalk	9
add that male to	9
vehicle pc for the	9
right next to the	9
a couple more minutes	9
going to be clearing	9
19 i have a	9
of the pickup when	9
should be there in	9
i'll be giving this	9
no deal to confiscate	9
cleveland 24 year old	9
medic 3 are you	9
just try to find	9
advised to call back	9
21 are you all	9
1 back in the	9
be under the influence	9
birth is going to	9
lives across the street	9
this is an accidental	9
she thought it was	9
he should be in	9
going to be riding	9
could head to the	9
back at the station	9
can you please check	9
for the last couple	9
could respond to the	9
respond to the lakewood	9
has not been able	9
you just make sure	9
use the back door	9
having some kind of	9
his first name is	9
not busy can you	9
19 to the back	9
out at the westerly	9
to get into her	9
too far from the	9
i have the vehicle	9
to figure it out	9
off to the side	9
send it to you	9
3 we're gonna be	9
has it we'll be	9
get out of bed	9
just got off the	9
the phone with him	9
if you can have	9
the male at the	9
a strong odor of	9
party call from a	9
be on the way	9
stand by with the	9
1 we're in service	9
male i had you	9
can i be at	9
medic 3 to o'neill	9
send that to me	9
dispatch medic 1 in	9
her on the phone	9
can you just let	9
i'll be checking for	9
has a vehicle i'll	9
plate for me please	9
up a little bit	9
is not in the	9
for a male who	9
said there is a	9
you meet a male	9
female having chest pain	9
can you print that	9
respond to the fedor	9
male by the name	9
out of cleveland at	9
for dci and released	9
show medic 1 en	9
medic 1 we're clear	9
too close to her	9
dispatch medic 3 engine	9
you guys still there	9
evaluated no need for	9
2007 18 year old	9
show medic 1 on	9
the vehicle was sighted	9
if you could change	9
if you can check	9
out with that female	9
you have a better	9
she said she didn't	9
dl to my car	9
just leave me on	9
you be able to	9
other cars can slow	9
was unable to give	9
engine 2 back in	9
can you get me	9
copy i'll be checking	9
she said there was	9
south of detroit king	9
speaking with a male	9
me to the lunch	9
2 if you can	9
he was on the	9
have there as well	9
all quiet in the	9
quiet in the area	9
you could just give	9
checked the area we	9
on the left side	9
205 we're going to	9
the way to the	9
check the parking lot	9
plate that's supposed to	9
the corner 18616 detroit	9
can you come back	9
i think i got	9
this male starting mileage	9
can i get on	9
need for transport at	9
for transport at this	9
to a valid driver	9
in the bus stop	9
and refusing to leave	9
you all set on	9
engine 2 for medic	9
know if we need	9
2 you can go	9
moved i'll be 10-8	9
parked in a parking	9
there's no damage to	9
and the male was	9
1 over to fairview	9
he's going to go	9
had you run is	9
back in service i	9
eastbound on madison from	9
one's out at lakewood	9
was involved in a	9
the complainant called back	9
she's going to pass	9
3 if you could	9
to the station to	9
we can get him	9
behalf of the registrar	9
if you can raise	9
can head up to	9
a report of a	9
mva no injuries 1	9
19 i copy detroit	9
to give us a	9
just let us know	9
14 you can disregard	9
can you add me	9
it if you could	9
through the parking lot	9
in a second it's	9
out with her in	9
i think i'll be	9
for a 68 year	9
medic 1 is clear	9
by for the tow	9
be with her in	9
with her in a	9
can you check by	9
get a number in	9
you want to head	9
and talk to him	9
gonna head to the	9
a large group of	9
year old male cleveland	9
medic 1 and 2	9
medic is back in	9
are going to go	9
out of the roadway	9
a black and white	9
back to normal response	9
from car 2 this	9
gonna try to get	9
a serial number for	9
19 i can get	9
all companies be advised	9
the serial number on	9
i tried calling the	9
start heading to that	9
it's coming from the	9
3 can you copy	9
for a 67 year	9
her to the premise	9
old male having a	9
can you call dispatch	9
i think it was	9
my work phone please	9
is not driving due	9
a plate out of	9
be in service from	9
a black male and	9
they were on the	9
and cars going to	9
that call as well	9
sounded like they were	9
there's a language barrier	9
3 is taking 1	9
might be in the	9
if you can confirm	9
if she has any	9
to be out in	9
that was on the	9
stand by while he	9
going to head back	9
hit her head and	9
19 can i get	9
en route to meet	9
id card only no	9
left a notice to	9
a notice to call	9
take 1 to lakewood	9
from the days inn	9
medic 1 is at	9
you can show both	9
can show both units	9
the upstairs for a	9
for a 37 year	9
is on scene 10-4	9
to o'neill healthcare 13900	9
mcdonald's 1430 west 117	9
meet a male in	9
respond to lakewood park	9
in the backyard of	9
the address of the	9
said that a white	9
ahead can you check	9
at the rock hall	9
they have a male	9
gave you the wrong	9
them to the premise	9
and brown never had	9
respond to o'neill healthcare	9
head up to the	9
hasn't heard from her	9
wearing a white t-shirt	9
to the animal shelter	9
b as in boy	9
check eastbound on detroit	9
go ahead spoke to	9
respond to madison park	9
beach parkway number 2	9
we have a large	9
we do have a	9
go ahead medic 1	9
thought it was suspicious	9
sale and clearance prices	9
and clearance prices exclusions	9
clearance prices exclusions apply	9
cars can slow down	9
from engine 2 we're	9
checked the area that	9
to emergency there was	9
emergency there was no	9
13315 detroit ennis court	9
i don't see anyone	9
and brown out of	9
medic 2 we're back	9
a 94 year old	9
78 year old female	9
there's nothing coming back	9
of franklin with john	9
primary on this call	9
welfare check on the	9
there's a black suv	9
notify the illuminating company	9
clifton cove apartments 12511	9
cove apartments 12511 clifton	9
2 we're gonna be	9
be speaking with a	9
a dark colored sedan	9
i'm gonna be en	9
10 7 at the	9
dispatch 3 is in	9
medic one's arriving at	9
20 9 you can	9
engine two's en route	9
11 you can just	9
gonna be a match	9
the other 1 is	9
male 6 foot 2	9
place is gonna be	9
and 2 20 5	9
could check-in the area	9
2 10 and 2	9
10 16 c on	9
medic 2 respond at	9
of birth is 04	9
that's gonna be the	9
29 that'll be all	9
a 10 16 c	9
17th just south of	9
3 take 1 to	9
20 9 can you	9
couple of 10 16	9
i'm gonna be stopping	9
dispatch 3 en route	9
gonna be transporting to	9
is gonna stand by	9
123 truck 1 respond	9
i'm gonna be at	9
old male down on	9
id card no 1	9
one's out at fairview	9
is gonna be 6	9
straight to voice mail	9
8 i'll be out	9
rebates expires 06 30	9
us a report number	8
can you have her	8
a 24 year old	8
she's going to come	8
just add him to	8
of cleveland shows a	8
over to the jail	8
right around the corner	8
going to get a	8
they don't have any	8
said he had a	8
and he would like	8
it's actually going to	8
me out in the	8
be 19 at the	8
you guys can go	8
out of the vehicles	8
yeah i got it	8
if there's an obt	8
out and moved the	8
2 do you have	8
make sure he's a	8
sure he's a qualified	8
quiet on arrival no	8
you add us to	8
female she said she	8
one patient to lakewood	8
2 we're going to	8
we'll be out on	8
get a phone number	8
of the owner of	8
i get a cat	8
we're transporting to fairview	8
medic 3 1346 cove	8
the vehicle and the	8
sure if it's the	8
attempts to pick up	8
be on his way	8
may i go on	8
the squad to fairview	8
can go i'm on	8
wearing a red hoodie	8
it looks like he's	8
you guys are all	8
this to the neighborhood	8
madison complainant said there's	8
it should be in	8
with king robert lincoln	8
want to speak with	8
you copy a plate	8
year old male 5'7	8
truck 1 is in	8
is in service from	8
1 medic 1's going	8
be in service no	8
change it to a	8
medical 1's en route	8
24 24 24 24	8
dispatch medic 1's transporting	8
i believe she said	8
check i'll be 10-8	8
can you copy another	8
arrived on scene and	8
can raise the stall	8
copy i'll be with	8
if they're going to	8
and is refusing to	8
he said he's not	8
that's refusing to leave	8
it sounds like she's	8
this should be a	8
to call us back	8
i'll head there for	8
13 is set i'll	8
is set i'll be	8
there we'll be 10-8	8
warren the kirtland house	8
units are going to	8
fairview with one member	8
with a male at	8
said he was going	8
can you find a	8
black male in the	8
okay it sounds like	8
and sent on his	8
you still at the	8
give me a minute	8
looks like they were	8
damage to the vehicle	8
1 is transporting fairview	8
back to the westerly	8
a little closer i'll	8
i copy 10-7 10-8	8
we dealt with him	8
a restraining order against	8
trying to get out	8
he's unable to get	8
old male on the	8
on the phone he's	8
plate in a minute	8
3 will be in	8
will be in route	8
there might be a	8
2 copies thank you	8
sent you a parking	8
send it to your	8
did you get that	8
2 can you send	8
in the area i	8
make sure everything's okay	8
to make sure that	8
down the street and	8
front of that address	8
sounds like it might	8
called back and advised	8
back and advised that	8
he said that his	8
copy from detroit and	8
he was supposed to	8
i'm not seeing any	8
29 can you get	8
get you someone else	8
should be en route	8
is expired no wants	8
call from a male	8
she said that her	8
male laying in the	8
year old male 6'3	8
thank you you can	8
her first name is	8
first name is going	8
trying to find her	8
they were both advised	8
a 911 hang up	8
911 hang up call	8
hit by a vehicle	8
check and make sure	8
you guys check the	8
2001 24 year old	8
was a false alarm	8
party call from the	8
from station 3 medic	8
on the way there	8
2000 25 year old	8
i'm closer i can	8
mag 3 mag 3's	8
we have officers en	8
be following the squad	8
a squad for a	8
year old female 5'2	8
make contact with him	8
i'm working on it	8
a 53 year old	8
an alarm going off	8
alarm going off at	8
make contact with them	8
and is bleeding from	8
is bleeding from the	8
bleeding from the face	8
went on his way	8
can just add that	8
not sure if the	8
out of the ordinary	8
can find a phone	8
you still all set	8
clear from here and	8
i'm trying to make	8
i can give you	8
i spoke with that	8
their way we'll be	8
we spoke with both	8
report number for damage	8
the northeast corner of	8
i couldn't copy you	8
phone number for him	8
back to my car	8
you don't have to	8
can you check near	8
3 medic 3 respond	8
find an obt please	8
en route from clifton	8
2's arriving at fairview	8
26 i'm all set	8
29 he's all set	8
we're checking the area	8
i'll be 10-8 for	8
26 i'll be out	8
be 10-8 if you	8
10-4 you can go	8
i'll get you up	8
24 i'm with him	8
19 with that female	8
a car alarm going	8
sure if it was	8
15 are you guys	8
be going to the	8
we're all set we're	8
to make sure the	8
he's not feeling well	8
1's out at the	8
out of the parking	8
and she's unable to	8
for a white vehicle	8
2 is all set	8
can we get another	8
1 respond to 14312	8
to see if the	8
she does not have	8
after the light on	8
he locked himself out	8
female said there's a	8
i'll get it to	8
please start heading to	8
be clear here in	8
of the lake house	8
said the male is	8
no longer in the	8
not sure if there's	8
that we'll be 10-8	8
13 are you guys	8
no answer on call	8
me to try to	8
you can go thank	8
ds for my driver	8
and he does not	8
13 i'll get him	8
we're going to start	8
of car was it	8
you call the caller	8
all going to be	8
having an allergic reaction	8
it sounds like they	8
i have a phone	8
wants to make a	8
i'm 10-8 from the	8
you meet a female	8
a female in front	8
is going to take	8
going to take a	8
a felony warrant out	8
another one out of	8
is going to transport	8
21 can you head	8
manor park for a	8
service we can take	8
to be out on	8
the back of a	8
by while she attempts	8
24 25 25 25	8
mckinley car 2 engine	8
if you could come	8
just east of 117th	8
phone number for her	8
looks like we've been	8
i don't see anybody	8
a traffic stop on	8
north of detroit john	8
i need another car	8
ahead and confirm that	8
sounds like it was	8
giving this female a	8
with king john king	8
it's been parked for	8
2 car 2 respond	8
1 medic 3 truck	8
that fell on the	8
i'm going to need	8
i don't know why	8
check started we'll be	8
has been parked for	8
a male called said	8
may be having a	8
car 2 car 2	8
no signs of impairment	8
added i'll be 10-8	8
i'm just waiting for	8
year old female 5'1	8
are you set there	8
possibly having a stroke	8
i got a call	8
do you need to	8
back in service there's	8
get on the list	8
all quiet on arrival	8
84 year old male	8
that it was a	8
we don't have anything	8
you go on the	8
to be checked out	8
is a mental health	8
her we'll be 10-8	8
okay he was advised	8
going to be slow	8
to be slow to	8
black and brown not	8
you try to locate	8
if you could print	8
able to get him	8
dispatch medic 4 is	8
we're all set thank	8
gas in the area	8
car 2's in the	8
211 you can disregard	8
the one on the	8
just check the area	8
to the 12 000	8
give me the address	8
you said you were	8
and he said that	8
said she's in the	8
in the back door	8
need it back if	8
i'll be at lunch	8
22 i'm all set	8
has a vehicle we'll	8
a vehicle we'll be	8
i've got a 10-16	8
going to be taking	8
arrival we spoke with	8
at mckinley for a	8
patient refused treatment and	8
you'll be able to	8
a male sleeping in	8
dispatch medic 2's going	8
here i can take	8
3 copies we'll be	8
keys in her vehicle	8
in service entry was	8
to stay with the	8
it sounds like he's	8
driver was not driving	8
just give me the	8
27 i'm going to	8
going to have this	8
i'll be trying to	8
i'm still trying to	8
they don't have a	8
hospital we'll be 10-8	8
brown and brown not	8
anything we'll be 10-8	8
edgewater the lake house	8
3 is also going	8
2 will be responding	8
to be my driver	8
you guys start heading	8
me a favor and	8
3 are in service	8
said he was walking	8
a large tree branch	8
she said she had	8
and causing a disturbance	8
causing a disturbance and	8
i don't know the	8
just got home and	8
and i can take	8
take that for a	8
i just have the	8
3 respond to 1346	8
respond to 1346 cove	8
cad we'll be 10-8	8
that's parked on the	8
he has any weapons	8
male in a gray	8
head to lakewood park	8
you want another car	8
hazel she's valid no	8
and west clifton with	8
5 i'll be out	8
11 i'll be off	8
seems to be a	8
vehicle parked too close	8
add that to the	8
stand by for a	8
i'm out at the	8
that for me please	8
speak to a complainant	8
you try and locate	8
said it's been there	8
1's out at fairview	8
a 19 for equipment	8
she's a mental health	8
the trespass file for	8
fire alarm showing zone	8
make sure you have	8
if you could speak	8
to the station and	8
parking lot with a	8
of detroit with john	8
me en route to	8
take that call in	8
200 black and brown	8
10 are you all	8
with king frank edward	8
lakewood cars i sent	8
is going to handle	8
walked out of the	8
wearing a blue jacket	8
and see if the	8
i'm not finding anything	8
you head up to	8
armed and dangerous and	8
companies engine 3 respond	8
on scene medic 3	8
old male he's out	8
in front of this	8
221 24 i'm closer	8
of the house and	8
an 81 year old	8
advised them of the	8
can show us 10-8	8
needs assistance getting up	8
of the street i	8
there's a strong odor	8
cautions armed and dangerous	8
you can issue me	8
as soon as you	8
from medic 3 this	8
city center parking lot	8
1 respond to westerly	8
some notes if you	8
for a female with	8
16 are you guys	8
they haven't been able	8
checked okay we'll be	8
22 i have a	8
might be having a	8
you can slow it	8
to see if she	8
thank you medic 3	8
alarm is going off	8
19 i'll be 10-8	8
when you guys are	8
on arrival there was	8
the envoy 11811 lake	8
nothing showing on 3	8
3 sides we'll be	8
back we'll be 10-8	8
10-4 can you give	8
are in service and	8
right now we'll be	8
of the vin on	8
could send me the	8
i get the description	8
with this male to	8
did you guys copy	8
i can see him	8
the alarm company said	8
not sure if he	8
a few more minutes	8
he said it's a	8
19 we'll be 10-8	8
first one's out of	8
be 19 with them	8
with a female that	8
want to try to	8
with john sam zebra	8
there was a group	8
him in front of	8
registered owner of that	8
under arrest for ovi	8
2 copy back in	8
3 medic 3 in	8
scene this is a	8
1 medic 1 on	8
able to get her	8
can take that parking	8
take that parking complaint	8
the lobby of the	8
edgewater in the lobby	8
to the winton place	8
dispatch station 1 copies	8
drugs and drug paraphernalia	8
wearing a pink shirt	8
going to stay on	8
on scene can you	8
2 engine 2 in	8
we're still trying to	8
is a false alarm	8
her apartment door is	8
try and find a	8
that he has a	8
we do not see	8
medic 3 12400 madison	8
the fedor manor apartment	8
out of the driveway	8
car 4 is en	8
clifton and hurd with	8
him to leave and	8
if you can copy	8
it for me please	8
vehicle parked in a	8
in the front door	8
ina building 14701 detroit	8
1 and 2 and	8
and 2 and truck	8
a little bit longer	8
command all companies switch	8
cleveland 33 year old	8
19 we'll be out	8
a verbal argument over	8
there's a vehicle blocking	8
you if you could	8
can disregard the tone	8
medic 1 copies medic	8
out at the west	8
you start a tow	8
i didn't get it	8
you an address in	8
an address in a	8
probably going to need	8
was involved in an	8
can you just make	8
engine 3 are back	8
make sure we have	8
for an 80 year	8
route to fairview er	8
79 year old male	8
out of the west	8
on the way out	8
back in service copy	8
in service party was	8
stopped in front of	8
transporting this male to	8
she was supposed to	8
to be 19 to	8
can show medic 2	8
back en route to	8
for contempt of court	8
that male he checks	8
we made contact with	8
don't worry about it	8
to be heading to	8
19 name and date	8
i'll be on a	8
medic 3 we're taking	8
of birth is going	8
that male is just	8
male is a consumer	8
that vehicle break for	8
10-4 16 you can	8
do we need anything	8
if you don't mind	8
be en route for	8
coming back to a	8
she hit her head	8
14 can you get	8
on scene i'll be	8
out of avon lake	8
3 we're transporting to	8
72 can you copy	8
check started i'll be	8
times there's no answer	8
you make me primary	8
this is an ongoing	8
there in just a	8
to appear for traffic	8
been parked there for	8
to speak with a	8
they got into a	8
walking in the middle	8
walking down the street	8
able to get to	8
he's going to move	8
going to move it	8
just in case you	8
she would like him	8
would like him to	8
down to let you	8
me know when that	8
front door is open	8
attention car 2 engine	8
engine 3 and truck	8
2 would you like	8
en route to lake	8
the front door is	8
get another car to	8
the vehicle to the	8
west clifton for a	8
for a smoke alarm	8
and time for information	8
up here in a	8
for a disabled vehicle	8
2 copies back in	8
the plate to the	8
there to check on	8
parked in the lot	8
a photo of the	8
the phone with a	8
got off the phone	8
you make us primary	8
a 56 year old	8
valid has a valid	8
10-8 i can head	8
a picture of the	8
in that parking lot	8
the downstairs for a	8
a 42 year old	8
thank you this is	8
he's bleeding from the	8
you have a phone	8
medic 1 we're in	8
she has a history	8
i'll be 10-8 i'm	8
have a squad come	8
said she has a	8
the past few days	8
do you want it	8
to get on the	8
you just let me	8
2 from station 1	8
that we're going to	8
completely blocking the driveway	8
medic 1 medic 4	8
want to give me	8
general fire alarm showing	8
there's a black female	8
and i'll be 19	8
it's not on file	8
plate's not coming back	8
19 for a pickup	8
left prior to arrival	8
could just add him	8
to break into the	8
registered owner of the	8
with a female starting	8
you can get a	8
can you do a	8
medic 2 in service	8
be 10-8 i'll have	8
22 are you guys	8
in front of walgreens	8
can come up here	8
report number for property	8
male in the lobby	8
scene at the westerly	8
date of birth when	8
to be a squad	8
can you call my	8
been having problems with	8
said they were in	8
you can disregard i	8
that male is going	8
90 year old female	8
the post office john	8
heavy front end damage	8
adam last name is	8
does he have a	8
back in service car	8
where are you guys	8
don't know if i	8
if you could let	8
customer has a vehicle	8
wanted us to check	8
that male he was	8
medic 3 patient was	8
take that for 18	8
was back to a	8
listing come back to	8
female having a seizure	8
he said he saw	8
a message with the	8
year old female named	8
out of the westerly	8
cleveland it's on a	8
can you create a	8
2 will remain on	8
add to the detail	8
to have a traffic	8
are you guys in	8
to get him to	8
out of his car	8
smith out of cleveland	8
not answering the door	8
and break for a	8
had a note and	8
1 you can show	8
they're going to have	8
in a parking zone	8
to the detail i	8
and send it to	8
to be coming in	8
medic 1 from car	8
i copy medic 2	8
with this male starting	8
2 copies we'll be	8
she feels like she's	8
like she's going to	8
edgewater the lakeshore towers	8
to the jail please	8
released to a valid	8
going to head up	8
and franklin i'll be	8
and i don't know	8
truck 1 i copy	8
truck 1 are back	8
to be on it	8
for a co detector	8
you added to the	8
need me to go	8
i can have that	8
to speak to him	8
going straight to voicemail	8
transport 1 over to	8
we don't see any	8
just going to go	8
to confirm you said	8
i'm going to make	8
i'll be 19 at	8
if there's a phone	8
is on scene we'll	8
parking lot with john	8
14 can i have	8
i'll head over there	8
on the street and	8
is arriving on scene	8
7 i can take	8
said that the male	8
member of lpd on	8
of lpd on board	8
get the report number	8
central companies medic 2	8
with john victor charlie	8
be out there in	8
on the 5th floor	8
don't know if the	8
i can head up	8
that female she checks	8
female she checks okay	8
do you need us	8
valid id card and	8
i just got off	8
companies truck 1 respond	8
1 are on scene	8
male and female are	8
engine 3 is returning	8
for a 64 year	8
is on his way	8
your work phone on	8
work phone on you	8
of the high school	8
male suspended valid id	8
wearing a black and	8
if they have a	8
side of the bridge	8
car 8 if you	8
8 if you could	8
a 52 year old	8
could you 19 to	8
you go back to	8
to let you in	8
the male and female	8
don't see anything on	8
i can take it	8
on the right side	8
of the car and	8
and i can go	8
advised that there's a	8
a couple calls about	8
from the stop and	8
is gonna be coming	8
the address for the	8
you might want to	8
valid temp permit no	8
want me to put	8
was unable to find	8
to be 10-8 with	8
they were advised we're	8
just spoke to the	8
due to emergency there's	8
to emergency there's no	8
for a 36 year	8
you back in service	8
be 10-8 i'm going	8
he was advised and	8
vehicle if you could	8
license to confiscate and	8
85 year old male	8
don't have a date	8
stay with the tow	8
of natural gas in	8
yeah if you could	8
back with that name	8
copies engine 2 medic	8
the list please you	8
is no answer at	8
i'll give you the	8
heading to the area	8
there are no wires	8
are no wires down	8
for a medical alarm	8
11 can you copy	8
for a 78 year	8
a 78 year old	8
out in the parking	8
so there was a	8
call the alarm company	8
en route from detroit	8
failure to reinstate no	8
driver is not driving	8
run a plate out	8
medic 1 14306 detroit	8
a 4 year old	8
a black male black	8
that they have a	8
a couple weeks ago	8
is out with the	8
a couple of cars	8
to get checked out	8
be in the stall	8
back to his apartment	8
from engine 2 engine	8
11 we're all set	8
an officer about a	8
middle of the intersection	8
from the post office	8
the mckinley on ramp	8
detroit for a white	8
the caller was advised	8
i can go ahead	8
a female to metro	8
lives in apartment number	8
be in pursuit of	8
go ahead do you	8
said that a black	8
he'll be waiting in	8
between clifton and lake	8
you can show all	8
it's parked in the	8
said he was just	8
to see if he	8
203 i'll be on	8
wearing a gray shirt	8
wearing a red shirt	8
they said he was	8
stand by on the	8
that was to a	8
14306 detroit to westerly	8
the location of the	8
leave me on this	8
nothing's coming back with	8
of the eviction process	8
in the dining room	8
a 44 year old	8
medic 2 for medic	8
companies engine 3 and	8
out at the days	8
go ahead 117th and	8
in the lobby she	8
no wants copy thank	8
wants copy thank you	8
you can hear a	8
she checks okay she	8
an officer about her	8
have a ds for	8
go ahead i didn't	8
you get me to	8
19 i copy from	8
the downstairs medic 1	8
medic 2 to handle	8
get a description of	8
go ahead you can	8
go ahead this was	8
go ahead there was	8
number 1 medic 1	8
cars respond code 3	8
working in front of	8
all occupants are out	8
12 can you get	8
11839 clifton the executive	8
the jail medic 3	8
22 are you all	8
go ahead i checked	8
go ahead we spoke	8
our lowest prices of	8
lowest prices of the	8
prices of the summer	8
respond to the clifton	8
a group of juveniles	8
73 can you copy	8
put us out on	8
the female that lives	8
that female was advised	8
speaking with a female	8
brown not valid no	8
in the area i'll	8
the glen cove apartments	8
truck 1 are in	8
attention all companies truck	8
the 19 to the	8
under arrest for felony	8
dl is not valid	8
in service engine 2	8
2 from dispatch go	8
a black shirt and	8
2 and 3 in	8
and 3 in truck	8
1342 beach parkway number	8
2 truck 1 medic	8
at the door and	8
male refusing to leave	8
spoke with a complainant	8
medic 2 from engine	8
and said he was	8
no driver's license to	8
driver's license to confiscate	8
117 south of berea	8
burger king 11790 madison	8
you could just go	8
federal credit union our	8
credit union our members	8
union our members are	8
our members are the	8
members are the mission	8
i get the color	8
for the same thing	8
want me to come	8
14312 detroit apartment 1446	8
trying to get back	8
2 medic 2 and	8
you send me back	8
be 19 with us	8
dispatch medic 1 back	8
can you start that	8
truck park 16900 detroit	8
advise and release for	8
i didn't see anyone	8
he appears to be	8
time of the call	8
that's parked in the	8
i'm gonna head over	8
medic 3 is now	8
en route with traffic	8
to get ready for	8
the area of lakewood	8
a quiet place of	8
quiet place of day	8
place of day one	8
she is a 47	8
is a 47 year	8
year old female he	8
old female he believes	8
female he believes that	8
he believes that she	8
believes that she drives	8
that she drives a	8
she drives a 2014	8
drives a 2014 toyota	8
so there's a group	8
no lights no sirens	8
1570 ridgewood apartment 1	8
if you could notify	8
you stop back in	8
you start a 24	8
back out on radar	8
i'm gonna be on	8
7 i'll be out	8
bus stop in front	8
gonna be in a	8
2 and a half	8
two's en route to	8
20 2 and 2	8
a 10 16 out	8
in the city 10	8
dispatch medic 2 0	8
gonna be a white	8
we're gonna be 10	8
20 i didn't know	8
medic one's transporting to	8
2 0 2 traffic	8
set we'll be 10	8
if you wanna go	8
truck 1 we're gonna	8
0 3 and 2	8
old male 5 11	8
220 i didn't know	8
1 of those cars	8
10 8 and can	8
8 and i'll be	8
i'll be 10 a	8
date of birth 04	8
detroit it's gonna be	8
when you can call	8
of birth is 05	8
2 and 3 and	8
and 3 and truck	8
19 for 1 pickup	8
it'll be 10 8	8
west 1 17th in	8
dispatch 3 is out	8
if you wanna give	8
gonna be responding to	8
the first 1 is	8
one's gonna be a	8
is gonna be responding	8
truck 1 is gonna	8
gonna be able to	8
you give me 21	8
male is gonna be	8
is that a lakewood	8
and it's gonna be	8
12400 madison apartment 314	8
1 17th just south	8
d as in david	8
give her a callback	8
medic two's out of	8
detroit and saint charles	8
it's probably gonna be	8
gonna be slow to	8
gonna stay with the	8
of 1 of the	8
2 i can get	8
a couple of 10	8
2 14 and 2	8
one's gonna be in	8
service call at 14760	8
let's drive with a	8
vehicle must finance with	8
must finance with dealer	8
for a 32 year	7
a 26 year old	7
is anyone able to	7
i'm out with a	7
be 10-8 can you	7
williams out of cleveland	7
number when you're ready	7
the plate that should	7
out of the pick-up	7
be out with an	7
jail with this male	7
please show me out	7
10-4 thank you i'll	7
we had you run	7
going to be with	7
you start kufner's for	7
i'll let them know	7
copy i'll be 10-8	7
what's the address for	7
see if he's got	7
out of cleveland so	7
assistance we'll be 10-8	7
lincoln date of birth	7
we're clear from the	7
we were just there	7
you guys have a	7
and 29 will be	7
have their code 3	7
i have no idea	7
don't know if anyone	7
but it's going to	7
82 year old male	7
fell out of bed	7
11 can i have	7
the vin for the	7
thank you that's a	7
you that's a match	7
10-7 on the stall	7
91 year old female	7
medic 1's on the	7
she doesn't have any	7
call the caller back	7
the caller back and	7
out with them in	7
dispatch medic 1 out	7
add us to the	7
an odor of natural	7
can take that from	7
just south of hilliard	7
10-4 can you see	7
get a cat number	7
to the animal warden	7
was able to locate	7
be all set with	7
they were advised we'll	7
were advised we'll be	7
from out of state	7
in an attempt to	7
her medical alert button	7
we're about to clear	7
in pursuit of a	7
he was last seen	7
with the squad to	7
got a 911 call	7
see you at the	7
that's not going to	7
saying that he was	7
he was at the	7
she'll be waiting in	7
guys are all set	7
the building we'll be	7
you need any assistance	7
we're in the stall	7
stall if you can	7
ennis court assisted living	7
court assisted living 13315	7
assisted living 13315 detroit	7
living 13315 detroit room	7
2 can you start	7
meet a male at	7
can i have your	7
just change it to	7
male said he fell	7
dispatch medical 1's en	7
i cut you off	7
call back if anything	7
you check the light	7
you check eastbound on	7
copies car 2 is	7
was an accidental alarm	7
medic 3 front of	7
wants to make sure	7
and the male is	7
i get that back	7
get that back please	7
owner of the truck	7
with 1 of the	7
kirtland house 1480 warren	7
1480 warren the kirtland	7
17 i'll be turning	7
they're all set we'll	7
with a separate for	7
male in the store	7
be out of it	7
i don't need those	7
the nature of this	7
nature of this call	7
and you can just	7
there doesn't appear to	7
police involvement at this	7
involvement at this time	7
you please try to	7
you have a chance	7
being flagged down by	7
like us to respond	7
1 medic 1 to	7
i have to call	7
29 can you add	7
can you add us	7
heard what sounded like	7
i copy and i'll	7
copy and i'll be	7
be out with 15	7
you the plate in	7
on the front door	7
to the hospital to	7
from engine 3 we're	7
to the fire ground	7
year old female they	7
for an unknown reason	7
going to be henry	7
out with the vehicle	7
smoke coming from the	7
3 are on scene	7
you tell me the	7
car 6 and car	7
now we're going to	7
and then i'll be	7
think it might be	7
start a hook for	7
if we need to	7
be giving him a	7
courtesy ride to the	7
you head over to	7
like we were there	7
i didn't see it	7
report number is going	7
card is expired no	7
1 to lakewood er	7
respond to around the	7
a message for the	7
there's a male laying	7
a male laying in	7
so they can get	7
and 5 you can	7
going to call her	7
2 can you have	7
service returning medic 3	7
will be transporting shortly	7
the vehicle we're 10-8	7
head back over to	7
you send me that	7
brown green valid no	7
i'm going to do	7
you check at the	7
tried to call her	7
guys check the area	7
now trying to get	7
have an apartment number	7
trying to get her	7
to get her to	7
i copy i'm going	7
she said she did	7
it was a false	7
shore towers 12506 edgewater	7
12506 edgewater number 703	7
on arrival we'll be	7
it's not going to	7
10-4 21 you can	7
we're talking to the	7
a male wearing a	7
can you head over	7
we'll be speaking with	7
and needs to go	7
copy from the report	7
franklin just east of	7
want us to respond	7
at warren and madison	7
a high heart rate	7
i'm out of the	7
to try to find	7
medic 2 this is	7
13 i'm out with	7
of berea with king	7
and i'll let you	7
you call me please	7
and i added notes	7
an issue with the	7
answer to the door	7
she's conscious and breathing	7
of birth for me	7
copy if you could	7
set we'll be transporting	7
en route could you	7
medic 1's are out	7
no damage to the	7
for a burglar alarm	7
are you still all	7
you have a description	7
with the other half	7
number for damage to	7
203 may i be	7
no wants and he	7
the public service call	7
try and get a	7
don't know if that's	7
is going to come	7
medical 1 is en	7
just letting you know	7
i'm speaking with the	7
be out with george	7
with the male in	7
respond to clifton and	7
i'll go to the	7
years old he's valid	7
15 can you start	7
spread some absorbent on	7
just trying to get	7
2 copies we're en	7
route from clifton and	7
all right thank you	7
he's been there for	7
we're on the back	7
you call the complainant	7
at the door we	7
if i need a	7
i need a car	7
checking on a car	7
and madison i'll be	7
think it's going to	7
one of them is	7
been advised car 2's	7
be utl we'll be	7
trying to find the	7
i think there's a	7
cleveland 25 year old	7
can you run john	7
18 i'll be out	7
to be going to	7
205 are you guys	7
you confirm the plate	7
get the last six	7
10-4 can you copy	7
are on their way	7
don't need a fax	7
to find the phone	7
on her way out	7
cars will be out	7
try to call the	7
the vehicle was cited	7
and the driveway is	7
be doing follow-up on	7
that male on the	7
parked in the back	7
want to stand by	7
change this to a	7
some notes and i'll	7
id's valid no wants	7
of the building she	7
and there was a	7
i'm at the station	7
she should be in	7
a separate and i'll	7
i'm 10-7 on the	7
10-4 5 you can	7
to be for an	7
plate should be king	7
can get that for	7
number to my car	7
this male to the	7
thank you can you	7
want me to try	7
tendencies known to abuse	7
in for felony drugs	7
stolen out of cleveland	7
i'm not able to	7
in the area there's	7
we're all going to	7
and i'll be in	7
male having chest pain	7
the male he said	7
i get the cad	7
be clear from the	7
show me at the	7
the male is not	7
don't know if we	7
warrant out of county	7
him on his way	7
said one of the	7
one of the employees	7
we'll be in route	7
you just send me	7
was detained in handcuffs	7
my driver can you	7
can i transfer him	7
3 we're in service	7
requesting mutual aid for	7
stall door and advise	7
on scene car 2	7
25 24 25 25	7
i'm going to transfer	7
1 car 8 en	7
vehicle should be a	7
send me a tow	7
are you clear from	7
to crestmont north 13330	7
he has a couple	7
where you can copy	7
in service returning car	7
going to be doing	7
i'm sorry what's the	7
15 i'm going to	7
see what i can	7
take that for 22	7
he does have an	7
out of cleveland 18	7
cleveland 18 year old	7
by in the back	7
the lake house 11850	7
lake house 11850 edgewater	7
this is the male	7
like it was a	7
for a warm pickup	7
can take care of	7
to send you a	7
to make sure i	7
said it's been parked	7
vehicle has been moved	7
i'm pulling up to	7
3 to the fedor	7
take that for 21	7
going to need you	7
2 medic 2's in	7
oh i see the	7
no one's closer could	7
one's closer could you	7
for a panic alarm	7
with king john nora	7
13 i can get	7
male called said his	7
is not feeling well	7
10-4 24 you can	7
south of madison john	7
the west shore apartments	7
returning medic 1 will	7
can give her a	7
a call back and	7
in service there's no	7
they do have a	7
have a protection order	7
front of the bar	7
place 12700 lake apartment	7
3 from dispatch are	7
female suspended no wants	7
that she was going	7
the red light at	7
kind of car is	7
10-8 from the jail	7
gunshots in the area	7
is there any history	7
obt for the owner	7
be at the car	7
ahead can you put	7
to take that call	7
of the street for	7
the street for a	7
with king ida x-ray	7
should be for a	7
10-8 we're going to	7
print that out for	7
in service truck 1	7
has the vehicle we'll	7
temporarily out of service	7
out of service on	7
i'm 10-8 i can	7
left we'll be 10-8	7
from station 1 medic	7
medic 1 we're on	7
the northwest corner of	7
they should be on	7
there for a while	7
yeah if you want	7
i'll try to find	7
unable to locate a	7
12 000 edgewater apartment	7
brown he's suspended no	7
and then can you	7
to get in touch	7
get in touch with	7
i do not need	7
i'll be with the	7
a 10 year old	7
if you would like	7
if you can run	7
head over there and	7
call at 14401 detroit	7
detroit in the lobby	7
it back if you	7
i'll be with king	7
last name henry ocean	7
be out with two	7
88 year old male	7
cleveland 35 year old	7
advised to keep it	7
employee said there's a	7
they would like him	7
arrested for criminal trespass	7
with john young x-ray	7
in service returning patient	7
thoughts of harming himself	7
the fedor manor 12400	7
you want to have	7
see what they want	7
looks like we have	7
not feeling well and	7
to gain entry into	7
were able to gain	7
station wagon plates expiring	7
them should be a	7
2 medic 2 copy	7
2 do you want	7
21 can you give	7
go ahead engine 3	7
checking on a male	7
medic 2 copies medic	7
do you want them	7
south side of detroit	7
to do a welfare	7
all the doors are	7
and the owner of	7
in the area over	7
know when you're ready	7
was able to find	7
i'm coming i'm coming	7
contact with the resident	7
service entry was gained	7
i'm 10-7 if you	7
so i can get	7
checked okay we're 10-8	7
she appears to be	7
on our way back	7
all set for now	7
that call at the	7
the reason for the	7
copy i'll be in	7
out front of the	7
on arrival i spoke	7
st charles and franklin	7
3's out at the	7
engine 3 we're going	7
engine 2 copies engine	7
engine 3's back in	7
11 i'll be outside	7
3 medic 2 truck	7
to respond to that	7
medic 2 we're all	7
at this time medic	7
companies engine 2 is	7
the waterford 12500 edgewater	7
black and brown failure	7
brown she has a	7
11 i copy warren	7
service medic 3 will	7
to stand by for	7
i'll be stopping at	7
for a 39 year	7
apartment 1 medic 3	7
it's probably going to	7
engine 2 are going	7
going to be there	7
and requesting a squad	7
she's gonna be waiting	7
the parking lot the	7
the other male is	7
not sure where the	7
going to be stopping	7
just check and see	7
if he's a qualified	7
west clifton with king	7
he checks okay he	7
i can get the	7
out of north olmsted	7
8 year old female	7
you can head to	7
you if you can	7
with that male for	7
out i'm out i'm	7
blocked in the driveway	7
female locked out of	7
i'll be out and	7
first one's going to	7
car 2 this is	7
has one out of	7
a squad for this	7
to attempt to make	7
are you available to	7
27 i'll be out	7
kufner has it 10-8	7
and i'll be checking	7
in a few days	7
for a female in	7
alarm car 2's en	7
command switching to fire	7
3 car 2 are	7
just to be advised	7
i can call her	7
can get him clifton	7
you could speak with	7
call back if they	7
be clearing in a	7
show me en route	7
2's en route from	7
i get that listing	7
there's a verbal argument	7
i covered a car	7
be out with 29	7
the pickup radius on	7
do you copy that	7
going to be transported	7
and i'll be on	7
close to the drive	7
be knocking on the	7
you can actually disregard	7
black male in a	7
12 i'll be checking	7
manager said there's a	7
he was advised on	7
female wearing a black	7
and the last name	7
truck 1 engine 2	7
he doesn't have a	7
he's out of the	7
a 10-16c out of	7
could you see if	7
the front desk called	7
for an 81 year	7
year old male they	7
check on the female	7
them of the complaint	7
that was parked in	7
was parked in front	7
he fell in the	7
of hilliard with king	7
yelling and screaming at	7
want to come back	7
was a white female	7
i'm clear from here	7
set here i'm 10-8	7
can issue me a	7
3 is transferring to	7
is transferring to lakewood	7
medic 2 can disregard	7
a wire down across	7
want to make a	7
medic 1 on the	7
the last few days	7
be on a 2015	7
she might be having	7
dispatch medic 1 on	7
what did you say	7
no injuries one should	7
injuries one should be	7
see if you have	7
i'm sorry can i	7
you need me anywhere	7
for a medical alert	7
in contact with him	7
your report number please	7
a little bit closer	7
8 you can disregard	7
we have a female	7
route with that female	7
with this mail for	7
2 he's all set	7
showing on 3 sides	7
parking lot i'll be	7
see if they want	7
driver of the vehicle	7
the description one more	7
you check around the	7
i'm sorry i don't	7
if you got it	7
him in a moment	7
old male having trouble	7
was the last number	7
residential there's nothing showing	7
you confirm no issues	7
officers are out with	7
are out with a	7
the parking lot i'm	7
dropped off at the	7
out for me please	7
to the executive house	7
male he said he	7
to come up here	7
cleveland 31 year old	7
be checking for that	7
i couldn't copy your	7
copy engine 3 is	7
1 and medic 2	7
can respond to the	7
you can stay in	7
can stay in service	7
of the building in	7
be transporting to lakewood	7
valid no wants she	7
3 year old female	7
1 copies medic 1's	7
for a phone number	7
with this female for	7
can get them on	7
with the owner she's	7
other one is a	7
12506 edgewater apartment number	7
you get on scene	7
going with the squad	7
dispatch medic 3 taking	7
in service car 2	7
the hospital for a	7
out this is a	7
he was in a	7
they were able to	7
apartment door is locked	7
mike 3's on scene	7
on the roof of	7
just talked to the	7
is in service and	7
to shut it off	7
24 is all set	7
guys head to the	7
he hung up on	7
hit her head she's	7
3 12400 madison the	7
out to investigate all	7
said it was accidental	7
that's the sound of	7
to the detail if	7
can you send engine	7
you send engine 3	7
26 27 28 29	7
27 28 29 30	7
28 29 30 31	7
29 30 31 32	7
30 31 32 33	7
31 32 33 34	7
32 33 34 35	7
33 34 35 36	7
34 35 36 37	7
35 36 37 38	7
to leave and he	7
she's going to get	7
a bunch of items	7
transporting a male lakewood	7
a male lakewood er	7
if you could stand	7
you could stand by	7
can give us a	7
can you check a	7
put it in the	7
it in the detail	7
and is unable to	7
that fell and needs	7
let us know when	7
out here for a	7
at the booking window	7
the parking lot to	7
to the ina building	7
three sides we'll be	7
for a 79 year	7
to be waiting in	7
male laying on the	7
was in the back	7
is that a fair	7
that a fair view	7
he does not want	7
when you get there	7
a fire alarm car	7
and medic 4 are	7
all back in service	7
19 are you all	7
she's on the phone	7
car in front of	7
station 1 you can	7
out of the front	7
having pain in her	7
pain in her left	7
be on it is	7
and talk to the	7
central companies car 2	7
has that vehicle we're	7
start a tow for	7
we'll try to get	7
be on the south	7
can you advise the	7
respond to signature health	7
to be transporting one	7
you run a cch	7
to appear on a	7
it's a third party	7
companies are responding to	7
out switching to fire	7
you add that male	7
respond to 14306 detroit	7
engine 2 will respond	7
i have the owner	7
to the complainant he	7
was parked in the	7
the area of bunts	7
can make me primary	7
3 respond to 12405	7
open the stall and	7
that vehicle was moved	7
to come out of	7
heard in the tracks	7
meet a female at	7
copy can you run	7
24 are you guys	7
to pick up that	7
you respond to a	7
get a cad number	7
the property room for	7
15 can you copy	7
can't get into the	7
3 we're taking one	7
to respond as well	7
going to handle the	7
could just change the	7
engine 2 is also	7
2 is taking one	7
keys in his vehicle	7
was in the store	7
with him on the	7
did you say it	7
is an accidental alarm	7
able to speak with	7
has that vehicle break	7
kufner's has it 10-8	7
at 24 hour on	7
to our arrival we	7
a 7 year old	7
old male valid id	7
did not want to	7
history of heart problems	7
can you please put	7
please put me out	7
the plate on that	7
that i had you	7
i don't need to	7
copy 29 you can	7
male appears to be	7
she needs to go	7
welfare of a female	7
tried a couple times	7
i copy i'm gonna	7
22 i'll be checking	7
we are back in	7
the front counter please	7
if there are any	7
for about 30 minutes	7
some mental health problems	7
please try to find	7
you have a plate	7
and she can't get	7
a lunch list please	7
parked for a week	7
going to move the	7
going to do a	7
you're not busy can	7
i'm at detroit and	7
she's stuck in the	7
can you hand me	7
just add it for	7
in the apartment and	7
station for a minute	7
17 are you guys	7
be clear of the	7
when that comes in	7
the listing is john	7
attempt to lock out	7
parked in the garage	7
car 2 from station	7
2's on scene we'll	7
for a resident that	7
could you assist the	7
in some sort of	7
i'll be heading to	7
i'll be back out	7
you start kufner's to	7
do you want a	7
by switching to fire	7
3 are going to	7
else can return to	7
to make sure he's	7
you guys are at	7
you speak with a	7
appear for a traffic	7
a traffic offense out	7
complaining of pain in	7
driveway still accessible 10-8	7
1 out of the	7
front of the westerly	7
have lpd en route	7
the phone with them	7
south marginal and mckinley	7
1 copy thank you	7
going off on the	7
a fire alarm going	7
down to the lobby	7
an alarm showing zone	7
year old female possibly	7
22 i copy detroit	7
have pd en route	7
she doesn't want to	7
gonna stand by with	7
not to return to	7
start kufner for a	7
clifton car 2 engine	7
car 2 is responding	7
3 out at lakewood	7
to westerly 14312 detroit	7
special medic 1 medic	7
on scene truck 1	7
a 61 year old	7
2 to engine 2	7
i tried to find	7
be here in a	7
what was going on	7
dl id card as	7
id card as valid	7
a dog that's been	7
1 i'll be out	7
dispatch did you copy	7
just change the address	7
should be a silver	7
they're going to need	7
7 year old male	7
and we'll be en	7
for a snow check	7
and a white male	7
a phone number to	7
got a call for	7
of franklin with henry	7
the model on that	7
one more time please	7
kufner has it i'll	7
10-4 if you could	7
he's not sure what	7
to the west garage	7
very well thank you	7
1 if you could	7
i did thank you	7
a female starting mileage	7
the way down to	7
male walking in the	7
was no damage to	7
of the road and	7
to check on that	7
a male by the	7
old female fell and	7
show me out on	7
we're going to see	7
vehicles in the parking	7
dci and released to	7
said she can hear	7
can you do me	7
you do me a	7
to give him a	7
lake for a female	7
a hold of them	7
i added notes to	7
3 are you all	7
station 3 copies engine	7
can you come out	7
asking if you guys	7
he came out of	7
you copy it please	7
valid permit id no	7
i'll try to call	7
the door is locked	7
for a 90 year	7
3 out of lakewood	7
14300 detroit the westerly	7
medic 3 is also	7
he has a history	7
for you in a	7
parking lot off of	7
edward robert date of	7
added to the launch	7
would you be able	7
hit her head she	7
going to head there	7
could just add her	7
cars can slow it	7
have the caller come	7
you guys head back	7
also back in service	7
with king tom zebra	7
i'm gonna go check	7
unable to locate that	7
go ahead spoke with	7
need that back if	7
15 what's the last	7
be advised that the	7
14 i have a	7
me on the back	7
the back hill for	7
to respond to this	7
medic 1 copies we're	7
hear a male yelling	7
medic 3 responding to	7
female would like to	7
the traffic light at	7
that listing come back	7
an 83 year old	7
1 respond to o'neill	7
they would like her	7
old female says she	7
he was advised that	7
in the house and	7
and can you see	7
number on a taurus	7
alarm keeps going off	7
that vehicle if you	7
find an obt and	7
in the area that	7
medic 3 could you	7
29 i'll take that	7
1 i can get	7
with king queen frank	7
at the front door	7
older white male wearing	7
copy that from detroit	7
out of cleveland 41	7
i'm going to respond	7
can stop up here	7
did they give a	7
not have a license	7
for you if you	7
year old male needs	7
no weapons in the	7
weapons in the house	7
feels like she's going	7
i have the 19	7
over to the right	7
lot i'll be out	7
for my stop was	7
it's gonna be on	7
10-4 14 you can	7
know what's going on	7
13 i'll be with	7
a phone number and	7
see if the owner	7
the owner is a	7
west clifton and clifton	7
2008 18 year old	7
12 are you all	7
in the east drive	7
white male with long	7
if anyone else is	7
in the area we	7
he's having issues with	7
i'm trying to see	7
she said she'll be	7
a couple minutes ago	7
male locked his keys	7
year old male difficulty	7
old male difficulty breathing	7
you able to call	7
dispatch medic 2's taking	7
tell her to come	7
anything back with that	7
just a heads up	7
showing a black male	7
the company was unable	7
the owner on the	7
checked the area it's	7
we're probably going to	7
going to be just	7
locate an obt for	7
male was cited for	7
has a flat tire	7
i get the report	7
out there in a	7
old female she's out	7
2 year old female	7
to be checking on	7
give us a report	7
be transporting a male	7
parked in the bike	7
going to be closed	7
2 is taking 1	7
last name is sam	7
sounds like it's a	7
you try and find	7
noise was moderate on	7
we're gonna head over	7
he got into a	7
back to you in	7
he would like him	7
we're in the parking	7
in the area said	7
10-4 12 you can	7
female has a valid	7
signature health 14701 detroit	7
i'll be heading up	7
medic is on scene	7
on the phone can	7
he's not answering his	7
not answering his phone	7
dispatch medic is in	7
will be on scene	7
29 can you start	7
station 3 medic 3	7
3 do you have	7
sure if they were	7
i'm sorry you can	7
they're still in the	7
ida date of birth	7
that he saw a	7
let you guys know	7
she's in apartment number	7
be 10-8 i can	7
for a 52 year	7
and 17 are you	7
are you guys able	7
close to her driveway	7
i'll head there as	7
you just add them	7
fell in the parking	7
engine 2 are in	7
spoke with the homeowner	7
don't know if they	7
an order of gas	7
did you have a	7
car 2 will remain	7
out of that vehicle	7
i'm all set i'm	7
3 engine 3 will	7
89 year old female	7
male who needs a	7
blonde and blue valid	7
year old male i	7
15 you can just	7
a private property mva	7
back if there's any	7
15 i'll be on	7
get one more car	7
are on the way	7
large group of people	7
you say you were	7
id card for my	7
card for my driver	7
to put you back	7
punched him in the	7
him in the face	7
3 medic 1 and	7
issued myself a report	7
dispatch medic is back	7
were advised we're 10-8	7
be in a white	7
shortness of breath and	7
got a couple calls	7
could take that for	7
to speak to us	7
i'm not sure what	7
23 are you all	7
you add a plate	7
on the street for	7
to fire ground upon	7
fire ground upon arrival	7
with the complainant she	7
called back he said	7
is suspended id card	7
make me primary and	7
15601 madison apartment 1	7
17 i have a	7
it was like a	7
just put me out	7
3 is that at	7
edward lincoln last name	7
looks like a white	7
shot himself in the	7
not wish to speak	7
spoke with a male	7
the front counter and	7
he said he just	7
is a white male	7
yelling in the background	7
add a note to	7
was the name of	7
to appear on traffic	7
coming back on that	7
had a note for	7
listed owner has an	7
she thinks it might	7
could start heading to	7
in the city we're	7
west clifton the lakewood	7
you could please add	7
it was accidental by	7
engine 2 if you	7
male having a seizure	7
that he was going	7
arrest for dci and	7
you can just return	7
of the police department	7
get me to the	7
i can find a	7
1 will be back	7
a black toyota camry	7
3 car 2 respond	7
he's a mental health	7
of madison with john	7
you start coughing please	7
said it sounded like	7
still in the apartment	7
a 51 year old	7
can you start checking	7
medic 3 this is	7
west clifton in detroit	7
10-16 with a caution	7
assisted no need for	7
can find a number	7
9 are you all	7
any further issues we'll	7
further issues we'll be	7
back he said he	7
thank you i'm going	7
to reset the light	7
respond to the west	7
is back to a	7
we're out with a	7
over there as well	7
can you stand by	7
just send it to	7
you wanna give me	7
wanna give me a	7
on the phone she's	7
he's trying to get	7
check for a male	7
coming back with that	7
there refusing to leave	7
1 will take that	7
companies engine 3 medic	7
you change the location	7
29 i copy detroit	7
that that male is	7
front of the address	7
after the light detroit	7
the pickup out of	7
he was on his	7
you speak to the	7
in the back seat	7
is an ongoing issue	7
show me out of	7
complainant called back and	7
check the area that	7
wish to speak to	7
what was the description	7
requesting no lights or	7
out in the report	7
while we were on	7
year old female cleveland	7
and the complainant was	7
89 year old male	7
dl when you can	7
take that call we're	7
both parties were advised	7
has a vehicle on	7
still at the station	7
that parking violation on	7
show medic 3 on	7
between athens and lakewood	7
athens and lakewood heights	7
copy do you want	7
i'll get you in	7
a 5 minute delay	7
dollar general 15311 detroit	7
for a vehicle that's	7
went to the hospital	7
route with that male	7
you add it to	7
in front of mcdonald's	7
that male was dropped	7
me on the list	7
black and black valid	7
and black valid no	7
go ahead the male	7
in service engine 3	7
is out on clifton	7
12 are you guys	7
you guys set we're	7
with an officer about	7
is in service 10-4	7
to the hospital with	7
dispatch medic 2 back	7
with king adam george	7
guys all set all	7
i'm 10-7 at 1341	7
they're requesting a squad	7
medic 2 responds to	7
get in the building	7
take care of that	7
could you give us	7
a few minutes ago	7
was evaluated no need	7
ahead we'll be en	7
a blue shirt and	7
have a direction of	7
go ahead the owner	7
20 are you all	7
between detroit and riverside	7
old female she's not	7
not valid has a	7
it was back to	7
occupants are out of	7
13201 madison madison park	7
male is under arrest	7
advised and sent on	7
i'm all set 10-4	7
the upstairs medic 3	7
go ahead madison and	7
can you check southbound	7
an 18 year old	7
she'd like us to	7
today at macy's savings	7
at macy's savings off	7
i can get on	7
had a license but	7
female that lives in	7
all set here we'll	7
a hispanic male wearing	7
upstairs 37 year old	7
19 i can take	7
out the back door	7
companies car 2 truck	7
know if he has	7
a verbal argument they	7
the area i'll be	7
not sure if i	7
to truck 1 truck	7
go ahead i added	7
i'm 10-7 at 1481	7
10-7 at 1481 st	7
at 1481 st charles	7
1481 st charles for	7
charles for a trapped	7
staging switching to fire	7
old male not valid	7
male not valid no	7
plate it's going to	7
brown has a valid	7
ahead first name is	7
in the back stall	7
go ahead they're all	7
ahead they're all set	7
have a serial number	7
go ahead it was	7
detroit the dollar general	7
3 in truck 1	7
lake the days inn	7
year old male 5-10	7
lincoln last name is	7
go ahead it's going	7
ahead it's going to	7
have a squad respond	7
a young black male	7
from medic 2 we're	7
detroit and orchard grove	7
knocking on his door	7
station 2 copy medic	7
she's going to try	7
serial number for a	7
time to save on	7
use your coupon or	7
your coupon or macy's	7
coupon or macy's card	7
or macy's card and	7
macy's card and take	7
shop father's day specials	7
give love today at	7
love today at macy's	7
allowed to be there	7
valid he has a	7
ahead i'll be 10-8	7
that male was advised	7
if you have any	7
looking for a white	7
like there might be	7
a verbal argument and	7
go ahead robert robert	7
go ahead if you	7
there was no driver's	7
was no driver's license	7
respond to 14300 detroit	7
with a separate 10-4	7
stop was expired plates	7
park complainant said that	7
the color of that	7
the report room please	7
gonna be on a	7
his keys in a	7
standing in the middle	7
a male refusing to	7
respond to the days	7
you check across from	7
me a number and	7
you could just let	7
stall and advise the	7
go ahead i just	7
old male not feeling	7
under arrest for obi	7
detroit for an elderly	7
a vehicle that hit	7
have him on the	7
the sound of a	7
cleveland 21 year old	7
the lakewood ohio police	7
lakewood ohio police and	7
ohio police and fire	7
police and fire scanner	7
and fire scanner dispatch	7
so there's a male	7
it's time to get	7
time to get ready	7
get ready for summer	7
ready for summer at	7
i can get in	7
and i can have	7
if you could see	7
the building on the	7
screaming in the background	7
and medic 2 you	7
the mckinley exit ramp	7
right now i don't	7
everything else checks okay	7
a 2014 toyota rav4	7
gonna be a black	7
a second can you	7
down by a female	7
3 is transporting 1	7
7 year old female	7
confirm no medical or	7
going to 19 with	7
1586 coutant unit 2	7
it was an accidental	7
nora date of birth	7
no medical or intox	7
she's not answering the	7
female wearing a white	7
old male who fell	7
black in color expires	7
the bus stop in	7
valid there's no 1	7
truck 2 truck 1	7
you're gonna have to	7
you can just direct	7
that vehicle is gonna	7
one's arriving at fairview	7
1 medic one's on	7
can you respond at	7
truck 2 is out	7
1 to 2 hours	7
two's out of lakewood	7
1990 35 year old	7
are you guys on	7
of birth is 10	7
10 4 i'll be	7
of birth is 08	7
other 1 is a	7
is also gonna respond	7
1 of the females	7
you show medic 3	7
all the info attached	7
id card only there's	7
card only there's no	7
2 20 and 2	7
for 1 of those	7
10 8 i'll head	7
17 can i be	7
laying on the sidewalk	7
be 10 a with	7
run the name and	7
date of birth 06	7
medic 2 is that	7
medic two's on scene	7
gonna let you in	7
19 you can just	7
truck 1 respond at	7
of birth is 11	7
dispatch to engine 2	7
if you wanna come	7
in 1 of the	7
2 is in route	7
truck 2 and truck	7
1 17 from the	7
they're gonna have to	7
comes back to hurd's	7
i left a notice	7
1 truck one's in	7
first 1 is gonna	7
0 3 can you	7
2 25 and 2	7
car two's on scene	7
is gonna be en	7
truck two's en route	7
10 8 for now	7
respond to the feeder	7
2 12 and 222	7
truck 2 is en	7
9 year old female	7
10 16 on a	7
out of cleveland 08	7
old female 5 6	7
wanna make sure i	7
we are 10 8	7
15 name date of	7
only there's no 1	7
between nicholson and jackson	7
limited time offers available	7
time offers available now	7
offers available now lease	7
available now lease the	7
now lease the 2026	7
lease the 2026 chevy	7
a month for 39	7
month for 39 months	7
for 39 months 10	7
39 months 10 000	7
months 10 000 miles	7
10 000 miles per	7
000 miles per year	7
miles per year or	7
per year or save	7
year or save up	7
due at signing must	7
at signing must trade	7
based upon available rebates	7
15 name and date	7
mileage 1 1 4	7
20 5 20 8	7
can you start to	7
credit 299 dock fee	7
finance with dealer based	7
with dealer based upon	7
to 15 year old	7
15 year old harper	7
year old harper buying	7
old harper buying an	7
harper buying an 80	7
buying an 80 vintage	7
an 80 vintage rock	7
80 vintage rock t	7
vintage rock t shirt	7
rock t shirt is	7
t shirt is a	7
shirt is a great	7
is a great investment	7
a great investment to	7
great investment to harper's	7
investment to harper's mom	7
to harper's mom this	7
harper's mom this logic	7
mom this logic has	7
this logic has a	7
logic has a few	7
has a few holes	7
a few holes in	7
few holes in it	7
holes in it so	7
in it so she	7
it so she helped	7
so she helped harper	7
she helped harper open	7
helped harper open a	7
harper open a wells	7
open a wells fargo	7
a wells fargo clear	7
wells fargo clear access	7
fargo clear access banking	7
clear access banking account	7
access banking account with	7
banking account with no	7
account with no overdraft	7
with no overdraft fees	7
no overdraft fees and	7
overdraft fees and tools	7
fees and tools to	7
and tools to track	7
tools to track spending	7
to track spending harper's	7
track spending harper's learning	7
spending harper's learning 1	7
harper's learning 1 heavy	7
learning 1 heavy metal	7
1 heavy metal t	7
heavy metal t at	7
metal t at a	7
t at a time	7
at a time however	7
a time however you	7
time however you make	7
work with that terms	7
with that terms apply	7
that terms apply visit	7
terms apply visit wellsfargo	7
apply visit wellsfargo com	7
visit wellsfargo com slash	7
wellsfargo com slash deposit	7
com slash deposit disclosures	7
slash deposit disclosures for	7
deposit disclosures for fees	7
disclosures for fees and	7
for fees and details	7
the clifton cove apartment	7
male left prior to	6
i can send you	6
think it's gonna be	6
getting a call from	6
and one of them	6
shirt and black pants	6
with a white male	6
refusing to give her	6
parking lot in a	6
vehicle in the parking	6
this is the story	6
is the story of	6
the story of the	6
com or just stop	6
or just stop by	6
just stop by grainger	6
stop by grainger for	6
by grainger for the	6
grainger for the ones	6
for the ones who	6
the ones who get	6
ones who get it	6
who get it done	6
i'm out with her	6
get him i'm closer	6
thank you i'm all	6
have her phone number	6
take me out of	6
service for a little	6
of our department for	6
from dispatch you guys	6
was cited for a	6
to the jail i'll	6
the jail i'll be	6
able to get into	6
south of madison i'll	6
can we just get	6
we're going to get	6
see him on the	6
him in a minute	6
he was just trying	6
i saw a male	6
is highly intoxicated and	6
be able to give	6
i'm 10-8 from here	6
2's on scene we	6
we'll be pulling into	6
to get further from	6
myself and 29 will	6
medic 1 you guys	6
last six of them	6
11 i'm going to	6
are you in the	6
back in service lift	6
to that parking complaint	6
there's an obt for	6
a 91 year old	6
for medic 2 do	6
do you just want	6
her to the hospital	6
and madison with king	6
10-8 and you can	6
her to go to	6
and truck 1 will	6
will continue with traffic	6
i also have a	6
us to the lunch	6
she said she just	6
medic 2's transporting one	6
on the multi-gas meter	6
i'm talking to the	6
were you trying to	6
can you pull me	6
you pull me out	6
male needs a lift	6
we're going to take	6
going to take that	6
should be coming out	6
i got a note	6
in the mcdonald's parking	6
14600 detroit lakewood center	6
detroit lakewood center north	6
to a couple of	6
requesting we stand by	6
she attempts to pick	6
there were no readings	6
uto we'll be 10-8	6
mart east to pick	6
east to pick up	6
be on the lookout	6
truck 1 is on	6
year old male that's	6
you guys can respond	6
respond to lakewood center	6
wearing all dark clothing	6
into the building and	6
at lake and cove	6
the way i'll be	6
male wearing a red	6
that he was at	6
to the other cars	6
the complainant she said	6
you can go we're	6
we checked the building	6
some ongoing issues with	6
ongoing issues with the	6
this appears to be	6
we spoke to both	6
a female in his	6
send me the i-x	6
someone called and said	6
out there as well	6
23 they're all set	6
i'm gonna take that	6
for traffic out of	6
was advised car 2's	6
a 2-car mva one	6
one of the vehicles	6
start me a tow	6
please change the address	6
17 can i have	6
1443 newman apartment 107	6
could you send the	6
will be in front	6
you assist a male	6
he's suspended valid id	6
truck 1 is out	6
have a listing for	6
of madison and warren	6
called and said the	6
one of you give	6
to be a white	6
me on the phone	6
you can start the	6
arguing with each other	6
all set can you	6
break for a deal	6
do you want those	6
13 we're all set	6
car 2 en route	6
i'll be with that	6
and said that she's	6
the carlisle apartment 618	6
the vehicle was moved	6
kufner says the vehicle	6
and 22 can you	6
you can make the	6
she's going to call	6
going to call back	6
3 transporting to fairview	6
the old stone house	6
all the lights are	6
the east end market	6
3 can you respond	6
you can send that	6
can send that to	6
send that to my	6
west 117th for a	6
you try to get	6
we'll head to the	6
exterior of the building	6
can you take a	6
male he's suspended no	6
if we're going to	6
going to have charges	6
or what's going on	6
you can also add	6
route can you repeat	6
in a silver toyota	6
appear to be any	6
you're able to get	6
let them know we're	6
i'm being flagged down	6
up on the sidewalk	6
had you run was	6
on the south marginal	6
south marginal just east	6
marginal just east of	6
west 117th and madison	6
testing the fire alarm	6
old female said her	6
and unable to get	6
64 i'll be out	6
to fairview for follow-up	6
3's out of fair	6
it was an accident	6
3 on the scene	6
to be clear from	6
for male and female	6
from station 2 medic	6
copy and i have	6
give you a landline	6
dispatch can you send	6
switch to the fire	6
can get her from	6
see you on the	6
medic 3 are on	6
disregard from car 2	6
you just want me	6
just want me to	6
want me to give	6
it to you over	6
address is going to	6
car 6 is on	6
6 is on scene	6
send truck 1 to	6
that male was turned	6
male was turned over	6
in service returning from	6
25 you can show	6
i don't need them	6
don't need them back	6
i copy i copy	6
you have a sec	6
10-4 all companies medic	6
you guys up there	6
out at lakeshore towers	6
2's transporting to fairview	6
called in and said	6
i can give it	6
checking for that vehicle	6
to the male complainant	6
and female that are	6
that a black male	6
i don't think i	6
a 10-16c on a	6
that male is a	6
medic 1's transporting to	6
message for the owner	6
laying in the middle	6
he's going to meet	6
i have to go	6
to go through the	6
to the truck park	6
there's a female that's	6
to head over there	6
you guys can just	6
male to lakewood er	6
want to meet at	6
complainant on the phone	6
copy i'll be there	6
you have a car	6
okay we spoke with	6
said she did not	6
station 3 you can	6
i can hear her	6
can you check if	6
a black suv parked	6
suv parked in a	6
at the intersection of	6
year old female shows	6
you hear me lewis	6
mag 3's on scene	6
the aldi parking lot	6
from lakewood heights and	6
be out of our	6
towers west 12540 edgewater	6
speaking with the male	6
station 1 this is	6
and a black hat	6
called about a vehicle	6
do you know where	6
1 do you want	6
can you see the	6
she doesn't have a	6
little closer i'll get	6
sounds like there's a	6
can you guys have	6
mag 3 mag 3	6
3 mag 3 is	6
i had some notes	6
to the east side	6
she lives in apartment	6
be able to find	6
15 can you give	6
that's been barking for	6
for over an hour	6
fell and is bleeding	6
no answer to the	6
2 respond to lakewood	6
i copy if you	6
her options we'll be	6
he went on his	6
10-4 comes back to	6
what do you guys	6
come to the station	6
you put me in	6
back garage for a	6
out on the lake	6
can you call station	6
you call station 1	6
i'm all set you	6
set you can show	6
21 i'll be with	6
a female that lives	6
she checked okay she	6
going to be right	6
they're going to go	6
detroit in the back	6
me comes back to	6
like one of the	6
41 valid no wants	6
is on scene switching	6
i'm all set 24	6
for the parking complaint	6
wants and he has	6
and he has an	6
he has an expired	6
as soon as he	6
24 i'm closer 25	6
with king ida frank	6
years old valid id	6
out of lakewood he's	6
can you start cuffing	6
you start cuffing her	6
for that parking violation	6
16 i'm all set	6
having difficulty breathing and	6
medic 2 copies we're	6
the station for equipment	6
at the back of	6
24 can i have	6
29 i'm with him	6
you can slow down	6
i can assist on	6
the complainant back and	6
and tell him to	6
engine 3 will respond	6
mac 3's on scene	6
up in a second	6
can go i'll be	6
plate is going to	6
come back to that	6
i'll be out checking	6
detroit i can get	6
can you run that	6
with that female for	6
complainant said there's been	6
off for the last	6
gas coming from the	6
can go 24 i'm	6
go 24 i'm closer	6
i'll get him i'm	6
him i'm going to	6
in front of aldi	6
to figure out what's	6
figure out what's going	6
be on scene for	6
stand by while they	6
let them know the	6
could you confirm the	6
will be under arrest	6
one of the females	6
mcdonald's 16407 detroit for	6
16407 detroit for a	6
117th south of detroit	6
transport medic 3 is	6
another car no emergency	6
just spoke with the	6
you still in the	6
2's in route to	6
was only able to	6
head to the armory	6
you can just go	6
we get another car	6
has a suspended ccw	6
25 i can get	6
talk to you later	6
22 can you give	6
brown failure to reinstate	6
at the fedor manor	6
he's not supposed to	6
205 notes added 10-8	6
just east of cove	6
she's in a black	6
copy you're all set	6
all these parking lots	6
there they have a	6
was briefly detained in	6
for the night and	6
their options we'll be	6
sure you guys are	6
you can just leave	6
to make sure they're	6
an 88 year old	6
year old female nurse	6
she fell and hit	6
there was no music	6
i'm about to be	6
be all set and	6
if we have both	6
9 i'll be 10-8	6
know if there's a	6
can just add him	6
looks like they're on	6
argument with her boyfriend	6
detroit for a front	6
date of birth but	6
answer on call back	6
have a code to	6
in the area check	6
checked the area the	6
can you ask the	6
in a second we're	6
spelling last name is	6
failure to appear in	6
out of bedford heights	6
violent tendencies known to	6
a squad this way	6
coming in for felony	6
plate when you're ready	6
comes back to ian	6
did you say the	6
set up here i'll	6
up here i'll be	6
dropped off i'll be	6
can you come up	6
for the remainder of	6
the remainder of the	6
i'm not getting any	6
i tried calling her	6
to see if they're	6
he gave me a	6
with the american express	6
there's nothing like platinum	6
nothing like platinum learn	6
like platinum learn more	6
platinum learn more at	6
the car wash please	6
you can have a	6
i'll get them from	6
the owner was advised	6
you're on a listing	6
you can disregard i'll	6
are you really buying	6
you really buying a	6
really buying a car	6
buying a car online	6
a car online on	6
you can really have	6
can really have it	6
really have it delivered	6
kid is walking up	6
is walking up the	6
buy your car online	6
your car online really	6
having issues with the	6
move it i'll be	6
i transfer him to	6
i have a few	6
2 will also respond	6
2 and medic 1	6
medic 1 are out	6
back over to the	6
way from the station	6
said the car is	6
going to be one	6
respond to crestmont north	6
13330 detroit crestmont north	6
you call my work	6
you send me his	6
and then i have	6
1 truck 1 and	6
like we've been out	6
been out there for	6
be out with union	6
13 are you all	6
17th in front of	6
come back with a	6
detroit complainant said there's	6
there was a female	6
get in front of	6
the vin on this	6
of cleveland 18 year	6
old female suspended valid	6
don't see any vehicles	6
you we're going to	6
up to the car	6
if you could raise	6
you could raise the	6
take 1 to fairview	6
4 failure to appear	6
29 from the back	6
an ongoing issue between	6
going to send you	6
13 you can just	6
clifton and jackson with	6
be there in about	6
in about 10 minutes	6
can you check across	6
detroit and arthur with	6
nothing comes back on	6
comes back on that	6
back on that name	6
12 i'll be with	6
taking a male to	6
she was at the	6
86 year old male	6
to need you to	6
male in the back	6
we can take the	6
break for unit 2	6
the detail we'll be	6
18 i'll be with	6
that has been parked	6
i added notes 10-8	6
nothing showing on the	6
switching over to fire	6
i'm sorry i thought	6
from car 2 car	6
we'll be going to	6
add a dl to	6
a dl to the	6
been advised car 2	6
it's parked in front	6
the tracks i'll get	6
notes will be 10-8	6
just in front of	6
16 i'm with him	6
engine 3 will first	6
3 will first respond	6
out of the hospital	6
medic 1 will handle	6
the protected person is	6
everything checks okay and	6
her a call back	6
name of the female	6
a vehicle registered to	6
license plate is henry	6
take that call from	6
8 can i copy	6
17 he's all set	6
25 we'll be 10-8	6
can you give that	6
i'll come back to	6
1 medic 1's on	6
do you know how	6
down on the ground	6
90 westbound just before	6
10-4 9 you can	6
detroit and belle with	6
up there on the	6
to be knocking on	6
me the phone number	6
the phone and he	6
moved we'll be 10-8	6
engine 3's in the	6
with this male and	6
there's nobody in the	6
she may be having	6
be having a stroke	6
that out for me	6
dispatch to station 1	6
medic 1 we're going	6
can respond to that	6
at the ina building	6
medic 4 is out	6
was cited for nol	6
be added to lunch	6
added to lunch list	6
we're transporting one patient	6
in route to lakewood	6
2's in the area	6
of service on a	6
service on a detail	6
route to fairview engine	6
medic 4's en route	6
i spoke with both	6
from medic 1 we	6
medic 1 we are	6
me see if i	6
sounds like the female	6
been parked for two	6
cleveland 27 year old	6
know what kind of	6
medic 1 out at	6
them in front of	6
just west of 117th	6
everyone else will be	6
else will be 10-8	6
16 i'll be 10-8	6
16 can you run	6
with the male that	6
for a pedestrian struck	6
she seems to be	6
if you're going to	6
i'm on a 19	6
10-8 with the separate	6
it in front of	6
to lakewood with traffic	6
dispatch can you repeat	6
with caution on a	6
and then if you	6
back if he returns	6
i thought you were	6
it's not a hazard	6
can you check me	6
white male wearing all	6
warren south of madison	6
disregard 24 i'm closer	6
does have a 10-16	6
henry ocean robert adam	6
dispatch medic 1's going	6
male locked out of	6
out in the property	6
detroit and park row	6
don't need those back	6
a name date of	6
be 19 at this	6
be responding to that	6
stop and i'll be	6
you assist the medics	6
copy i'll be en	6
agreed to separate for	6
you want to confirm	6
said they should be	6
is going to the	6
rest of us will	6
of us will be	6
male fell and needs	6
all set here on	6
10-7 at the jail	6
were trying to get	6
not sure if this	6
2 medic 2 medic	6
90 eastbound at mckinley	6
in the fast lane	6
i'm clear i can	6
and car 2 will	6
medic 2 if you	6
car 2 do you	6
3 from truck 1	6
from truck 1 you	6
me a call when	6
i'm right here i	6
right here i can	6
a 80 year old	6
detroit the wesley apartment	6
out of cleveland 2012	6
i'll be on set	6
i'm unable to find	6
customer has that vehicle	6
medic 1's arriving on	6
he hasn't been able	6
comes back to you	6
he has a 10-16	6
you know if there's	6
engine 3 copies we'll	6
when you're ready for	6
he's going to come	6
i'm a bit closer	6
the owner of unit	6
29 i'll be standing	6
29 you can just	6
you i'll be all	6
24 we're going to	6
coming back in service	6
yeah it's going to	6
you show me the	6
back to the scene	6
report number for that	6
if i can make	6
the valid id card	6
and do we have	6
be on the east	6
have a squad stop	6
north marginal and mckinley	6
the hospital we'll be	6
quiet on arrival i	6
get a number of	6
the post office 1475	6
post office 1475 warren	6
can you first respond	6
you first respond to	6
3 you can just	6
we'll be 19 to	6
companies engine 3 is	6
you guys still on	6
us to respond to	6
and medic 3 will	6
talking to him now	6
engine 3 from car	6
i'm out 24 i'm	6
out 24 i'm closer	6
be on my way	6
violent tendencies escape risk	6
first and last name	6
can we get one	6
we get one more	6
said he just got	6
you want to get	6
to my arrival i'll	6
my arrival i'll be	6
arrival i'll be 10-8	6
listing out of new	6
is on scene and	6
the cad we'll be	6
there's a white suv	6
a plate when you	6
this was just a	6
if you can make	6
i guess there's a	6
find out your welcome	6
out your welcome offer	6
your welcome offer after	6
welcome offer after you	6
offer after you apply	6
after you apply which	6
you apply which could	6
apply which could be	6
which could be as	6
could be as high	6
be as high as	6
as high as 175	6
high as 175 000	6
as 175 000 points	6
you just check and	6
and hazel she's valid	6
26 i copy i'm	6
is having trouble breathing	6
up the jail food	6
the jail food order	6
i don't know i'll	6
talking to each other	6
i'm 10-8 and i'll	6
around the parking lot	6
i'm going to walk	6
advised of a complaint	6
get out of here	6
for a male with	6
a separate if you	6
to stand by and	6
parking lot by the	6
get him on the	6
i'll meet you at	6
to the registered owner	6
for a vehicle partially	6
a vehicle partially blocking	6
vehicle partially blocking the	6
i'm trying to figure	6
year old male possibly	6
on scene going to	6
scene going to fire	6
219 are you guys	6
10-4 17 you can	6
meet you out front	6
we should be good	6
of the key holder	6
detroit there's a white	6
laying on the floor	6
with one of the	6
file we'll be 10-8	6
need a 19 for	6
25 is all set	6
truck 1 copies truck	6
back in service we're	6
over here as well	6
can call her back	6
i'll be clearing in	6
clearing in a minute	6
clifton in front of	6
this list back to	6
you can just keep	6
209 i'll be out	6
he's valid has a	6
the color on that	6
paid a drop fee	6
she's having trouble breathing	6
wanted to speak with	6
of cleveland heights for	6
that are out of	6
you available for a	6
to be transported to	6
are you available for	6
202 i'll be 10-8	6
can i have an	6
stall if you could	6
the front counter with	6
on the out of	6
detroit for a black	6
i added the vehicle	6
the last couple of	6
the premise file please	6
be a lift assist	6
south of madison henry	6
have a plate when	6
was in the area	6
down for the night	6
respond back to the	6
what were the numbers	6
have this male for	6
for dci i'll be	6
17 can i get	6
been parked for over	6
if you have it	6
female in a silver	6
out of the window	6
to be checked on	6
out of brook park	6
jail with this female	6
unable to get in	6
24 stall door please	6
the watch list please	6
in front of his	6
male he fell in	6
has a tpo against	6
but he's not sure	6
22 you can disregard	6
she has an expired	6
she doesn't know what	6
make sure there's no	6
i added notes we'll	6
having difficulty breathing the	6
to go code 3	6
there's a protection order	6
first one's gonna be	6
2 is transporting one	6
this is special medic	6
1 are you guys	6
you check for an	6
check for an obt	6
1 is on the	6
he said he would	6
parma for failure to	6
an obt if not	6
in detroit with king	6
he lives in the	6
i spoke to that	6
with john mary edward	6
have a listing when	6
listing when you're ready	6
i'm getting flagged down	6
she was advised not	6
1 truck 1 en	6
he's a registered offender	6
thinks she might be	6
the notes we'll be	6
medic 1 is responding	6
station 1 go ahead	6
and locate an obt	6
be on their way	6
in the car with	6
us en route from	6
the city center parking	6
have a good night	6
29 you can show	6
this is the fire	6
is the fire department	6
sides we'll be investigating	6
command from engine 3	6
2 medic 2 back	6
just want to check	6
if you give me	6
to the caller he	6
16 i'll be with	6
to the complainant and	6
you assist the fire	6
should be waiting in	6
do they have a	6
you guys need me	6
i believe it was	6
be riding in the	6
fairview with 1 member	6
will be on the	6
the back door of	6
we're heading back to	6
to see if this	6
to have to take	6
it back to the	6
by in the stall	6
they need transported out	6
2 can you give	6
male having trouble breathing	6
sorry what was the	6
for a parking complaint	6
copy can you confirm	6
can you confirm no	6
she's a white female	6
with a female she	6
you get to the	6
engine 3's out at	6
yeah it sounds like	6
i'm in a 19	6
here in a couple	6
to try to make	6
send me that parking	6
we'll be there in	6
there in a few	6
there quite a bit	6
and i got a	6
the richard hilliard house	6
possession of the vehicle	6
on your work phone	6
i copy i'll head	6
checking for that male	6
chest pains and difficulty	6
pains and difficulty breathing	6
the cleveland side of	6
you want to notify	6
you guys are on	6
medic 1 and car	6
old male he shows	6
is in service medic	6
company car 2 engine	6
is on scene this	6
dispatch if you could	6
be en route shortly	6
lake avenue for a	6
have a name for	6
and needs assistance getting	6
the lights are on	6
dispatch medic 1 and	6
fell unable to get	6
is going to stand	6
20 i'll be with	6
copies medic 1's en	6
i found a phone	6
found a phone number	6
i'm close 211 i'm	6
close 211 i'm close	6
1 is returning to	6
there's no wires down	6
to make sure everything's	6
off to the right	6
when you get on	6
to come down to	6
we're just trying to	6
want us to go	6
1 copies back in	6
2002 23 year old	6
to get to it	6
dispatch mike 3's on	6
you can just change	6
an eye on it	6
will be able to	6
locked out of a	6
did you have traffic	6
alarm that's going off	6
if there's any other	6
we weren't able to	6
assist in the jail	6
if you get a	6
call we'll be 10-8	6
is still accessible i'll	6
did not show up	6
i copy can i	6
12400 madison the fedor	6
on scene it's a	6
for a second i'm	6
i go to the	6
not answering her phone	6
he's suspended has a	6
can you take that	6
25 26 27 28	6
there's a little bit	6
the cvs parking lot	6
a black jacket black	6
from here i'm going	6
not heard from her	6
like to go to	6
1 is taking one	6
out at lakewood here	6
can you go on	6
out of cleveland should	6
of cleveland should be	6
male that's passed out	6
going to head that	6
it might have been	6
respond to 11820 edgewater	6
i thought it was	6
you start a 24-hour	6
do we have an	6
be a few minutes	6
if you want me	6
like them checked on	6
3's en route from	6
arrival car 2 will	6
2 will be establishing	6
dispatch truck 1 is	6
service returning car 2	6
the lobby she said	6
that he does not	6
it's not in the	6
and i sent you	6
number to the detail	6
out of cleveland 2010	6
out of cleveland 33	6
unsure if he's breathing	6
take that for 13	6
i'm gonna be checking	6
stay in the area	6
car on the road	6
1 if you can	6
medic 1 responding to	6
i can have there	6
id card no one	6
her co detector is	6
co detector is sounding	6
not appear to be	6
with king sam union	6
25 i'm going to	6
just make a note	6
make a note for	6
should be there soon	6
jeep station wagon expires	6
to follow up with	6
notes were added i'll	6
were added i'll be	6
need you to head	6
copy we're going to	6
1 respond to signature	6
can go back to	6
run a cch on	6
car 4 is back	6
on the sidewalk in	6
old female she said	6
expired id no wants	6
medic 2 we're out	6
come to the front	6
the squad we'll be	6
squad we'll be 10-8	6
passed out in the	6
service party was evaluated	6
didn't answer the door	6
responding from bunts and	6
be out of them	6
an odor in the	6
can you open this	6
respond to 12405 franklin	6
medic 1 for medic	6
1 for medic 2	6
pick up the food	6
up the food order	6
can open the stall	6
about an hour and	6
is having difficulty breathing	6
i'll be up there	6
back in the service	6
a traffic stop at	6
white female date of	6
i don't think it's	6
sounds like she was	6
i get a cad	6
3 we're transporting one	6
3 are you guys	6
property room for a	6
said i'll be 10-8	6
i have that listing	6
south of franklin king	6
to find an obd	6
in the handicapped spot	6
just send me the	6
the ix number please	6
old female fell in	6
female fell in the	6
2 engine 2 to	6
going to send a	6
truck 1 would you	6
1 would you like	6
2 engine 2 are	6
13330 detroit room 116	6
medic 1 to fairview	6
you say it was	6
the source of the	6
alarm at a residence	6
truck 1 copy truck	6
1 copy truck 1	6
check to make sure	6
72 i'll be out	6
at 12506 edgewater apartment	6
would like you to	6
the cad number please	6
has both those vehicles	6
i'm trying to call	6
if there's any injuries	6
dl for the driver	6
you can cancel that	6
can i have another	6
it was going to	6
the lakewood club apartments	6
the care of the	6
for a 59 year	6
lake just east of	6
for a mutual aid	6
can you let the	6
dispatch medic 2 second	6
be transporting this male	6
1 you can cancel	6
car 2's going to	6
couldn't get a hold	6
i didn't copy you	6
lake the winton place	6
in the lunch list	6
didn't know it's gonna	6
don't need to go	6
he's all set on	6
a female in apartment	6
36 37 38 39	6
take that for 16	6
front of the laser	6
i'm going to take	6
we'll be clear here	6
medic 3 we are	6
do we know the	6
what was the first	6
lake shore towers 12506	6
bond on the way	6
19 i'll be checking	6
that date of birth	6
in the area is	6
female needs a lift	6
be a mental health	6
with the owner he's	6
to move the car	6
i don't think he's	6
make sure it's not	6
don't know if she's	6
it back just add	6
copies you can show	6
is locked out of	6
on the street in	6
and she would like	6
like him to leave	6
on his way to	6
was an issue with	6
3 if you can	6
to fairview engine 3	6
to be clear of	6
a lot of people	6
in the lobby of	6
know when that comes	6
2 are you guys	6
2 from station 2	6
they're going to move	6
you able to find	6
in the driveway i	6
and he said the	6
out of his gray	6
that fell in the	6
front of the door	6
so there's a vehicle	6
he said he could	6
he's in the store	6
said she's unable to	6
unable to stand up	6
1 this is a	6
i will be en	6
1 from engine 2	6
apartment 205 for a	6
if we can locate	6
you want to send	6
i'll try and get	6
if you have an	6
215 i'll be out	6
like to talk to	6
2 and 3 truck	6
command in the lobby	6
standing by switching to	6
everybody else can return	6
they come back to	6
complaint says there's a	6
set off the alarm	6
says that vehicle will	6
and we'll be out	6
added the plate to	6
we spoke to a	6
make us primary on	6
us primary on this	6
give us a landline	6
through the back door	6
cited driveway still accessible	6
to get a better	6
get a better location	6
going to talk to	6
he's conscious and breathing	6
dispatch medic 1 copies	6
you meet me at	6
edgewater towers 11720 edgewater	6
on the fire ground	6
central company medic 1	6
19 i'll be with	6
female possibly having a	6
call from a female	6
this time we're back	6
time we're back in	6
you can clear the	6
in detroit for a	6
be arrested for trespassing	6
trying to talk to	6
to the lakeshore towers	6
will be investigating all	6
wants to know if	6
squad come up here	6
truck 1 is also	6
driver we'll be 10-8	6
is in the lobby	6
tried to find a	6
you guys a message	6
verbal argument between two	6
argument between two parties	6
guys could head code	6
could head code 3	6
you don't need to	6
she said she has	6
i'm gonna be with	6
male he is valid	6
just west of 117	6
said he saw a	6
back in service thank	6
sighted i'll be 10-8	6
for a smell of	6
got a valid id	6
could you guys head	6
on the phone again	6
20 they're all set	6
a tow for a	6
the vehicle that was	6
on bunts south of	6
male out of cleveland	6
for loud music and	6
a vehicle that's parked	6
i tried a few	6
notes and we'll be	6
a black honda crv	6
like they're going to	6
listing out of florida	6
is a cable line	6
patient refused transport ama	6
the lakehouse 11850 edgewater	6
nothing showing from 2	6
showing from 2 sides	6
reset all companies are	6
19 i'm all set	6
will be responding from	6
number 1 medic 3	6
break for a plate	6
13 i'll be checking	6
year old male had	6
dispatch medic 2 on	6
what's the model on	6
whenever you get a	6
can you generate a	6
with king sam david	6
in a white toyota	6
at the bottom of	6
you get a second	6
owner of the dog	6
across the street to	6
10-7 ending mileage is	6
madison and spring garden	6
for a few hours	6
up an order for	6
nora edward lincoln lincoln	6
going to 19 for	6
to 19 for a	6
they'll meet you at	6
he's going to call	6
can you start the	6
to county with this	6
county with this male	6
just wanted to let	6
and have him come	6
engine 3 will also	6
3 will also respond	6
members of engine 3	6
of birth when you	6
was not able to	6
be out on a	6
it's in the parking	6
medical 1's out of	6
year old female out	6
old female out of	6
travel lodge 11837 edgewater	6
between detroit and madison	6
at clifton and nicholson	6
that's been parked in	6
10-4 can you send	6
and lakewood heights with	6
a 46 year old	6
in the stall ending	6
stall ending mileage is	6
we're gonna need a	6
did you get it	6
do you respond to	6
are going to head	6
can you swing by	6
get him out of	6
got a 10-16 out	6
18 you can disregard	6
outside of the building	6
that the female is	6
still in the store	6
coming back out of	6
is on scene with	6
11811 lake the envoy	6
lake for an alarm	6
just adding some notes	6
speak with the resident	6
issues with his neighbor	6
the right side of	6
head to the westerly	6
wish to speak with	6
said that she is	6
she just called back	6
and i have the	6
the door we're 10-8	6
you guys need a	6
14 i can get	6
the back lot of	6
out of the mail	6
meet me on the	6
the parking lot he	6
they're in the parking	6
urgent care 14800 madison	6
if you're trying to	6
the plate for me	6
2 medic 2 respond	6
she's valid no one's	6
car 2 if you	6
north of madison i'll	6
name and phone number	6
a male who was	6
female says she has	6
2 can you repeat	6
advised that he was	6
with john ocean david	6
may be in the	6
she's bleeding from her	6
be in service lpd	6
our 4 gas meter	6
arrival i spoke to	6
said that they have	6
that they were going	6
are no good numbers	6
old female never had	6
could just give me	6
complainant said he was	6
banging on the door	6
the second out of	6
out of lakewood she's	6
let me know who	6
you know if the	6
set the alarm off	6
i will be 19	6
she wants to make	6
a listing for me	6
out of cleveland 11	6
you check the parking	6
10-4 we're going to	6
the other party involved	6
of cleveland 41 year	6
the plate that's supposed	6
to be riding with	6
the vehicle is not	6
bunts in front of	6
male to the detail	6
on a parking complaint	6
1 car 8 medic	6
the detail i'll be	6
year old female had	6
the southwest corner of	6
you have engine 2	6
to confiscate and the	6
franklin i'll be out	6
year old female was	6
company medic 3 to	6
a number for her	6
called she said there's	6
a copy of that	6
i don't know what's	6
front of the residence	6
can put us out	6
12900 lake the carlisle	6
lake the carlisle apartment	6
for a dark colored	6
1-8900 detroit the lakewood	6
detroit the lakewood cliffs	6
tag in a second	6
a co detector that's	6
you can go for	6
contempt of court for	6
we'll be out there	6
i gave you the	6
it's gonna be king	6
could you send me	6
have you added to	6
2 for medic 2	6
and is going to	6
from car 2 go	6
she checks okay we'll	6
block in the driveway	6
are you at the	6
date of birth the	6
to be the male	6
going to separate for	6
said he's in the	6
i copy 29 you	6
car is parked in	6
what do you need	6
at marine towers west	6
he's not responding to	6
thinks he's having a	6
going to make a	6
we'll be 10-8 i	6
in a black chevy	6
just wanted to make	6
wanted to make sure	6
like officers to stand	6
female she fell and	6
park 2 engine 2	6
20 are you guys	6
sure of the apartment	6
of the apartment number	6
know where he's at	6
you run the serial	6
let him know that	6
unable to provide a	6
1 are you all	6
i'm going to stand	6
have to stand by	6
like she might be	6
i have a copy	6
can you bring the	6
no parking signs posted	6
the station can you	6
from engine 3 we	6
service patient evaluated refusal	6
to that parking violation	6
73 i'll be out	6
25 are you guys	6
i'm sorry thank you	6
for a 54 year	6
caller on the phone	6
the back hill if	6
car 2 to handle	6
2 to handle all	6
if we could get	6
ahead this is a	6
this is a false	6
it seems to be	6
the male that lives	6
19 what was the	6
that she does not	6
there if you could	6
but she is breathing	6
truck 1 are on	6
if you need us	6
back in service and	6
we'll take care of	6
was left on the	6
for a male on	6
station 1 do you	6
a call for medic	6
call for medic 1	6
2026 35 year old	6
and lakewood heights for	6
where are you calling	6
are we able to	6
code 3 to the	6
kind of vehicle was	6
3 is all set	6
to the jail starting	6
the jail starting mileage	6
check the area and	6
back up to the	6
11850 edgewater the lake	6
need for ems here	6
where you need me	6
a group of about	6
things being thrown around	6
and make sure that	6
in apartment number 2	6
90 westbound at mckinley	6
i can go back	6
be 19 back to	6
there's a male standing	6
with her in front	6
her in front of	6
while he attempts to	6
lpd they're out with	6
they're out with a	6
medic 3 is transported	6
male fell in the	6
think i'll be out	6
registered owner if you	6
please send me the	6
the male on the	6
14 i'll be with	6
we'll check the area	6
said it's a white	6
looked like they were	6
for an order of	6
was flagged down by	6
back parking lot of	6
all companies from engine	6
will be slow to	6
the male was advised	6
who needs a lift	6
what's going on with	6
a female screaming and	6
there's a female on	6
number in time for	6
for a couple more	6
post office with john	6
you could check on	6
year old male the	6
a female on a	6
can you send medic	6
and i'm not seeing	6
old female with copd	6
me to put you	6
and she has a	6
2 are you all	6
19 we're going to	6
dispatch to engine 3	6
i'll be out to	6
start heading his way	6
mckinley for a vehicle	6
2 to truck 1	6
lake and gold coast	6
the west end tavern	6
i could take that	6
they were sent on	6
were sent on their	6
to find the owner	6
did not have the	6
and he's got a	6
11 you can show	6
can show me how	6
be giving this male	6
with a male he	6
dispatch truck 1 and	6
year old male complaining	6
copy medic 3 is	6
been parked on the	6
to talk to somebody	6
we checked all the	6
said that that male	6
of north olmstead for	6
has high blood pressure	6
called he said there's	6
male who fell and	6
detroit there's a black	6
copy and can you	6
phone number if you	6
13 i'm on the	6
just released from the	6
copy medic 1 you	6
got a call about	6
said he's a white	6
the tow i'll be	6
parking lot for the	6
we have that male	6
of lakewood heights and	6
i copy from detroit	6
refused transport at this	6
a white female in	6
out of north ridgeville	6
a white tank top	6
natural gas in the	6
in the area he	6
on the car is	6
you put us out	6
you copy a dl	6
of the tracks with	6
member of truck 1	6
released to the hospital	6
you can open this	6
she's a protected person	6
to both parties the	6
take it to the	6
you have a middle	6
the male i had	6
female in the parking	6
i'll call them back	6
they are going to	6
can you just try	6
is still on scene	6
and he said it	6
i do not see	6
in the tree line	6
year old female so	6
just to see if	6
got eyes on him	6
you call dispatch please	6
on their way out	6
1 and engine 3	6
be related to this	6
that i gave you	6
detroit to westerly apartment	6
to a female complainant	6
we're 10-7 at the	6
to reinstate no wants	6
complainant said she was	6
if you can locate	6
she lives at the	6
for a lift assist	6
14306 detroit number 924	6
14306 detroit apartment number	6
it looked like it	6
there's a hispanic male	6
driver to the detail	6
there's a large group	6
that was a male	6
from the care center	6
talking to the male	6
vehicle is not running	6
she said she doesn't	6
11 are you still	6
was parked on the	6
male he fell at	6
take that for him	6
him a call back	6
issues we'll be 10-8	6
complainant said that she	6
you guys need another	6
license plate is king	6
the vehicle in the	6
the exterior of the	6
female is trying to	6
to that call as	6
are you guys available	6
she would like them	6
for a 55 year	6
be doing follow-up at	6
go to the back	6
the area as well	6
it sounded like they	6
19c dispatch for a	6
he was unable to	6
to try and get	6
an ongoing issue with	6
is on scene medic	6
on scene medic 1	6
medic 2 we'll be	6
vehicle was cited for	6
i'm out with them	6
so i don't think	6
date of birth out	6
of birth out of	6
for 24 hour follow-up	6
i just get the	6
cad number for this	6
that a white male	6
transfer him to your	6
go talk to the	6
13900 detroit room 126	6
road conditions are good	6
to leave a note	6
19 to the report	6
anything back on that	6
2 car 2 is	6
the rocky river bridge	6
me the public service	6
and there are no	6
wearing all black with	6
to your work cell	6
dispatch medic 1 down	6
male and female in	6
1 from dispatch are	6
she did not have	6
caller was advised of	6
get you to plate	6
that vehicle is sighted	6
has a change in	6
received a couple calls	6
do you still have	6
said that a female	6
where do you need	6
rest of the evening	6
see if it's still	6
be in a black	6
of the pickup out	6
9 we'll be out	6
she was sent on	6
run the serial number	6
waiting in a black	6
female by the name	6
can you repeat it	6
and they're unable to	6
of the station for	6
i'll be on with	6
you in the back	6
the area that vehicle	6
area that vehicle is	6
can you check that	6
to her she said	6
i had to run	6
90 year old male	6
you able to see	6
but she said she	6
not sure which way	6
from across the street	6
you check westbound on	6
4 year old male	6
has been going off	6
the car that was	6
you i don't know	6
detroit to westerly number	6
medic 1 will take	6
burger king parking lot	6
can you just call	6
cove in the tracks	6
no traffic on the	6
can have that way	6
shows not on file	6
out of mayfield heights	6
all set with that	6
can you respond for	6
with their hazards on	6
the detail and i	6
more car up here	6
same date of birth	6
can head there for	6
nora edward last name	6
a commercial burglar alarm	6
we can get the	6
the jail with that	6
see if you could	6
go ahead are you	6
vehicle is sighted and	6
to marine towers west	6
12 can you run	6
ahead i'll be on	6
upstairs for a 37	6
you respond to madison	6
if you can also	6
list you can go	6
old female she's suspended	6
id card and a	6
see anything on the	6
18 i can get	6
and 27 are you	6
in a black jeep	6
we spoke to her	6
spoke to her she	6
be out with those	6
it will be 10-8	6
attention all companies be	6
2 can you get	6
area for that male	6
and 222 can you	6
we're out at the	6
appear on a traffic	6
9 year old male	6
ride back to the	6
medic 2 is transferring	6
to get back to	6
we're in a 19	6
put the fire out	6
the area of clifton	6
just going to stand	6
companies medic 1 responds	6
medic 1 responds to	6
3 patient was evaluated	6
transport we're back in	6
no wants break go	6
wants break go ahead	6
see or smell any	6
or smell any smoke	6
companies medic 2 responds	6
you repeat that please	6
madison complainant said that	6
need a report number	6
lunch list please you	6
male wearing a brown	6
at the station for	6
ahead i'll be in	6
female she's not valid	6
she's not valid has	6
can go 10-4 thanks	6
wants 10-4 i'm all	6
is a group of	6
we're 10-7 ending mileage	6
go ahead kufner's has	6
a hold of somebody	6
the executive house department	6
marlowe the haven apartment	6
like to make a	6
and i'll be setting	6
suspended no wants 10-4	6
in contact with them	6
go ahead kufner says	6
with that male beginning	6
that male beginning mileage	6
be arrested for criminal	6
for criminal trespass and	6
24 valid no wants	6
at around the corner	6
check okay we'll be	6
is en route can	6
that one of the	6
power in the area	6
warren in lakewood heights	6
traffic in front of	6
i have that plate	6
24 traffic go ahead	6
show all units 10-8	6
just issue me a	6
we're coming up to	6
the female that i	6
i just need to	6
an 82 year old	6
a private property tree	6
radio is not working	6
companies medic 3 1346	6
that male is utl	6
medic 2 to dispatch	6
3 is back to	6
a half story wood	6
half story wood frame	6
all set down here	6
if you could give	6
valid id never had	6
id never had a	6
had a license no	6
to the front door	6
year old male 5-8	6
take that call to	6
going off at the	6
she hasn't heard from	6
heard from her in	6
and i'll give you	6
up to the front	6
we're not seeing any	6
1 are in service	6
facing the wrong way	6
out of cleveland it	6
arrest for felony drugs	6
you just add the	6
medic 3 is responding	6
advised to stay away	6
complainant said that that	6
go ahead i'm sorry	6
2 is out with	6
brown brown dl is	6
if you could find	6
fell in the backyard	6
lives in the area	6
in regards to a	6
on the alpha side	6
we were out there	6
the side of it	6
father's day is this	6
day is this sunday	6
is this sunday so	6
this sunday so now's	6
sunday so now's the	6
so now's the time	6
now's the time to	6
the time to save	6
to save on the	6
save on the perfect	6
on the perfect gift	6
the perfect gift at	6
perfect gift at macy's	6
gift at macy's father's	6
father's day sale use	6
day sale use your	6
sale use your coupon	6
card and take 25	6
and take 25 off	6
take 25 off great	6
25 off great gift	6
off great gift ideas	6
great gift ideas or	6
gift ideas or shop	6
ideas or shop father's	6
or shop father's day	6
father's day specials like	6
day specials like 50-60	6
specials like 50-60 off	6
like 50-60 off designer	6
50-60 off designer suits	6
off designer suits blazers	6
designer suits blazers and	6
suits blazers and pants	6
blazers and pants and	6
and pants and 40	6
pants and 40 off	6
and 40 off belts	6
40 off belts wallets	6
off belts wallets and	6
belts wallets and travel	6
wallets and travel accessories	6
and travel accessories plus	6
travel accessories plus find	6
accessories plus find watches	6
plus find watches from	6
find watches from citizen	6
seiko and more give	6
and more give love	6
more give love today	6
today at macy's father's	6
off regular sale and	6
regular sale and clearance	6
detroit the jail medic	6
looks like it expired	6
you can just start	6
sure if he's still	6
go ahead i don't	6
just see if you	6
and let her know	6
is parked in front	6
looks like she has	6
like she has a	6
2 from medic 1	6
i be able to	6
a 45 year old	6
with king david lincoln	6
there's a male sitting	6
ahead if you could	6
an 85 year old	6
to o'neill 1381 bunts	6
1 respond to 14300	6
we're turning on the	6
the stop was expired	6
will be 10-8 10-4	6
7 i'll be with	6
for a group of	6
for a 58 year	6
white male in his	6
with a valid permanent	6
a valid permanent id	6
he stated that he	6
we were there on	6
were there on the	6
we're on the phone	6
3 we'll be transporting	6
it's a white female	6
on the property room	6
this is a faulty	6
an expired ccw permit	6
male he's wearing a	6
the parking lot i	6
and we will be	6
8 i'll be 10	6
north of madison john	6
on the ground but	6
and she said they	6
get you the address	6
male said he has	6
issue me a number	6
was accidental by the	6
she is conscious breathing	6
back in service engine	6
us a call back	6
can you send truck	6
advised of her warrant	6
i'll be checking 10-4	6
this is a private	6
the shell gas station	6
of madison with a	6
a few phone numbers	6
female she's wearing a	6
and a black shirt	6
the property room 10-4	6
you have me to	6
year old male there	6
with a group of	6
permit no wants 10-4	6
cleveland 42 year old	6
area of lake and	6
to the residents at	6
from the parking lot	6
are you still there	6
on his way we're	6
black and brown out	6
game on 17103 detroit	6
black brown dl is	6
speak with a male	6
is there any way	6
11 i copy i'll	6
said it was just	6
respond to the southwest	6
go ahead there's a	6
3 for medic 3	6
the lobby medic 3	6
a smoke detector sounding	6
westerly 14300 detroit apartment	6
female valid no want	6
shirt and black shorts	6
i can help you	6
make me primary on	6
said there's a wire	6
said that he saw	6
a male in his	6
to the rapid station	6
a male that fell	6
he's going to try	6
for summer at macy's	6
summer at macy's memorial	6
at macy's memorial day	6
macy's memorial day sale	6
west 117 north of	6
a low hanging wire	6
at this time but	6
said that there are	6
for a little while	6
can you start us	6
i sent it to	6
of the executive house	6
executive house 11839 clifton	6
old male he's having	6
gonna be at the	6
2014 toyota rav4 she	6
toyota rav4 she is	6
rav4 she is a	6
we have any charges	6
there's nothing in the	6
sitting in the car	6
with a female and	6
but if you could	6
1 medic 1 respond	6
medic 1 is that	6
2 can i get	6
and engine 3 respond	6
can't get ahold of	6
can you set up	6
from here i can	6
there's nothing further attached	6
it's on a black	6
1 to dispatch medic	6
the description of that	6
so if you could	6
company medic 1 respond	6
back in the scene	6
lakewood avenue for a	6
white female she's wearing	6
can you read the	6
and hilliard for a	6
medic 1 second service	6
copy 15 you can	6
2 truck 1 en	6
engine 2 are you	6
one's on scene switching	6
it's gonna be at	6
nothing showing on 2	6
showing on 2 sides	6
is gonna be union	6
medic 1 0 2	6
17 just north of	6
for a 94 year	6
1 medic one's gonna	6
be 10 8 i'll	6
old male 5 7	6
4 i'll be all	6
car two's out we'll	6
the city 10 8	6
you just add that	6
be out with 20	6
dispatch to parking enforcement	6
dispatch medic two's en	6
medic 1 0 9	6
looks like it's gonna	6
gonna return to service	6
there's gonna be a	6
gonna be a squad	6
here i'm gonna be	6
with king victor frank	6
i 90 westbound just	6
from truck 1 we	6
0 8 will be	6
1 we're gonna be	6
i got you thank	6
8 and can you	6
you assist the male	6
10 a with a	6
he is conscious breathing	6
of cleveland it's on	6
with an expiration of	6
your name and date	6
10 8 i can	6
old male 05 10	6
we'll be 10 a	6
respond to i 90	6
2 0 3 traffic	6
215 and 2 17	6
and said that there's	6
king george king 8	6
if you wanna let	6
out of cleveland 09	6
male 5 6 1	6
blue valid no 1	6
of birth is 03	6
one's in service returning	6
one's out of metro	6
2 can you respond	6
be 108 with a	6
is gonna remain on	6
closer i'll get them	6
a 3 car mva	6
date of birth 03	6
gonna be in front	6
1 member of lpd	6
date of birth 10	6
you check i 90	6
i 90 eastbound east	6
car two's in service	6
car 2 are gonna	6
dispatch medic 3 0	6
vehicle that hit the	6
card only no 1	6
shows that he is	6
copy if you can	6
15 i'm gonna be	6
a obt for the	6
old female 5 4	6
8 and i'll have	6
0 3 are you	6
we're gonna be clear	6
2 20 2 and	6
2 and 2 20	6
it i'll be 10	6
1 of the residents	6
be 10 8 for	6
12 i'll be all	6
1 comes back to	6
i'm just gonna be	6
old male valid at	6
male valid at 1	6
for the last few	6
truck one's back in	6
can show me 10	6
show me 10 8	6
1 3 4 1	6
do want me to	6
2006 19 year old	6
female 5 6 1	6
for 1 of the	6
medic 3 taking 1	6
3 taking 1 to	6
1 of them should	6
2 15 can you	6
listing is gonna be	6
probably gonna be a	6
old male 5 8	6
male 5 8 1	6
we're 10 7 in	6
we're all 10 8	6
get 1 more car	6
manner 12400 madison apartment	6
is gonna stay with	6
he's gonna be coming	6
starting mileage is 1	6
we get 1 more	6
has a 10 16	6
right back to the	6
i'm gonna be all	6
engine 2 we're gonna	6
mileage is 1 1	6
15 we'll be 10	6
12400 madison apartment 1001	6
29 and 2 14	6
in the stall any	6
the stall any mileage	6
year old female 04	6
is conscious breathing alert	6
4 i'll be out	6
15 i'll be 10	6
2 0 2 and	6
0 2 and 2	6
medic one's arrived at	6
the second 1 is	6
1 of them is	6
if you wanna check	6
2 12 and 2	6
15 you can clear	6
king william zebra 1	6
engine 3 medic 12	6
the 2026 chevy traverse	6
save up to 4	6
up to 4 000	6
to 4 000 off	6
4 000 off msrp	6
credit retired courtesy loan	6
retired courtesy loan tax	6
courtesy loan tax title	6
loan tax title license	6
first payment 299 dock	6
payment 299 dock fee	6
date of birth 11	6
on the back to	6
notes i'll be 10	6
medic 2 medic two's	6
find a obt for	6
mileage 1 1 0	6
beginning mileage 1 1	6
experiences like no other	6
18 can you hear	6
dispatch medic 1 second	6
49 a month for	6
signing must trade at	6
must trade at 2011	6
trade at 2011 or	6
at 2011 or newer	6
dealer and based upon	6
and based upon available	6
upon available rebates expires	6
available rebates expires 06	6
a part of nebraska	6
part of nebraska medicine	6
is to be a	6
a part of something	6
part of something extraordinary	6
of something extraordinary nebraska	6
something extraordinary nebraska medicine	6
extraordinary nebraska medicine how	6
nebraska medicine how may	6
medicine how may help	6
how may help you	6
may help you because	6
help you because these	6
you because these are	6
because these are the	6
these are the doors	6
are the doors that	6
the doors that open	6
doors that open doors	6
that open doors how	6
open doors how are	6
doors how are you	6
how are you to	6
beyond what you can	6
what you can get	6
you can get anywhere	6
can get anywhere else	6
join us at nebraskamed	6
us at nebraskamed com	6
engine 3 we're back	6
the sound of claire	6
sound of claire cooking	6
of claire cooking dinner	6
claire cooking dinner at	6
cooking dinner at home	6
dinner at home and	6
at home and that's	6
home and that's the	6
and that's the sound	6
sound of a fraud	6
of a fraud alert	6
a fraud alert from	6
fraud alert from wells	6
alert from wells fargo	6
from wells fargo flagging	6
wells fargo flagging a	6
fargo flagging a charge	6
flagging a charge for	6
a charge for a	6
charge for a pricey	6
for a pricey restaurant	6
a pricey restaurant in	6
pricey restaurant in paris	6
restaurant in paris considering	6
in paris considering claire	6
paris considering claire isn't	6
considering claire isn't in	6
claire isn't in paris	6
isn't in paris right	6
in paris right now	6
paris right now that	6
right now that seemed	6
now that seemed odd	6
that seemed odd to	6
seemed odd to the	6
odd to the bank	6
to the bank and	6
the bank and to	6
bank and to claire	6
and to claire 2	6
to claire 2 taps	6
claire 2 taps later	6
2 taps later claire	6
taps later claire says	6
later claire says nope	6
claire says nope to	6
says nope to the	6
nope to the charge	6
to the charge and	6
the charge and wells	6
charge and wells fargo	6
and wells fargo is	6
wells fargo is on	6
fargo is on the	6
is on the case	6
on the case however	6
the case however you	6
case however you make	6
work with that wells	6
with that wells fargo	6
that wells fargo bank	6
fuel saver for every	6
saver for every 60	6
gonna be 6 7	6
issue us a report	5
19 with that mail	5
him we'll be 10-8	5
can i get one	5
but i don't see	5
i don't see the	5
i think it's gonna	5
i told her to	5
okay can you just	5
one of them was	5
him he said he	5
i just sent a	5
we have a call	5
and see if it	5
in a blue nissan	5
a little bit i	5
i need to 19	5
i have the keys	5
the vehicle if you	5
of the travel lodge	5
pickup entering agency only	5
blonde blue valid no	5
3 can you get	5
be advised the owner	5
be in the detail	5
i'm good i'm good	5
117th south of madison	5
at west 117th and	5
west 117th and berea	5
those vehicles will be	5
20 i'm going to	5
old male he's got	5
of cleveland so the	5
white mazda station wagon	5
was going to go	5
out i'll be 10-8	5
to make sure he	5
from here if you	5
on her way we'll	5
her way we'll be	5
looks like it's just	5
lpd's out with a	5
you can cancel the	5
you run a couple	5
can you just stop	5
old male that has	5
can we have the	5
getting out of the	5
out we'll be out	5
to head to that	5
head to that parking	5
meet the complainant in	5
in the left lane	5
set i'm going to	5
my driver to the	5
and said that they	5
speaking with the owner	5
18 is all set	5
black brown suspended no	5
is medic 2 respond	5
in the living room	5
meter we're back in	5
3 from medic 2	5
2 medic 2 to	5
3 in service patient	5
just get one more	5
24 i'm on it	5
on it i'll be	5
should be there shortly	5
send you a picture	5
stand by a minute	5
listing comes back to	5
from one of the	5
over an hour ago	5
tried to make contact	5
clifton and cove with	5
and cove with king	5
1 we're transporting to	5
dispatch to the animal	5
lakewood center north number	5
you can come up	5
to be on his	5
on his way back	5
a call we'll be	5
going to be victor	5
here in just a	5
drug mart east to	5
male's going to be	5
is on scene copy	5
out of the elevator	5
from the elevator we	5
you guys could speak	5
and stand by for	5
just leave it open	5
can you print the	5
that i'll be out	5
will be riding with	5
on the way i'll	5
to get him up	5
be out with 22	5
i'm close to the	5
patio bar 15615 madison	5
at the rta station	5
in front of mr	5
13 can i get	5
can go we're good	5
of one of the	5
13 can i go	5
a gray toyota camry	5
me the i-x number	5
is all set 10-8	5
listing for unit 1	5
64 can you copy	5
13 can you copy	5
can i get another	5
gonna take that for	5
valid no wants i'm	5
advise and release due	5
and release due to	5
release due to manpower	5
to ennis court assisted	5
you start me a	5
a tow for the	5
you guys still all	5
if you can meet	5
said he fell and	5
for driving under suspension	5
2 it looks like	5
sounds like a male	5
else can slow down	5
it was last seen	5
if you could still	5
he said he'll be	5
3's in service patient	5
i copy all set	5
of you give me	5
can start the check	5
start the check i'll	5
the check i'll be	5
you want those back	5
owner arrived on scene	5
she can't get out	5
on clifton from webb	5
a black ford fusion	5
car 2 is also	5
on the line with	5
dispatch i'm car 2	5
you can go on	5
with a female on	5
22 they're all set	5
they're going to handle	5
213 are you all	5
vehicle was moved prior	5
was moved prior to	5
male said there's a	5
you i'll be out	5
can make the address	5
a silent panic alarm	5
11 i copy clifton	5
medic 1 could you	5
could you have the	5
are going to clear	5
thank you so much	5
with king lincoln queen	5
going to be sending	5
like he might be	5
that to my car	5
male is having a	5
about an incident that	5
plaintiff said there's a	5
speak with the caller	5
a picture of that	5
it to my work	5
cleveland 23 year old	5
female she's valid and	5
does not desire prosecution	5
and 9 are you	5
up there in a	5
are you coming from	5
to find an obg	5
i wasn't sure if	5
further police involvement at	5
to go in the	5
can you please try	5
an eye on the	5
desire any further police	5
me back on that	5
engine 2's in service	5
15 cars are out	5
in the driveway but	5
but it doesn't look	5
i copy from warren	5
phone number for a	5
17 i'll be all	5
i copy go ahead	5
sure you're all set	5
my partner's on the	5
partner's on the phone	5
we might have to	5
owner is my driver	5
can you let us	5
trying to knock on	5
and get a hold	5
alger and lakewood heights	5
all he could tell	5
you need me for	5
and he's unable to	5
up out of the	5
of the station with	5
he doesn't know what	5
station 2 copies engine	5
and 18 are you	5
we're 10-8 with a	5
went up to the	5
in the home depot	5
i copy back up	5
westerly 143 12 detroit	5
143 12 detroit apartment	5
3 medic 1 truck	5
2 will continue with	5
and female arguing and	5
i didn't know if	5
and you can disregard	5
i copy back to	5
back to you all	5
of the complaint they're	5
complaint they're going to	5
at the winton place	5
take the call at	5
medic 2 copies we'll	5
we'll give you a	5
what's the nature of	5
engine 3 to the	5
engine 3 we're on	5
5 we're going to	5
back in service with	5
in service with a	5
service with a refusal	5
requesting an ambulance for	5
meet you guys outside	5
are on scene switching	5
to send it to	5
the address is going	5
there if you want	5
car 2 is going	5
is going to remain	5
i don't know who	5
dispatch can you give	5
dispatch for engine 3	5
check around the area	5
get a read back	5
2-car mva minor damage	5
for a 50 year	5
having pain in his	5
and can i have	5
set or do you	5
good we're good we're	5
giving him a courtesy	5
him a courtesy ride	5
from here with a	5
here with a separate	5
got a second call	5
for a black suv	5
the vehicle is still	5
you have the patient	5
can see if there's	5
female that are arguing	5
looks like the male	5
10-4 it looks like	5
he'll be coming in	5
do you have that	5
this male for dci	5
adam nora last name	5
with two members of	5
not there right now	5
you can send a	5
you change this to	5
you give me your	5
engine 3 engine 3's	5
returning medic 3 will	5
able to locate her	5
from medic 3 we	5
24 i copy detroit	5
and see if they're	5
to give me any	5
any type of description	5
in regards to this	5
i'll get him you	5
got a protection order	5
sitting in the middle	5
8 and a copy	5
if i could just	5
we'll be 10-8 we'll	5
pushed her medical alert	5
her medical alert pendant	5
madison third party call	5
service they can take	5
they can take that	5
if i have a	5
2062 robin for a	5
suv blocking the driveway	5
117th and franklin with	5
that listing is going	5
3 mag 3's on	5
3 medic 3's arriving	5
i'll get you that	5
to appear for disorderly	5
appear for disorderly conduct	5
just screaming at each	5
check the premise file	5
again we'll be 10-8	5
he is suspended with	5
i give you a	5
to the kirtland house	5
just east of warren	5
1's arriving at lakewood	5
copy we'll be 10-8	5
for a burg alarm	5
expires 47 year old	5
19 for vehicle maintenance	5
217 i didn't know	5
temporary permit is valid	5
lakewood just north of	5
26 25 year old	5
dispatch mag 3 mag	5
notes added we're 10-8	5
want to go with	5
me on lunch list	5
in the bathroom and	5
and it was a	5
copy thank you and	5
guys all set up	5
it's gonna be john	5
you could send a	5
it to my car	5
i copy i was	5
now i'm trying to	5
on the front of	5
should be a 2025	5
of her options we'll	5
said that he left	5
1's arriving at fairview	5
for a couple minutes	5
no hazard found on	5
they have a black	5
female hit her medical	5
the jail order from	5
can find the phone	5
they'd like us to	5
can give you a	5
service call at 120-400	5
call at 120-400 madison	5
have a public service	5
25 i'll be out	5
i'll be out for	5
going to go on	5
you able to take	5
madison car 2 engine	5
right at the corner	5
be out of there	5
and i'm en route	5
show me on the	5
checked in the area	5
he said he's gonna	5
be on the west	5
lot next to the	5
try to get him	5
to get him out	5
under arrest for drug	5
she said it's the	5
company's medic 3 respond	5
i'm still looking for	5
i was just letting	5
old valid id no	5
a vehicle break for	5
into a telephone pole	5
from station 1 car	5
station 1 car 2	5
24 hour follow up	5
cleaned up some debris	5
service returning medic 2	5
29 i'll be all	5
10-4 26 you can	5
29 i'll be 10-8	5
check for a blue	5
the back of my	5
can assist on that	5
on that as well	5
26 i'll be checking	5
said he's been there	5
verified engine 3 is	5
kind of hard to	5
the door for us	5
i'll be 10-8 if	5
can you run an	5
going to be george	5
clifton and webb with	5
10-4 it sounds like	5
i think it's going	5
we check the area	5
the tracks i'll be	5
25 can you run	5
with john george henry	5
for dci starting mileage	5
male wearing a dark	5
it looked like he	5
to be utl we'll	5
there was a dispute	5
king out of david	5
we have one male	5
jackson out of cleveland	5
out of cleveland 25	5
you ask him what	5
a verbal argument that	5
the male is going	5
i'm speaking to the	5
a squad to the	5
13 i'm with him	5
but i don't know	5
if it's going to	5
they're not going to	5
we're going to continue	5
as soon as they	5
soon as they can	5
want to call cleveland	5
dispatch mike 3 is	5
you in a moment	5
26 valid no wants	5
we have an open	5
owner is going to	5
is bleeding from her	5
year old male date	5
old male date of	5
on their way to	5
house we'll be 10-8	5
been on the floor	5
16 what's your location	5
i copy warren madison	5
been parked for 3	5
i have one more	5
go ahead i was	5
way out to move	5
has some kind of	5
the 17 year old	5
go over there and	5
can try to call	5
if not start kufner	5
to 14312 detroit the	5
no wants has a	5
a suspended ccw permit	5
2-car mva one should	5
mva one should be	5
of clifton with a	5
with a silver toyota	5
18 year old son	5
not have a driver's	5
thinks he might be	5
might be going to	5
kind of vehicle is	5
i have a notice	5
with that male on	5
did you say you're	5
i'll be clear of	5
to a private property	5
we're still on scene	5
male he's a valid	5
a valid no wants	5
back and have her	5
i don't think we	5
on clifton just east	5
i'm in the jail	5
loud music coming from	5
to get more information	5
28 can you run	5
is going to get	5
report number for cit	5
after the light madison	5
with king tom x-ray	5
clifton and edwards with	5
here if you want	5
make sure they're all	5
is no longer in	5
longer in the area	5
checked all the way	5
vehicle's going to be	5
10-8 he's all set	5
i can take the	5
the jail ending mileage	5
24 i can get	5
in the parking garage	5
i'm sorry what's your	5
run a dl out	5
10-4 3 you can	5
that male is not	5
the two of them	5
got into an argument	5
in detroit i can	5
29 copy thank you	5
a warrant with us	5
be 10-8 with separate	5
i can send it	5
checked the area everything	5
the area everything checks	5
a ds for my	5
for both of them	5
first one is going	5
that should be a	5
start a squad this	5
out of cleveland 2017	5
have charges on him	5
caller back and see	5
you guys need any	5
24 i'm going to	5
18 can you copy	5
try name and date	5
should be the owner	5
before we got here	5
want any police involvement	5
up to the er	5
but he said he	5
we have a dog	5
a voicemail for the	5
be in the report	5
to emergency no license	5
they're going to send	5
can you put a	5
gave me a call	5
a number for a	5
if he wants to	5
alarm showing rear door	5
me at the car	5
on a 2018 ford	5
walking up the slide	5
and 5 are you	5
5 are you all	5
stewart out of cleveland	5
said to advise and	5
you have a female	5
could you assist a	5
i'm out i copy	5
there to pick up	5
to get in and	5
the owner showed up	5
owner showed up and	5
added my driver can	5
and there's a vehicle	5
for a 17 year	5
have enbridge respond to	5
odor coming from the	5
i'm pulling up now	5
medic 2 from medic	5
going to be around	5
dispatch medic 1 has	5
has returned to the	5
returned to the city	5
2 remain on scene	5
in the far right	5
117th i'm going to	5
2's arriving on scene	5
i think it's the	5
assign a report number	5
detroit crestmont north room	5
call my work phone	5
2 did you copy	5
copy we're back in	5
be out of here	5
here in a few	5
and name and date	5
then i have a	5
home at this time	5
at this time we'll	5
this time we'll be	5
he's going to have	5
the code to get	5
i have a traffic	5
right here i'll get	5
madison just east of	5
to be 19 for	5
keys in his car	5
kufner i'll be 10-8	5
are going to stand	5
for a couple hours	5
you need to call	5
but i'll be 10-8	5
now i don't see	5
thank you we're going	5
to be giving this	5
i have a second	5
area for a little	5
you see if he	5
got a warrant with	5
what's the address on	5
29 you can go	5
13 i'll be all	5
with a silver ford	5
i can get to	5
can you please call	5
make sure i got	5
16 can you get	5
complainant said it's been	5
return to service thank	5
to service thank you	5
detroit i'll get you	5
13 are you still	5
to the fedor 120-400	5
can go to lunch	5
you hear me at	5
hear me at 21	5
11820 edgewater apartment number	5
she's having difficulty breathing	5
medical attention we'll be	5
29 from the station	5
one of the males	5
called and said he	5
the owner has an	5
owner has an expired	5
detail we'll be 10-8	5
year old male wife	5
14819 clifton number 1	5
give me that plate	5
sorry i thought i	5
from bunts and madison	5
at the property room	5
notes added i'll be	5
in the westbound lanes	5
a picture of her	5
him added to the	5
can you have it	5
protection order against the	5
also has a protection	5
service there's no need	5
in front of kfc	5
old male 5'10 190	5
i copy madison and	5
male that lives there	5
copy i'll be 10-7	5
was all quiet on	5
for a 75-year-old female	5
you still set there	5
of 96 29 year	5
96 29 year old	5
and 213 can you	5
hear it from the	5
i got a 911	5
dc for the stop	5
give that back to	5
10-4 if you can	5
do i need to	5
need to go to	5
we got a hold	5
do you have it	5
to locate an obt	5
clifton cove apartments apartment	5
contact with her since	5
know how to get	5
sighted we'll be 10-8	5
motorist called said there	5
to harm himself and	5
give me the phone	5
him over the phone	5
up here no emergency	5
251 can you run	5
can you have someone	5
resident calls there's a	5
with king paul lincoln	5
try to locate an	5
a note to the	5
25 can you get	5
him to the trespass	5
you have the listed	5
medic 1 we're en	5
male at the bus	5
to be a little	5
dispatch medic 4 medic	5
4's en route to	5
and asked him to	5
could just print that	5
we're on scene at	5
can you send an	5
can show us out	5
out of his house	5
location is going to	5
in the process of	5
separated we'll be 10-8	5
of cleveland 27 year	5
could try to locate	5
no she did not	5
going to go talk	5
to go talk to	5
the area of hilliard	5
in the right lane	5
medic 3's are out	5
the parking lot they	5
back in service lpd	5
on the phone sounds	5
the phone sounds like	5
need that back can	5
in front of all	5
lakewood heights west of	5
be on a 2025	5
sorry i'm all set	5
warren in the post	5
22 can you check	5
can you check detroit	5
clifton for a fire	5
it back you can	5
be able to do	5
female locked her keys	5
a pedestrian struck by	5
pedestrian struck by a	5
you know if it	5
can remain in service	5
get back to the	5
to put it on	5
having a reaction to	5
show up for work	5
number 2 medic 2	5
i'll be on him	5
you run her through	5
if he has a	5
2 will be back	5
with king george henry	5
21 i'm all set	5
medic 3 son of	5
13900 detroit o'neill room	5
up i'm going to	5
me in the area	5
haven't seen or heard	5
are we all set	5
have a 10-16 that's	5
a 10-16 that's out	5
10-16 that's out of	5
to let him know	5
has it we're 10-8	5
17 i'll be 10	5
17 traffic 24 i'm	5
from the traffic stop	5
you repeat the plate	5
just west of cove	5
date of birth and	5
be standing behind the	5
warrant we'll be 10-8	5
it was quite an	5
was quite an arrival	5
this female is going	5
to let us know	5
going to the hospital	5
10-8 back in the	5
28 we're 10-8 from	5
looks like they're in	5
like they're in the	5
a call when you	5
24 copy thank you	5
up ahead of us	5
start a check on	5
for a 80 year	5
can you copy 2	5
1's arriving on scene	5
can you come to	5
you come to the	5
you get a description	5
okay i think i	5
the area for the	5
here and see if	5
said he's not sure	5
was a male in	5
i would like to	5
it's a civil matter	5
here and if you	5
had a parked car	5
a welfare check at	5
engine 3 from dispatch	5
you able to make	5
you have a good	5
for medic 2 can	5
2's on scene medic	5
could advise the jailer	5
service this was an	5
female shortness of breath	5
like he's going to	5
copy can you see	5
who does this list	5
29 can i be	5
back in service entry	5
give me the plate	5
me the plate again	5
just north of athens	5
route to the rock	5
to the rock hall	5
our way back to	5
26 i'll be 10-8	5
try to find obt	5
be trying to make	5
i'll be in a	5
and i'll be back	5
having thoughts of harming	5
he said he had	5
on his way down	5
be speaking with him	5
thank you for the	5
had a license valid	5
go ahead i'm on	5
old female they said	5
female they said she	5
clear we'll be 10-8	5
she's supposed to be	5
to the city with	5
you can just bring	5
she'll meet you in	5
this is a working	5
back in service for	5
medic 2 from car	5
dispatch engine 3 we're	5
is responding to the	5
engine 3 to dispatch	5
when we get there	5
a party at the	5
companies from car 2	5
medic 3 car 2	5
you guys can get	5
gonna be a little	5
i'm looking at the	5
get him i'll be	5
on the way up	5
i'll be on my	5
a black male about	5
black female with a	5
6 is in service	5
225 black and brown	5
dangerous violent tendencies escape	5
and brown she has	5
and st charles with	5
cleveland 43 year old	5
medic 3 will take	5
can you see a	5
don't see anything in	5
up here not an	5
here not an emergency	5
29 we'll take that	5
madison for a front	5
1 medic 3 respond	5
vehicle moved prior to	5
in front of barrio	5
a tree in the	5
remain on scene until	5
are going to return	5
dispatch from car 4	5
that he's going to	5
if you try to	5
with the caller she	5
the caller she said	5
come out and talk	5
out of akron on	5
of akron on a	5
you think you can	5
try to find him	5
she's having issues with	5
having issues with her	5
male in the parking	5
17 i copy detroit	5
argument between both parties	5
going to be behind	5
when you bet on	5
and see why it's	5
see why it's never	5
why it's never ordinary	5
it's never ordinary at	5
gambling problems call 1-800-bets-off	5
problems call 1-800-bets-off 21-plus	5
call 1-800-bets-off 21-plus only	5
1-800-bets-off 21-plus only must	5
21-plus only must be	5
the place is going	5
do you see that	5
see if he's a	5
i'll give her a	5
9 i'll be with	5
13 can you get	5
patient was evaluated and	5
the alarm company and	5
the male he checks	5
can you come in	5
that female in the	5
3 is out lakewood	5
did not answer the	5
i'm not sure why	5
don't know i'll be	5
that to the detail	5
vehicles parked on the	5
you could just make	5
of the women's pavilion	5
what time did this	5
can you tell the	5
with a separate if	5
the resident there is	5
1292 cove apartment 10	5
apartment 924 for a	5
3 to lakeshore towers	5
you can assist a	5
are there any issues	5
there any issues with	5
24 i'm on scene	5
the haven 1341 marlow	5
that they did not	5
can start a 24-hour	5
dispatch medic 1's taking	5
2 engine 2 check	5
he's gonna try to	5
11701 detroit the walgreens	5
to the hospital we'll	5
going to have him	5
2 i'll be at	5
the mail in the	5
valid no wants shows	5
i added my passenger	5
out of north carolina	5
3 respond to 118	5
2 truck 1 are	5
lake car 2 engine	5
on scene go ahead	5
going to go up	5
to go up and	5
2 on scene standing	5
back in service command's	5
in service command's terminated	5
try to reset it	5
check the light at	5
i copy that and	5
detroit on the 6th	5
just make sure you	5
to the property manager	5
i just had a	5
going to check okay	5
does not wish to	5
be 10-8 and i'm	5
me on the property	5
be out on detroit	5
the plate's going to	5
just called they said	5
called they said that	5
car in the parking	5
everything checked out okay	5
no signs of any	5
here i'll be clearing	5
front of the days	5
the days inn with	5
with a black chevy	5
with king tom john	5
can show me en	5
29 i'm in the	5
west clifton just south	5
get that listing back	5
that listing back please	5
you call me on	5
vehicle was sighted and	5
i believe it's a	5
no answer we'll be	5
answer we'll be 10-8	5
give the complainant a	5
to reach out to	5
10-4 i have a	5
common spelling first name	5
be 10-8 i'll be	5
of you available for	5
but they're out of	5
they're out of the	5
in the area or	5
suspended valid id he	5
for violent tendencies and	5
you hear me 21	5
and back in service	5
on a black ford	5
started a 24-hour on	5
at the main entrance	5
the marks parking lot	5
front of the fire	5
by the time i	5
dispatch medic is en	5
able to find her	5
can add him to	5
to be a lift	5
lift assist only patient	5
out in the front	5
from the east drive	5
doesn't want any further	5
can take the call	5
the call at the	5
a note on the	5
soon as i get	5
the jail to assist	5
unknown if there's any	5
18 you can just	5
need anything up there	5
call me real quick	5
jones out of cleveland	5
what are the numbers	5
that male was released	5
to get a ride	5
parked for over a	5
east and pick up	5
so there's a female	5
was cited and the	5
cited and the owner	5
they can come up	5
could start a 24-hour	5
gained i'll be 10-8	5
12400 madison apartment number	5
we're gonna try to	5
brown and brown for	5
on arrival spoke to	5
and advised them of	5
just west of mckinley	5
11 we'll be in	5
2026 43 year old	5
on it right now	5
i think i saw	5
to come back and	5
respond to detroit and	5
detroit the manager called	5
could you have a	5
could you check at	5
back in a second	5
year old male in	5
officers are en route	5
and hazel valid no	5
also going to be	5
just added to the	5
could you check for	5
for an obt please	5
wants to commit suicide	5
dispatch medic 3 will	5
dispatch medic 1's returning	5
medic 1's returning to	5
21 plus only must	5
plus only must be	5
you ask him if	5
for the second one	5
was issued a citation	5
pulling up right now	5
checked the area there	5
i'm trying to catch	5
terminate the pursuit immediately	5
they're going to contact	5
respond to westerly 14312	5
don't have any other	5
engine 3 on scene	5
217 are you all	5
and they're doing work	5
29 i'm out of	5
and franklin for a	5
able to get through	5
205 i'll be out	5
150 brown and brown	5
for an older male	5
you could check the	5
name of the person	5
she thinks she might	5
be having a heart	5
was struck by a	5
a run number for	5
front of the library	5
if i could get	5
i could get a	5
unable to gain entry	5
has the vehicle and	5
2 respond to 2216	5
she said she's in	5
you haven't already you	5
haven't already you can	5
3's back in the	5
was evaluated and refused	5
here i'll take that	5
her blood pressure is	5
we're all set i'm	5
lake for a white	5
i'm a little bit	5
cited i'll be 10-8	5
with new jersey listing	5
complainant is requesting we	5
making a lot of	5
can you check madison	5
29 they're all set	5
of the take 5	5
we're trying to figure	5
units are in service	5
the owner he said	5
this for a second	5
the 19 real quick	5
see you in the	5
in an unknown direction	5
get the description one	5
rest of us are	5
he doesn't want any	5
advised him of the	5
keep it down and	5
12 i'll be out	5
car 2 are out	5
in the upstairs unit	5
no smoke or flames	5
i'm out 211 traffic	5
waiting in a white	5
have any more information	5
and he said he	5
have one of the	5
year old female down	5
going to have one	5
alarm company said they	5
i'll be riding in	5
the house and the	5
to the left of	5
know the name of	5
want to know if	5
over to the side	5
yeah i was just	5
try to get ahold	5
all the way up	5
know if it was	5
a contact number for	5
i'm right around the	5
are we good to	5
a number for that	5
they gave me a	5
20 i'll be on	5
cars on the road	5
and one of the	5
old male says he	5
be back en route	5
there's a homeless male	5
said he can hear	5
able to stop up	5
that vehicle and i	5
to 14312 detroit apartment	5
in the tracks with	5
a little closer i	5
little closer i can	5
of parma for failure	5
cautions for drug abuse	5
been going off for	5
up to the hospital	5
in a 19 with	5
we're going to make	5
3's in service we'll	5
a female that's been	5
accessible we'll be 10-8	5
sitting in the parking	5
there was no one	5
you send it to	5
did not wish to	5
not have a description	5
partially black in the	5
is blocking the driveway	5
in front of corky's	5
respond to the lakehouse	5
out there quite a	5
it was quiet upon	5
a deal for you	5
for ovi can you	5
up here real quick	5
home for the night	5
a female to the	5
took possession of the	5
old male he's a	5
door on the east	5
respond to mcdonald's 16407	5
to mcdonald's 16407 detroit	5
to take the report	5
did you check the	5
medic 2 copy back	5
want to notify cleveland	5
you guys can clear	5
car 2 will have	5
at the cleveland clinic	5
some issues with the	5
back in service release	5
scene turned over to	5
medical 1 is taking	5
to the lobby of	5
the lake shore towers	5
towers 125 06 edgewater	5
copy medic 2 to	5
be able to walk	5
the building in the	5
traffic all other companies	5
detroit for a commercial	5
door alarm at the	5
i'll be at 10-8	5
we checked the surrounding	5
we're unable to locate	5
anyone matching that description	5
3 to the winton	5
you look for a	5
look for a phone	5
there's some sort of	5
medic 1 is returning	5
from engine 3 the	5
you can notify cei	5
to stay on the	5
out at the berkshire	5
when you guys get	5
there in a couple	5
truck 1 engine 3	5
service car 2 is	5
here we'll be out	5
see if it's a	5
said that they are	5
you send me your	5
with a disabled vehicle	5
engine 3 are out	5
minutes ago he was	5
4 is in service	5
engine 3 did you	5
attention companies car 2	5
for a trouble call	5
to speedway 1511 warren	5
has been there for	5
there for about an	5
and hurd with king	5
coming in for a	5
me out on the	5
they're set here i'll	5
you have an address	5
fedor 12400 madison apartment	5
she stated she was	5
taco bell 1-5500 detroit	5
madison the fedor manor	5
in her apartment and	5
investigate all companies go	5
medic 4 en route	5
1 are going to	5
hazel he's valid no	5
3 engine 3 respond	5
she did not show	5
she's not answering her	5
12506 edgewater apartment 703	5
on one of the	5
trying to get them	5
you can tell me	5
said they spoke with	5
female to the detail	5
out of the list	5
had a note we'll	5
to the side door	5
21 i'll be checking	5
wearing a black hat	5
they're going to come	5
19 with him for	5
we'll be clear from	5
a plate for you	5
he's struggling to breathe	5
of the westerly 14312	5
that's passed out in	5
out in the jail	5
they just called back	5
the dl for the	5
we know if he	5
name one more time	5
disregard they just called	5
by a black male	5
fell and needs help	5
needs help getting out	5
responding to the west	5
medic 1 copies thank	5
this was a lift	5
17 if you could	5
you could add that	5
known to carry a	5
have to come back	5
mckinley on ramp to	5
year old female 5'8	5
i copy i have	5
would like them checked	5
there's nothing shown from	5
from three sides we'll	5
no cause for concern	5
engine 2's are out	5
a male laying on	5
you could start kufner	5
19 with this now	5
scene for a little	5
16408 madison number 5	5
check for a vehicle	5
and 24 are you	5
be out at mcdonald's	5
were advised not to	5
there's a male passed	5
if this male is	5
was a lift assist	5
back in a minute	5
vehicle blocking the drive	5
she believes it's a	5
not going to match	5
you let them know	5
we're looking for a	5
did not see it	5
1 do you guys	5
the vehicle is cited	5
if you can't get	5
plate in front of	5
male he's suspended has	5
involved in an accident	5
number on a smith	5
is there a reason	5
and 15 you can	5
if you can print	5
you also dispatch engine	5
also dispatch engine 3	5
you can disregard he	5
it was on the	5
out at the back	5
on the way for	5
in the tree lawn	5
top of the pole	5
1 will be on	5
gonna need you to	5
you to head to	5
i'm going to hit	5
engine 3 are in	5
to the west really	5
dispatch from car 8	5
2 medic 2's arriving	5
dispatch car 4 is	5
lakewood companies are responding	5
investigate all companies switch	5
on a welfare check	5
threatening to harm herself	5
1 respond to 14306	5
you send a squad	5
party call of a	5
this is the only	5
like her checked out	5
to 125 06 edgewater	5
that vehicle pc for	5
i'm heading that way	5
some sort of mental	5
the time of this	5
time of this call	5
female that lives there	5
be responding from bunts	5
in the lobby and	5
12405 franklin apartment 3	5
we'll be on scene	5
that male is being	5
back if you can	5
old female that she's	5
not able to find	5
with henry victor edward	5
with a change in	5
hour and a half	5
dl for my passenger	5
and is having difficulty	5
be clearing here in	5
clearing here in a	5
i added notes we're	5
211 can i get	5
if you guys need	5
before you go back	5
19 i'll be all	5
be heading up to	5
can you stop over	5
can you run another	5
we're transporting one to	5
out of cleveland 24	5
he said i'll be	5
i'm closer to the	5
male states there's a	5
you can just send	5
you can continue with	5
medic 1 engine 2	5
and i should be	5
is on scene we're	5
to be under the	5
and i can start	5
on the opposite side	5
opposite side of the	5
some type of disturbance	5
2 has command all	5
has command all companies	5
companies medic 3 on	5
they're unable to get	5
unable to get her	5
companies medic 1 truck	5
for the driver of	5
winton place 12700 lake	5
can you guys start	5
engine 3 do we	5
3 do we need	5
give me a phone	5
you guys can check	5
her a call and	5
was cited and released	5
care of the hospital	5
he's not on the	5
the station i'll be	5
if you can please	5
gave me comes back	5
have a deal for	5
the male we have	5
you have a moment	5
you just confirm that	5
a mutual aid squad	5
to be a minute	5
riding in the squad	5
to give them a	5
can you run her	5
a company's medic 3	5
post office parking lot	5
respond with medic 3	5
around to the back	5
a silver toyota corolla	5
thank you i'm out	5
go in the lunch	5
front of her house	5
the last couple hours	5
i was flagged down	5
to the cove community	5
21 i'll be 10-8	5
requesting a check on	5
to check on his	5
with king charlie henry	5
a couple times there's	5
couple times there's no	5
see if there's anyone	5
her in the face	5
of the parties involved	5
was the first name	5
sounds like this is	5
male with a beard	5
will be at the	5
his id card is	5
with that date of	5
somewhere in the area	5
said it looked like	5
year old female needs	5
we're out at fairview	5
could you please try	5
is utl we'll be	5
them we'll be 10-8	5
put me out with	5
his 17 year old	5
across the street and	5
the owner he's going	5
a 10-16 with us	5
to get away from	5
assist a male at	5
back in service refusal	5
1346 cove be upstairs	5
to be clearing lakewood	5
vehicle that's blocking the	5
white female in her	5
he should be on	5
the street in front	5
street in front of	5
is calling saying that	5
do you think you	5
not sure who it	5
guys can disregard the	5
you can probably disregard	5
over to the westerly	5
attention car 2 respond	5
this was an issue	5
the fedor 12400 madison	5
to fairview engine 2	5
haven 1341 marlowe in	5
thinks she might have	5
you attempt to lock	5
out to move the	5
station 1 copies thank	5
she needs to get	5
no wants active permit	5
i go to lunch	5
will be transporting to	5
obt for that vehicle	5
it now i'll be	5
13 cars are out	5
3 medic 3 truck	5
you assist lfd at	5
who's going to be	5
a 12 year old	5
he's having trouble breathing	5
a resident that fell	5
or if it was	5
it was involved in	5
does she have a	5
that comes in please	5
for a few months	5
and he's in the	5
she's unable to stand	5
medic 2 on the	5
for a 33 year	5
dispatch engine 2 medic	5
en route to portage	5
do you need her	5
and car 4 are	5
she wants to go	5
to go to fairview	5
parked too far from	5
resident said there's a	5
she needs to leave	5
thank you bye bye	5
me your phone number	5
detroit for an mva	5
you could please change	5
he's trying to find	5
5 do you want	5
the area of west	5
complainant called back she	5
stop up here and	5
out at the carlisle	5
3 you can show	5
nothing showing from three	5
showing from three sides	5
date of birth of	5
can come out and	5
we're gonna be back	5
he's advised of the	5
you for your time	5
checking the area for	5
phone with a female	5
i'll get you back	5
they were at the	5
and the owner is	5
that come back to	5
she's having pain in	5
and she also has	5
one out of cleveland	5
it's entering agency only	5
did you get the	5
12 i'm all set	5
medical 1's on the	5
returning to city we're	5
dispatch truck 1's arriving	5
truck 1 and engine	5
is probably going to	5
1 copies we'll be	5
is in service refusal	5
brown it's gonna be	5
202 can you have	5
is still on the	5
can you contact the	5
en route from warren	5
said that she just	5
13 can you run	5
a gray hoodie and	5
me a picture of	5
separated for the night	5
she's unresponsive but breathing	5
old female possibly having	5
i can make contact	5
she's a black female	5
can you just put	5
on the way with	5
know when you get	5
car 2 copies dispatch	5
and all companies engine	5
you have the squad	5
respond to the lakeshore	5
2 will be investigating	5
all companies can return	5
and can you start	5
the detail if you	5
can you have somebody	5
can we get an	5
back in service truck	5
are you looking for	5
3 to o'neill 13900	5
2 truck 1 and	5
truck 1 back in	5
turned over to lpd	5
to pick it up	5
they're on the phone	5
she was having a	5
has a seizure disorder	5
car 2's responding to	5
medic 2 to engine	5
2 on scene switching	5
3 en route from	5
gonna be the same	5
out of warrensville heights	5
sent a message to	5
me know if she's	5
know if she's valid	5
29 i'm gonna be	5
there's a dog that's	5
okay she was just	5
vehicles parked in the	5
tried to get a	5
please put me on	5
she just wants to	5
we had a call	5
a smell of gas	5
route from station 3	5
across the street said	5
if you could open	5
the stall and advise	5
has the vehicle i'll	5
was some type of	5
very hard to understand	5
a second if you	5
we were up there	5
to the burger king	5
in the jail for	5
moved it i'll be	5
vehicle is cited for	5
if not can you	5
you could start kufner's	5
the scene in service	5
unit 1 is going	5
211 i copy detroit	5
fire department at the	5
2 sides we'll be	5
lives at that address	5
be 19 with her	5
just said it was	5
i don't see a	5
anything on the camera	5
checked in front of	5
there to see if	5
i have a number	5
a call for a	5
2 to engine 3	5
said it was in	5
is short of breath	5
a vehicle on the	5
29 i copy that	5
he's not in the	5
company called back they	5
in front of 1464	5
says there's a white	5
medic 1 14300 detroit	5
answer i left a	5
guys start heading to	5
be on in a	5
truck 1 we're out	5
should be a blue	5
if you could run	5
10-8 if you can	5
out of westlake on	5
of westlake on a	5
in the west garage	5
she's unable to walk	5
male he fell and	5
and they have a	5
the listing is king	5
in the driveway she	5
copy we're in service	5
out on the ice	5
walking in the street	5
en route to you	5
on my way to	5
just before the mckinley	5
id for my driver	5
him he said he's	5
he might be in	5
lincoln lincoln last name	5
cleveland 37 year old	5
do we know where	5
on my way back	5
a separate and i'm	5
10-8 from here i'm	5
an obt for this	5
strong odor of natural	5
said she is breathing	5
the car is parked	5
i'll be pulling up	5
the front or the	5
front or the back	5
3 truck 1 and	5
for medic 3 can	5
to her car and	5
have him come out	5
going to 19 and	5
3 engine 3 en	5
westerly 14312 detroit for	5
show medic 1 out	5
old female with severe	5
birth when you can	5
black brown valid id	5
to make sure we	5
the name of that	5
you can check the	5
make sure he doesn't	5
they said they don't	5
her back and see	5
back and see where	5
she said they were	5
she said the door	5
2 is transporting fairview	5
right now so i'll	5
with the female starting	5
in front of 13	5
berkshire 11820 edgewater number	5
11820 edgewater the berkshire	5
waiting for you guys	5
with the squad we'll	5
know when you can	5
you have a number	5
the owner has a	5
can you send us	5
got a lot of	5
21 are you guys	5
for a black chevy	5
need for ems medic	5
st charles and detroit	5
the stall ending mileage	5
for a female who	5
i don't need this	5
the premise file we'll	5
we advised them to	5
you know if you	5
26 can you give	5
library 15425 detroit for	5
the parking lot over	5
medics are on scene	5
he's still in the	5
no wants 10-4 can	5
you send that to	5
do we have history	5
for a 23 year	5
detroit it's going to	5
the pickup on a	5
send me the i	5
is in route to	5
i copy 19 disregard	5
a valid driver's license	5
3 you can return	5
a vehicle on 10-8	5
the phone number is	5
warren and franklin with	5
has mental health issues	5
she's having a hard	5
the lobby medic 2	5
i called the number	5
both sides of the	5
that leads to the	5
you can change the	5
can change the address	5
the parking lot said	5
the vehicles in the	5
was unable to locate	5
truck parked on the	5
lake the highland house	5
i'm just adding some	5
that there's a red	5
to mcdonald's 1430 west	5
having an asthma attack	5
she said he's a	5
what was the plate	5
and what was the	5
it's going back to	5
going back to a	5
to the plate in	5
cautions for drug possession	5
at the door we're	5
in the jail please	5
you guys check at	5
alarm has been going	5
15 can you just	5
waiting for the bus	5
the entrance of the	5
you meet me on	5
waiting in the parking	5
i couldn't get a	5
his medical alert button	5
117 north of madison	5
3 i'll be checking	5
who's that listing come	5
old female 5 foot	5
for a white van	5
from car 2 are	5
car 2 are you	5
trying to get him	5
for medic 1 can	5
go to lakeshore towers	5
1 over to lakewood	5
but no one's answering	5
a deal for the	5
and i have another	5
did you say that	5
on our 4 gas	5
was cited for parking	5
has that vehicle if	5
i can get 17	5
a group of 4	5
now in front of	5
there are no good	5
15 you can go	5
the apartment number again	5
they're supposed to be	5
out of middleburg heights	5
year old female never	5
female never had a	5
owner if you could	5
you can title it	5
the area we didn't	5
didn't hear or see	5
second out of cleveland	5
heights 27 year old	5
to leave for the	5
leave for the night	5
and there were no	5
she advised that she	5
37 38 39 40	5
38 39 40 41	5
39 40 41 42	5
can you start calling	5
a few times and	5
with king frank robert	5
4 if you could	5
having high blood pressure	5
me back on the	5
room for a minute	5
out of sheffield lake	5
back if they need	5
goes back to a	5
for failure to comply	5
of the vehicle he	5
can you try that	5
with john sam x-ray	5
we can head there	5
the complaint will be	5
9 i'll be on	5
clifton just west of	5
get you to play	5
play in a second	5
in the lobby right	5
the lobby right now	5
me a phone number	5
1 truck 1 car	5
1 car 2 are	5
car 8 medic 1	5
to the detail i'll	5
detail i'll be 10-8	5
to the corner of	5
to the bus stop	5
the bus stop at	5
they're trying to get	5
check the southwest corner	5
was a third party	5
no one i copy	5
there's no lights on	5
yelling at her and	5
car 2 back in	5
have your report number	5
a problem with the	5
2 is transporting 1	5
day we'll be 10-8	5
have a report on	5
i copy from madison	5
pc for my stop	5
a female said she	5
said she was going	5
been parked in the	5
to move it now	5
is valid no one's	5
but there's no answer	5
of madison i'll be	5
heard from her since	5
don't know what's going	5
south of franklin john	5
before i go to	5
bunts just north of	5
and franklin with king	5
complainant said that they	5
on the ground and	5
sounds like they're going	5
get him from detroit	5
if the owner is	5
he is a qualified	5
he's on the east	5
we're going to keep	5
quiet on arrival there	5
guys head back to	5
it's coming back to	5
and possession of drugs	5
both out of the	5
suspended with driving privileges	5
got a 19 for	5
for a loud music	5
park 16900 detroit for	5
11 i copy madison	5
edgewater marine towers west	5
to lakewood park for	5
lakewood park for the	5
you know if we	5
if we need you	5
he's gonna come out	5
gonna come out and	5
just to get a	5
could you please check	5
for a check on	5
she has not been	5
is not in violation	5
17 name and date	5
a plate for the	5
vehicles matching that description	5
can get him madison	5
marlowe the haven room	5
medic 1 and engine	5
but he's not responding	5
medic 3 is at	5
on the phone number	5
from around the corner	5
old female she is	5
he checks okay he's	5
and female yelling at	5
female yelling at each	5
she said she heard	5
en route if you	5
if any of the	5
with john william king	5
and tell her to	5
passed out behind the	5
out behind the wheel	5
is no need for	5
the tracks there's a	5
to let us in	5
you can show units	5
was unable to provide	5
to provide a description	5
detroit and cook with	5
want to double check	5
13 what's the last	5
bunts south of detroit	5
there's no problem here	5
at bunts and clifton	5
noise coming from the	5
they're going to take	5
i need the 19	5
3 is arriving on	5
you run a deal	5
to stop at the	5
a vehicle without standing	5
swerving all over the	5
that the male is	5
24 they're all set	5
i be out of	5
1 truck 1 will	5
you want to meet	5
fell down the stairs	5
patient evaluated refusal obtained	5
can you copy to	5
like it may be	5
i'll be following the	5
they didn't hear anything	5
is medic 3 respond	5
for a 53 year	5
can head to madison	5
9 i'll be all	5
to the detail he's	5
it sounds like a	5
out of cleveland 2007	5
she does have an	5
he lives in apartment	5
by the front door	5
the other one's a	5
car 2 can handle	5
i'm out with the	5
all these 1600 west	5
28 are you all	5
and let him know	5
a black female with	5
1 respond to 1341	5
respond to 1341 marlowe	5
to be a blue	5
out of cleveland 26	5
of cleveland 26 year	5
not being very cooperative	5
try to get to	5
i'm out 229 i'm	5
out 229 i'm out	5
okay i'll be 10-8	5
play here in a	5
cleveland 45 year old	5
you just check if	5
you can notify the	5
did you see that	5
over here at the	5
out with them at	5
12 you can disregard	5
you want to make	5
need that back just	5
that back just add	5
the fence in the	5
be heading up there	5
the phone can i	5
all the way back	5
we're just west of	5
that i have the	5
can i get you	5
you have the complainant	5
the property manager called	5
on his way up	5
to medic 3 we're	5
at 14401 detroit apartment	5
the high school for	5
rest of the day	5
be 10-8 en route	5
10-8 en route back	5
in detroit with john	5
not sure what happened	5
with a female in	5
the lake house apartment	5
is advised and released	5
advised and released on	5
is calling in saying	5
we have a description	5
still in the parking	5
in detroit there's a	5
out with john victor	5
was released to a	5
use the side door	5
at mckinley on the	5
and car 8 if	5
go back up to	5
we're gonna be 10-8	5
wanting to harm himself	5
we're gonna head to	5
who lives in apartment	5
out of cleveland 31	5
to file a report	5
threatening to harm himself	5
number 3 medic 3	5
can you start customer	5
okay we're going to	5
the registered owner if	5
i get the traffic	5
old male needs a	5
warren north of detroit	5
should be a 2023	5
can get them to	5
you check up the	5
on arrival they were	5
arrival they were advised	5
detroit and spring garden	5
all set i'm just	5
can you start another	5
they want us to	5
her in a second	5
the back hill and	5
check on a black	5
she just wants the	5
we're 10-8 we're going	5
for violent tendencies drug	5
west clifton i'll be	5
go up to the	5
food order for the	5
go ahead i'm 10-8	5
complainant says there's a	5
of the complaint they	5
warren in the tracks	5
the other car is	5
said that a male	5
if it's in the	5
that he did not	5
your radio cut out	5
are still on scene	5
temp permit no wants	5
an id card for	5
copy can you copy	5
send me a picture	5
3 medic 2 and	5
car 2 to engine	5
and will be en	5
23 can you get	5
come to the back	5
she said you can	5
if they need us	5
old female feeling dizzy	5
medic 2 are you	5
our arrival we'll be	5
advise and release on	5
1 copies we're en	5
of the laser wash	5
car 2 to truck	5
10-4 and she said	5
she said she thinks	5
said there were two	5
i copy this is	5
stop was random registration	5
south of hilliard with	5
anything out of the	5
no license to confiscate	5
not sure what the	5
211 can you run	5
he's having chest pain	5
giving this male a	5
get anything back on	5
of madison with henry	5
202 can you add	5
in the pickup radius	5
en route to carlisle	5
you here in a	5
a trailer attached to	5
that vehicle i added	5
odor of something burning	5
male sleeping in the	5
he said he's a	5
and screaming at each	5
there is a black	5
back of the house	5
said that they saw	5
it to our car	5
your number is going	5
for an 83 year	5
a possible intox driver	5
copy can you just	5
23 is on scene	5
no driver license to	5
i'll give him a	5
she also has a	5
10-8 and i have	5
just called me back	5
in the city of	5
23 i'll be with	5
from the jail and	5
and he's refusing to	5
copy can you give	5
the street from the	5
the station with a	5
with high blood pressure	5
male sitting on the	5
i'll respond to that	5
directly in front of	5
19 you can show	5
can you look up	5
be 10-8 we'll head	5
cleveland 28 year old	5
i'm going to clear	5
and a white female	5
believe it was a	5
station 1 medic 1	5
a name for the	5
with him in front	5
me on this for	5
on this for a	5
male with a white	5
winter haven in apartment	5
the haven medic 1	5
and he said he's	5
be a white female	5
going to head down	5
east of west clifton	5
from car 2 we're	5
taco bell parking lot	5
cleveland 47 year old	5
just wants the area	5
and the other one's	5
adam henry last name	5
have the owner of	5
she wasn't sure if	5
detroit in the parking	5
was coming from the	5
fine we'll be 10-8	5
i'm 10-8 and i	5
you respond to walgreens	5
in the background and	5
tried calling the number	5
a few minutes and	5
be heading over to	5
added some notes if	5
the door on the	5
yeah you can go	5
copy i don't know	5
hard to understand what	5
have the key to	5
go over to the	5
from station 1 do	5
out of parma on	5
of parma on a	5
you could start heading	5
dispatch station 3 copies	5
you advise the jailer	5
parking lot she said	5
to harm herself she	5
on the premise file	5
in over a week	5
2 we're all set	5
an officer about some	5
you could just put	5
and the south marginal	5
trespass if you could	5
just stand by for	5
they said they're going	5
resident calls that there's	5
that there's a vehicle	5
we'll be knocking on	5
vehicle out of the	5
3 are you able	5
out with that mail	5
11 can you add	5
72 i'll be with	5
she said that there's	5
was assaulted by her	5
she just wanted to	5
valid no wants 24	5
don't know if she	5
female is unable to	5
able to call the	5
i don't think it	5
looked like it was	5
it's in the pickup	5
officers out with a	5
this is the mail	5
i spoke with a	5
i'll be with a	5
for 80 year old	5
19 we can take	5
companies medic 1 14306	5
can you see me	5
on his door and	5
on her way home	5
out of the er	5
the plate is john	5
and i added the	5
male in a blue	5
with a separate you	5
patient was assisted no	5
was assisted no need	5
my partner's talking to	5
was yelling at her	5
to the travel lodge	5
vehicle is in the	5
want me to go	5
me to go to	5
and 11 are you	5
exchanged information and i	5
can check the area	5
he hit his head	5
he's gonna be in	5
the other units are	5
companies medic 3 engine	5
i copy warren and	5
vehicle matching that description	5
on her way back	5
copies we're in service	5
try to reset the	5
the light i'll be	5
to the er to	5
1 we're out at	5
209 can i be	5
mental health issues and	5
she did not want	5
that appears to be	5
pick up an order	5
an order for the	5
medic 3 is around	5
to make sure it's	5
in front of giant	5
front of giant eagle	5
you 19c dispatch for	5
10-8 1b is clear	5
they've asked him to	5
sitting on the sidewalk	5
trying to find out	5
she'll be waiting downstairs	5
said the back door	5
start kufner for the	5
gonna head that way	5
202 are you all	5
the cad number for	5
and you can make	5
can show us tonight	5
it could possibly be	5
between male and female	5
93 year old female	5
on scene they're gonna	5
me a call back	5
madison there's a female	5
urgent care at 14800	5
closed from detroit to	5
was the address again	5
we advise them to	5
have to get on	5
show me the public	5
after the light with	5
in the area looking	5
i'm about to clear	5
from detroit for a	5
don't need this back	5
the last couple days	5
it could be a	5
with them in front	5
that male did not	5
going through alcohol withdrawal	5
south of lakewood heights	5
dispatcher medic 1 medic	5
just north of berea	5
truck 1 we're back	5
getting anything back with	5
you to plate in	5
to plate in a	5
out with him here	5
give it to the	5
the southeast corner of	5
detail i don't need	5
had a note to	5
make contact with anyone	5
2 en route from	5
i'll be in pursuit	5
in pursuit of that	5
pursuit of that vehicle	5
be waiting by the	5
the male is still	5
was going to come	5
no plate on it	5
getting anything back on	5
a white male about	5
the first one was	5
there's a white vehicle	5
couldn't give me any	5
didn't see or hear	5
was stolen out of	5
for a few more	5
11 can i get	5
the lakewood garden center	5
all set i'm gonna	5
for about 5 minutes	5
put me on that	5
i was talking to	5
speak to the resident	5
i covered you can	5
door on the right	5
do you have anything	5
the scene we'll be	5
the back seat of	5
be parked in the	5
i copy from lakewood	5
the last 20 minutes	5
to head back to	5
come out of the	5
in the front or	5
there's a red vehicle	5
card is valid break	5
for the neighborhood officer	5
just west of bunts	5
a black pickup truck	5
to keep an eye	5
the listed owner has	5
there's a male sleeping	5
to speak to her	5
male was released to	5
company's medic 1 respond	5
looks like he was	5
dispatch if you can	5
need for ems patient	5
they said it's a	5
be in the front	5
a red shirt and	5
arrival she was advised	5
sounds like it's gonna	5
copy truck 1 car	5
they said that they're	5
she said she believes	5
we were on the	5
he could tell me	5
the parking lot in	5
gonna be checking the	5
they should be in	5
between the two parties	5
he said the male	5
plates he was not	5
he did not have	5
10-4 do you know	5
to come up to	5
to the complainant she	5
i'll take a look	5
for the stop with	5
traffic on the road	5
a call back if	5
you could just leave	5
i believe it's going	5
believe it's going to	5
11 if you could	5
14401 detroit apartment 314	5
with this female beginning	5
try to stop it	5
with king boy queen	5
advised i'll be 10-8	5
1 take 1 to	5
and would like us	5
in for dci and	5
can show me arriving	5
that he's in a	5
the vehicle that hit	5
you can clear that	5
us to check for	5
not have any weapons	5
medic 1 i have	5
that way from the	5
possibly coming from the	5
ocean date of birth	5
first name's gonna be	5
out of university heights	5
date of birth i	5
and not feeling well	5
can show medic 3	5
i copy engine 3	5
closed between athens and	5
warrant pick up please	5
i added it to	5
added it to the	5
you add a deal	5
i am 10 8	5
i'll have there as	5
i'll be out the	5
area it's all quiet	5
1 is at fairview	5
detroit ennis court room	5
check on a vehicle	5
go ahead just be	5
is going to respond	5
female said she's not	5
vehicle was sighted the	5
here if you can	5
contact with the male	5
medic 3 if you	5
14 can you check	5
ahead that male was	5
the list you can	5
patient was evaluated declined	5
go ahead did you	5
to meet you in	5
year old male id	5
the edge on clifton	5
there is a white	5
shows the plate expires	5
catch up to it	5
right now we have	5
cad i'll be 10-8	5
and 12 are you	5
guys set we're all	5
3 station 3 copies	5
year old female no	5
be at madison and	5
on the detroit bridge	5
and en route to	5
when you get back	5
i copy and they're	5
got him on the	5
him on the camera	5
in a motorized wheelchair	5
male with a valid	5
agent 2 is en	5
to assist medic 2	5
a 10-16 with a	5
be on the north	5
you can show car	5
can show car 2	5
check on the area	5
on the area of	5
it's quiet on arrival	5
a female and her	5
and she did not	5
the lobby medic 1	5
just sent you a	5
wearing a black t-shirt	5
check eastbound on madison	5
medic 1 14312 detroit	5
patient was evaluated no	5
on the west end	5
ahead this was a	5
in a second here	5
so you know the	5
from here i'll have	5
here i'll have a	5
side of the park	5
does not know the	5
detroit complainant said that	5
you have an officer	5
if we have anything	5
something burning in the	5
she doesn't know where	5
for a trapped groundhog	5
companies marine 2 is	5
marine 2 is on	5
madison apartment number 1	5
the father of the	5
that was involved in	5
edward lincoln lincoln adam	5
copy i was just	5
all set there we're	5
there we're all set	5
1245 hathaway the upstairs	5
in the area i'm	5
dairy queen 16803 detroit	5
14 i can head	5
and 22 are you	5
for a power line	5
there is a group	5
go ahead we're out	5
detroit i'll be with	5
lakewood with one patient	5
with one patient and	5
up there's no answer	5
copy medic 3 to	5
complainant said that someone	5
can i get his	5
to meet up with	5
will meet you in	5
and can't get up	5
ahead i'll be 19	5
can you get 14	5
companies engine 2 respond	5
status is valid no	5
he did not answer	5
was advised and sent	5
on his way i'll	5
his way i'll be	5
can put me back	5
would like to be	5
is out with lpd	5
just add them to	5
try to locate a	5
you can leave a	5
i just checked the	5
at clifton and cove	5
already reduced prices exclusions	5
reduced prices exclusions apply	5
you can have the	5
you can just figure	5
3 i copy medic	5
having trouble breathing and	5
ahead the owner of	5
companies medic 2 to	5
2-8 i'll be out	5
ahead spoke with the	5
welfare check on her	5
the corner of clifton	5
station 1 copies car	5
company is on scene	5
by for a second	5
73 do you copy	5
go ahead john victor	5
can show all units	5
westbound just before the	5
dispatch station 2 copies	5
everything checks okay 10-8	5
copy medic 2 you	5
for an 82 year	5
old female she's having	5
said there was no	5
that's correct thank you	5
12 i copy warren	5
checking the area of	5
ahead we'll be out	5
you can respond to	5
set here we'll be	5
was able to retrieve	5
edgewater are you all	5
he hasn't heard from	5
for a 27 year	5
would like officers to	5
a white t-shirt and	5
in a gray honda	5
her 9 year old	5
2 to dispatch medic	5
to dispatch medic 2	5
dispatch on all companies	5
checks okay i'll be	5
1 medic 1 back	5
at lakewood park on	5
that doesn't come back	5
that needs to be	5
old female not valid	5
a valid id never	5
a black male he	5
did they say where	5
no wants he has	5
protection order issued against	5
medic 1 station 1	5
still trying to figure	5
year old white male	5
area i'll be 10-8	5
foster pool 14532 lake	5
kufner says a vehicle	5
212 respond to the	5
the registered owner has	5
check on a white	5
complainant is saying that	5
year old daughter is	5
appears to be in	5
you change it to	5
no wants thank you	5
go ahead after the	5
there's an older male	5
also has an active	5
a report number in	5
go ahead king george	5
2 medic 2 out	5
go ahead last name	5
and she does not	5
around the back of	5
he's in a white	5
of detroit i'll be	5
for a suicidal female	5
swerving in and out	5
have the 19 to	5
ahead that female is	5
212 can you run	5
70 i'll be out	5
with john david sam	5
the owner can you	5
owner can you just	5
just see if there's	5
service engine 2 is	5
that's down on the	5
go ahead king ida	5
1 copy medic 1	5
if you can show	5
12019 lake the days	5
medic 1 engine 3	5
engine 3 engine 2	5
medic 3 medic 2	5
madison there's a white	5
27 i'll be en	5
the area for him	5
is out in the	5
vehicle we're going to	5
have a large tree	5
tree down in the	5
me to send the	5
anything in the area	5
verbal argument they were	5
argument they were advised	5
we should be able	5
from car 10 car	5
go ahead the vehicle	5
young black male wearing	5
able to get it	5
and he's on his	5
common spelling middle initial	5
cleveland 29 year old	5
copies engine 3 is	5
dog that's been barking	5
this time medic 3	5
medic 2 engine 3	5
could you 19c dispatch	5
they haven't heard from	5
over there and see	5
been parked there since	5
1 car 2 respond	5
can you try a	5
on his way and	5
black male and a	5
said he was on	5
he's valid he has	5
they can come out	5
vehicle is parked in	5
just got flagged down	5
2 is responding to	5
the door is open	5
your report number and	5
and that will be	5
top of the hill	5
engine 2 from command	5
engine 2 we're going	5
he's wearing a white	5
to be in his	5
from detroit to clifton	5
and brown has a	5
that the female was	5
be 19 for the	5
in her left arm	5
black and brown she's	5
said he was hit	5
he was hit by	5
said she can see	5
said she's not feeling	5
fell off his bike	5
could you check southbound	5
all units will be	5
from engine 2 we	5
smoke alarm going off	5
for an 85 year	5
an officer about his	5
i copy lake and	5
the plate on it	5
inside for the night	5
then hung up on	5
he said that it's	5
hydrant in front of	5
10-4 do you need	5
me in the report	5
it i don't know	5
at navyfederal org navy	5
navyfederal org navy federal	5
org navy federal credit	5
service medic 2 is	5
be on our way	5
you're trying to call	5
the area of warren	5
get the color on	5
of the pickup i	5
fairview engine 3 is	5
white male is wearing	5
can give them a	5
the parking lot with	5
need to speak to	5
209 i'm 10-8 and	5
over there in a	5
said advise and release	5
overlook apartments 11868 clifton	5
for a male refusing	5
cleveland 44 year old	5
has an expired ccw	5
robin for a vehicle	5
there's a caution for	5
black male he's wearing	5
on clifton and west	5
10-4 it's going to	5
would you like it	5
the waverly 14567 madison	5
but you can advise	5
go ahead i spoke	5
it's on a gray	5
on her apartment door	5
was on his way	5
head up to that	5
and blue suspended valid	5
10-4 212 12 i	5
212 12 i copy	5
dispatch medic 1 arriving	5
ahead can you have	5
female said there was	5
come out and take	5
and take care of	5
responding to the area	5
can you assist parking	5
you assist parking enforcement	5
the days inn room	5
you send truck 1	5
i found the owner	5
female is a consumer	5
engine 3 do you	5
smoke detector that was	5
east and west of	5
is a private tree	5
it looks like there	5
leave a message for	5
a resident of the	5
will also respond to	5
anyone able to clear	5
they're all set down	5
on my work phone	5
we were out with	5
having some mental health	5
in the street and	5
mutual aid for that	5
a call at the	5
her head she is	5
of detroit with a	5
head that way too	5
there in a moment	5
with john john charlie	5
year old black female	5
have me to the	5
reason for the stop	5
don't know if there's	5
for a 34 year	5
and the female is	5
to the commodore club	5
brown dl is not	5
the area of lake	5
on the phone stating	5
is missing from the	5
the back of it	5
saw a black male	5
he was talking to	5
in front of station	5
i'll be transporting this	5
brown dl is suspended	5
is suspended no wants	5
208 are you all	5
found the phone number	5
plate on it is	5
be back out on	5
we were on scene	5
in the backyard on	5
a message if you	5
let me get you	5
no i got it	5
white female with a	5
with king george king	5
is under the influence	5
walking westbound on detroit	5
is refusing to give	5
said that he's a	5
i can't see the	5
be able to handle	5
me primary on this	5
said she hasn't been	5
trying to help him	5
looks like it's an	5
memorial day sale save	5
day sale save on	5
for that male he's	5
have a license to	5
what's the description of	5
so we're gonna be	5
advised that the male	5
go ahead west 117	5
that called it in	5
want me to head	5
1's en route 10-4	5
respond to giant eagle	5
one's out of the	5
old male complaining of	5
dl is suspended id	5
address here in a	5
ahead we have a	5
i'll be speaking to	5
said that he had	5
front of the business	5
of the fire hydrant	5
wearing all black and	5
from station 2 engine	5
station 2 engine 2	5
can hear what sounds	5
hear what sounds like	5
around the corner of	5
sorry you said you	5
have a female in	5
for a 60 year	5
sorry what was your	5
a 63 year old	5
area of lakewood heights	5
2 copy medic 2	5
she can hear a	5
requesting a welfare check	5
don't know if that	5
in apartment number 6	5
has been trying to	5
closed between madison and	5
parked on the west	5
and i have to	5
to go on a	5
the executive house apartments	5
the executive house 11839	5
house 11839 clifton number	5
50 miles an hour	5
in the premise file	5
can you grab a	5
a laceration on her	5
ridgewood apartment 1 medic	5
3 will be back	5
be switching over to	5
22 i'll be standing	5
of the car is	5
year old male failure	5
old male failure to	5
you could notify the	5
could notify the illuminating	5
get you in a	5
we have both copy	5
and everything checks okay	5
the phone they said	5
detroit check for a	5
that should be the	5
listed owner has a	5
requesting to speak with	5
he's a valid id	5
o'neill 13900 detroit number	5
and can you add	5
so you know i'm	5
have the caller meet	5
the caller meet us	5
to the clifton cove	5
was in the vehicle	5
have the report number	5
a plate on it	5
miles an hour there's	5
there's no traffic on	5
with a history of	5
a history of heart	5
engine 2 we're en	5
medic 2 out of	5
a plate on the	5
brown and hazel valid	5
nick date of birth	5
the male in a	5
the left side of	5
what the issue is	5
that back if you	5
14 are you all	5
for a hit skip	5
3 we're in the	5
boy edward lincoln lincoln	5
i'm gonna head up	5
clear from here i	5
like there was a	5
in the pool area	5
i'm sorry do you	5
old female that needs	5
appears to be confused	5
between mckinley and hilliard	5
are we looking for	5
female wearing all black	5
with king john lincoln	5
that there's a female	5
have engine 2 respond	5
east of the mckinley	5
of the mckinley bridge	5
put you back on	5
of the building i	5
could put me out	5
the parking lot but	5
to you in service	5
4 can you send	5
a 6 year old	5
with the lights on	5
i can just get	5
company switch to fire	5
believe it's gonna be	5
1 of the other	5
either 1 of those	5
2 11 and 220	5
another car to assist	5
copy that's gonna be	5
0 2 can you	5
you can disregard if	5
you wanna see if	5
wanna place a hold	5
get them from the	5
out of cleveland 02	5
went to voice mail	5
1 medic one's arriving	5
the library 15425 detroit	5
10 8 i'll be	5
male 5 7 1	5
dispatch 3 back in	5
11 i'm gonna be	5
gonna be a gray	5
send me the number	5
two's back in service	5
1 seventeenth in madison	5
9 will be out	5
22 i'll be 10	5
here i'll be 10	5
is gonna be the	5
pull me back out	5
1 17th in detroit	5
is gonna be for	5
set here i'm gonna	5
we're gonna be clearing	5
20 9 or 10	5
year old male valley	5
a white t shirt	5
king henry queen 6	5
you copy the plate	5
2 car mva in	5
and the other 1	5
dl id card it's	5
id card it's valid	5
we're out with the	5
vehicle i'll be 10	5
2 could you put	5
the feeder 12400 madison	5
1 80 brown and	5
you give me 20	5
you assist the female	5
a with a separate	5
with a bunch of	5
17 you can just	5
is this gonna be	5
on 10 8 i	5
it looks like you	5
old female she's silent	5
2 is that a	5
set i'll be 108	5
detroit for a 2	5
not gonna be a	5
20 5 and 2	5
station wagon place expiring	5
you're looking for a	5
copy it's gonna be	5
year old female '5	5
can 1 of you	5
20 2 and 219	5
that's locked out of	5
of birth is 12	5
1 copy back in	5
we'll all be 10	5
1998 27 year old	5
he's gonna be a	5
and we'll be 10	5
callback and see if	5
1 medic one's in	5
send me the id	5
we're gonna take that	5
gonna take that call	5
are gonna be out	5
old male 5 6	5
be headed to the	5
20375 center ridge road	5
2 is gonna remain	5
the place is gonna	5
10 8 and i'm	5
can you check i	5
90 eastbound east of	5
you start coughing for	5
medic 1 i got	5
1 it's gonna be	5
number 10 medic 3	5
2 is also gonna	5
i'm gonna try and	5
truck 1 copy we're	5
to give me the	5
go ahead and commit	5
it's a valid id	5
on the on ramp	5
i 90 westbound at	5
4 door the plate	5
old female 5 5	5
2 is gonna handle	5
out of cleveland 2	5
on scene we're gonna	5
old male 6 1	5
know if you're able	5
2 22 and 220	5
it will be 108	5
that male is gonna	5
16 c on a	5
02 15 are you	5
gonna go check it	5
1 of the vehicles	5
here is gonna be	5
i got you from	5
it's not gonna be	5
dispatch medic 1 17	5
date of birth 08	5
dispatch medic two's out	5
and we're gonna be	5
truck 2 and engine	5
to the feeder manner	5
companies car 2 engines	5
of birth is 07	5
male fell on the	5
we're gonna be at	5
if you wanna try	5
is gonna be clear	5
dispatch medic 3 17	5
vehicle brake for another	5
medic 2 0 1	5
3 4 1 marlowe	5
is gonna be closed	5
a 10 16 on	5
if not could you	5
for a 19 year	5
back to hurd's vehicles	5
to hurd's vehicles llc	5
there's a dark colored	5
detroit the 1 oak	5
for commercial burglar alarm	5
104 i'm all set	5
it's gonna be 108	5
respond to the highland	5
20 9 we're 10	5
just get 1 more	5
12400 madison apartment 808	5
the city and i'll	5
dispatch truck 1 medic	5
72 on 10 8	5
14 you can just	5
in no parking zone	5
2 0 3 copy	5
be with you shortly	5
2 parties in the	5
02 15 name date	5
claims that there's a	5
2 i'll be 10	5
20 2 and 214	5
truck 2 engine 2	5
12506 edgewater apartment 806	5
copy can you go	5
you guys could check-in	5
guys could check-in the	5
a out of cleveland	5
15 you can start	5
15 10 7 install	5
anyone else is coming	5
second is gonna be	5
is out of metro	5
is gonna be adam	5
so we'll be 10	5
you run a vin	5
closed between nicholson and	5
medic 1 to arrive	5
1 to arrive at	5
address is gonna be	5
and the second 1	5
10 16 c's on	5
dispatch make sure you're	5
i'm gonna be following	5
2 12 will be	5
squad assist 10 8	5
is gonna be tom	5
should be wearing a	5
19 and 2 15	5
20 2 i can	5
can you get 17	5
i'll be coming from	5
dispatch medic one's arrived	5
alright class tell me	5
class tell me about	5
tell me about your	5
me about your weekend	5
about your weekend leo	5
your weekend leo well	5
weekend leo well my	5
leo well my sister	5
well my sister wants	5
my sister wants to	5
sister wants to go	5
wants to go camping	5
to go camping so	5
go camping so my	5
camping so my parents	5
so my parents took	5
my parents took us	5
parents took us in	5
took us in our	5
us in our new	5
in our new nissan	5
our new nissan pathfinder	5
new nissan pathfinder through	5
nissan pathfinder through a	5
pathfinder through a mountain	5
through a mountain trail	5
a mountain trail thank	5
mountain trail thank you	5
trail thank you leo	5
thank you leo no	5
you leo no it's	5
leo no it's not	5
no it's not over	5
it's not over yet	5
not over yet my	5
over yet my brother	5
yet my brother wants	5
my brother wants to	5
brother wants to explore	5
wants to explore some	5
to explore some caves	5
explore some caves so	5
some caves so we	5
caves so we drove	5
so we drove up	5
we drove up a	5
drove up a bunch	5
up a bunch of	5
a bunch of sea	5
bunch of sea pills	5
of sea pills and	5
sea pills and then	5
pills and then we	5
and then we with	5
then we with its	5
we with its v	5
with its v 6	5
its v 6 engine	5
v 6 engine and	5
6 engine and 9	5
engine and 9 speed	5
and 9 speed automatic	5
9 speed automatic transmission	5
speed automatic transmission the	5
automatic transmission the nissan	5
transmission the nissan pathfinder	5
the nissan pathfinder can	5
nissan pathfinder can power	5
pathfinder can power your	5
can power your adventure	5
power your adventure that's	5
your adventure that's why	5
adventure that's why jd	5
that's why jd power	5
why jd power ranks	5
jd power ranks nissan	5
power ranks nissan number	5
ranks nissan number 1	5
nissan number 1 in	5
number 1 in new	5
1 in new vehicle	5
in new vehicle quality	5
new vehicle quality among	5
vehicle quality among mainstream	5
quality among mainstream brands	5
among mainstream brands the	5
mainstream brands the new	5
brands the new v	5
the new v 6	5
new v 6 powered	5
v 6 powered nissan	5
6 powered nissan pathfinder	5
powered nissan pathfinder for	5
nissan pathfinder for jd	5
pathfinder for jd power	5
for jd power 20	5
jd power 20 25	5
power 20 25 us	5
20 25 us central	5
25 us central quality	5
us central quality study	5
central quality study award	5
quality study award information	5
study award information visit	5
award information visit jdpower	5
information visit jdpower com	5
visit jdpower com slash	5
0 4 and 2	5
had you run for	5
conscious and breathing 1	5
me a 20 1	5
i'm 10 7 at	5
1 medic 1 17	5
1 17 in front	5
out to the list	5
20 5 can you	5
at americanexpress com explore-platinum	5
1 1 0 5	5
the ohio educational credit	5
ohio educational credit union	5
is back to service	5
date of birth 02	5
find your next truck	5
your next truck when	5
next truck when you	5
truck when you shop	5
when you shop with	5
you shop with woodhouse	5
shop with woodhouse chevy	5
with woodhouse chevy explore	5
woodhouse chevy explore our	5
chevy explore our limited	5
explore our limited time	5
our limited time offers	5
the 2026 chevy silverado	5
2026 chevy silverado 1	5
chevy silverado 1 500	5
silverado 1 500 custom	5
1 500 custom crew	5
500 custom crew cab	5
custom crew cab 4	5
crew cab 4 by	5
cab 4 by 4	5
4 by 4 for	5
by 4 for 4	5
4 for 4 49	5
for 4 49 a	5
4 49 a month	5
off msrp on all	5
msrp on all retired	5
on all retired courtesy	5
all retired courtesy 2026	5
retired courtesy 2026 silverado	5
courtesy 2026 silverado 15	5
2026 silverado 15 woodhouse	5
silverado 15 woodhouse chevy	5
15 woodhouse chevy together	5
let's drive with proof	5
drive with proof credit	5
with proof credit retired	5
proof credit retired courtesy	5
tax title license first	5
title license first payment	5
license first payment 299	5
vehicle must finance through	5
must finance through dealer	5
finance through dealer and	5
through dealer and based	5
2 22 and 2	5
drive with a group	5
with a group credit	5
okay we're 10 8	5
2 can you add	5
he's all set 108	5
the sound of jack	5
sound of jack buzz	5
of jack buzz cutting	5
jack buzz cutting his	5
buzz cutting his way	5
cutting his way to	5
his way to a	5
way to a small	5
to a small fortune	5
a small fortune to	5
small fortune to jack	5
fortune to jack every	5
to jack every time	5
jack every time he	5
every time he cuts	5
time he cuts his	5
he cuts his own	5
cuts his own hair	5
his own hair that's	5
own hair that's 50	5
hair that's 50 right	5
that's 50 right in	5
50 right in his	5
right in his pocket	5
in his pocket if	5
his pocket if jack	5
pocket if jack sees	5
if jack sees diy	5
jack sees diy buzz	5
sees diy buzz cuts	5
diy buzz cuts as	5
buzz cuts as a	5
cuts as a saving	5
as a saving strategy	5
a saving strategy wells	5
saving strategy wells fargo	5
strategy wells fargo is	5
wells fargo is right	5
fargo is right behind	5
is right behind and	5
right behind and with	5
behind and with their	5
and with their mobile	5
with their mobile app	5
their mobile app tracking	5
mobile app tracking his	5
app tracking his savings	5
tracking his savings is	5
his savings is easy	5
savings is easy however	5
is easy however you	5
easy however you make	5
make money work we	5
money work we can	5
work we can work	5
we can work with	5
work with that mobile	5
with that mobile carriers	5
that mobile carriers message	5
mobile carriers message and	5
carriers message and data	5
message and data rates	5
and data rates may	5
data rates may apply	5
rates may apply wells	5
may apply wells fargo	5
apply wells fargo bank	5
apartment b as in	5
it's hard to understand	5
2 0 26 1	5
is gonna be slow	5
male 5 10 1	5
20 6 10 8	5
