trigram	count
year old male	2219
going to be	2161
year old female	1729
back in service	1656
we'll be 10-8	1405
valid no wants	1330
in front of	1283
i'll be out	1282
medic 3 is	1241
dispatch medic 3	1158
i'm going to	1075
en route to	1063
i'll be 10-8	1057
you can go	1056
medic 1 medic	773
dispatch medic 1	761
if you could	754
date of birth	741
is en route	726
we're going to	721
is going to	711
out of the	705
medic 1 is	693
out of cleveland	684
be out with	657
copy thank you	651
medic 2 is	610
if you can	591
in the area	589
is back in	588
can you check	580
i have a	568
you can disregard	561
attention all companies	553
respond to the	533
dispatch from medic	513
be en route	508
i'm all set	507
24 i'm closer	499
is on scene	494
dispatch medic 2	473
the parking lot	470
medic 3 respond	465
dispatch from car	453
front of the	450
in a second	448
you all set	444
from car 2	440
engine 3 is	427
give me a	426
are you all	425
old male valid	420
is in service	420
all companies medic	419
back in the	418
1 respond to	413
i can get	411
car 2 engine	408
3 medic 3	406
3 respond to	406
medic 1 respond	403
on the phone	399
medic 3 medic	399
male valid no	397
comes back to	395
1 medic 1	394
i don't know	393
10-4 thank you	392
is gonna be	390
in the city	389
this is a	384
2 engine 2	381
it's going to	377
dispatch for medic	374
can i get	374
be 10 8	369
is out of	366
can you run	354
are you guys	344
medic 2 medic	342
dispatch to medic	341
be out of	340
the area of	340
2 medic 2	338
3 is out	337
can you give	333
in the parking	332
be out at	329
be all set	326
it's gonna be	322
out of fairview	322
can you start	315
back to the	314
you can show	313
do you have	313
you can copy	312
3 is en	312
we're all set	312
2 engine 3	310
you give me	306
i'll be 10	306
it looks like	304
dispatch medic 3's	302
you want to	300
side of the	299
engine 3 medic	299
you can just	298
can you get	292
you have a	292
station 1 copies	286
you respond to	286
we have a	284
be in service	284
we'll be out	281
2 respond to	271
i'll be checking	268
in the back	266
if you want	264
3 is on	264
trying to get	262
go ahead and	261
when you can	260
be in the	259
i'll be with	259
you run a	254
route to fairview	253
black and brown	252
a white male	250
i'll get you	245
old female valid	244
female valid no	243
should be a	243
and i'll be	241
going to go	241
to medic 1	240
and date of	238
back to a	237
medic 2 respond	237
companies medic 3	237
with a separate	236
do you want	235
3 is in	235
you could just	234
name and date	232
to be a	231
don't know if	231
i got it	230
not sure if	230
of the building	229
can you just	226
from medic 1	226
go to the	225
take that for	225
old male he's	224
i have the	223
i'm sorry i'm	223
to go to	221
to be out	221
i'm on the	220
i don't need	220
there was a	218
brown and brown	215
companies medic 1	215
we're back in	215
can take that	213
out with a	213
be back in	212
for medic 1	212
car 2 is	211
you guys all	210
a report number	209
3 is back	209
a black male	209
to fire ground	209
guys all set	207
to be in	205
to the detail	205
i copy thank	204
out at the	204
can you have	203
11 i copy	203
can you send	203
if you guys	203
old female she's	202
engine 2 medic	202
in service returning	202
valid no 1	202
a little bit	200
said there's a	200
on the way	199
one of the	199
i'm not sure	199
sorry i'm sorry	199
they're all set	198
engine 2 is	198
and see if	197
able to get	197
i'll be all	197
engine 2 engine	196
2 truck 1	196
in the lobby	195
just south of	195
set i'll be	195
can you see	195
be 19 with	194
the owner of	194
i'll be in	193
2 is en	193
she's valid no	192
he's valid no	192
1 medic 1's	192
2 is back	192
we'll be investigating	190
3's on scene	188
brown valid no	188
route to the	188
city in service	188
out of lakewood	187
to see if	187
the city in	186
from engine 3	185
for a male	185
15 i copy	183
all set here	183
i'll get him	183
3 en route	183
he said he	182
can you copy	182
from medic 3	182
truck 1 respond	181
i'll be on	181
medic 1 to	181
just north of	181
spoke with the	181
will be out	180
you put me	180
he has a	179
i can take	179
do you need	179
dispatch medic 2's	178
medic 3 we're	178
dispatch medic one's	178
i'm trying to	177
i get a	177
can show me	176
to the jail	176
3 medic 1	175
it was a	175
to speak to	175
medic 3 to	175
can you respond	175
here in a	174
i'm gonna be	174
one's en route	174
detroit for a	172
you have the	172
of birth is	172
going to have	171
there was no	171
you thank you	170
spoke to the	170
station 3 copies	169
for medic 2	168
dispatch medic 1's	168
it sounds like	168
they're going to	168
i got a	167
can get him	167
to get a	167
all set i'll	167
to speak with	167
10-8 10-8 10-8	167
and truck 1	166
3's en route	166
2 is out	165
on the back	165
can you put	165
complainant said that	164
you see if	163
we're en route	163
1 medic one's	162
1's en route	161
i'm 10-8 i'm	161
2's en route	160
there's a male	160
we're gonna be	160
companies car 2	159
10-8 with a	159
route to lakewood	159
to the westerly	159
can you add	158
said he was	156
can i have	156
male wearing a	156
added to the	155
station 1 copy	155
from medic 2	155
she said she	155
in a minute	153
he's going to	153
in service patient	153
male he's valid	153
this is the	152
will be 10-8	152
are going to	152
en route from	152
do we have	151
that there's a	151
10-8 i'm 10-8	151
of the vehicle	150
1 is back	150
1 en route	150
no wants 10-4	150
be 10-8 with	149
she has a	149
of the pickup	149
i'll be 19	147
thank you thank	147
a couple of	146
public service call	146
you able to	145
a valid id	145
be on the	145
head over to	145
i get the	145
can you repeat	144
1 is en	144
want me to	144
be able to	143
in the driveway	143
a hold of	143
i'm in the	143
it should be	143
25 25 25	142
female she's valid	142
station 2 copies	142
2's on scene	141
of the street	141
medic 3 en	141
i can head	140
is on the	140
me a call	140
i sent you	140
failure to appear	139
1 medic 2	139
car 2 and	139
gonna be a	139
with a male	138
car 2 from	138
be out on	138
a phone number	138
we checked the	138
can you guys	138
gonna be out	138
companies medic 2	138
for medic 3	138
for a female	137
i'll be en	137
on the scene	137
2 is on	137
has a valid	136
2 en route	136
to the hospital	136
dispatch from engine	136
like to speak	136
to make contact	136
19 to the	136
take that call	136
will be 10	136
can you try	134
come back to	134
i'll be at	134
check the area	134
everything checks okay	134
she said that	133
be out in	133
you show me	133
copy i'll be	133
3 truck 1	133
medic 3's en	133
go ahead go	133
15 i'll be	133
owner of the	132
let me know	132
transporting to fairview	132
valid id card	132
at this time	132
service call at	132
they have a	132
let you know	131
29 i copy	131
make contact with	131
he said that	131
lunch list please	131
i copy that	130
with this male	130
11 i'll be	130
can you head	130
is all set	129
is transporting to	129
last name is	129
to the city	129
the back hill	129
for a white	129
what was the	129
bye bye bye	129
with a female	128
can you go	128
see if you	128
you guys could	128
you want me	128
on his way	127
the front counter	127
we spoke with	127
can you call	127
could you respond	127
show me out	126
okay thank you	126
ahead go ahead	126
1 of the	126
medic one's en	126
13 i'm out	125
will be in	125
from truck 1	125
i don't see	124
25 24 25	124
24 24 24	124
medic 1's en	124
is out at	124
first name is	124
put me on	123
in the middle	123
2 is in	123
me a 21	122
said it was	122
at the door	122
to the station	122
out at lakewood	121
i copy from	121
from station 1	121
you go to	121
the middle of	121
be 10-8 10-4	121
report number for	120
you guys can	120
for a second	120
checked the area	120
1's on scene	120
try to find	120
4 thank you	120
to be on	119
one's on scene	119
we'll be en	119
in the backyard	119
on the list	118
the last 6	118
would like to	118
we spoke to	118
3 medic 3's	118
was able to	117
said that he	117
to the list	116
2 can you	116
2 2 2	116
know if you	115
from the station	115
to the front	115
i'm sorry i	115
gonna be in	115
refusing to leave	114
head to the	114
to medic 3	114
he was advised	114
south of detroit	113
on the street	113
try to get	112
madison for a	112
medic 2 to	112
29 i'll be	112
we'll be 10	112
male and female	112
117th and berea	111
be added to	111
1 will be	111
the back of	111
i copy detroit	111
and brown valid	111
a welfare check	111
engine 3 and	111
across the street	111
a public service	111
are you able	110
out of service	110
3 is transporting	110
to make sure	110
i'll take that	110
they were advised	110
has that vehicle	110
there's a black	110
parked in the	110
no no no	110
yeah yeah yeah	110
70 70 70	110
get you a	109
17 i'll be	109
if i can	109
a lot of	109
to the area	109
all companies car	108
she's going to	108
out we'll be	108
get a hold	108
you check on	108
with that male	108
the back door	107
valid id no	107
can you show	107
can go ahead	107
under arrest for	107
medic 1's out	107
go ahead i	107
and beale street	106
looks like it's	106
medic 3's on	106
to talk to	106
there is a	106
a verbal argument	106
you can start	106
could you check	106
the property room	106
medic one's on	106
a 2-car mva	105
you check the	105
19 with this	105
1 is out	105
out with the	105
it to the	105
sent you a	105
medic 1 en	105
check on a	105
there's a white	105
plate in a	104
going to head	104
we'll be in	104
medic 3's out	104
15 can you	104
a male in	104
and i'm going	104
i copy i'm	103
you send me	103
2 medic 3	103
head that way	103
just want to	103
and you can	103
copy from the	103
black male wearing	103
27 year old	103
okay we'll be	103
truck 1 medic	103
17 i copy	102
dispatch engine 3	102
the registered owner	102
phone number for	102
put me out	102
can i go	101
i copy i'll	101
around the corner	101
out in the	101
no need for	101
on the sidewalk	101
just add it	101
do you copy	101
25 year old	100
be 10-8 from	100
and i can	100
he's all set	100
on the ground	99
did you say	99
you head to	99
i spoke with	99
in the front	99
will be en	99
are you still	98
i'll let you	98
south of madison	98
the list please	98
car 2's out	98
medic 1 we're	98
3's back in	98
parked on the	98
can you assist	98
middle of the	98
go ahead i'm	98
if you wanna	98
when you're ready	97
should be on	97
in the building	97
2 and truck	97
need it back	97
the vehicle is	97
to be back	96
go on the	96
and car 2	96
2 and engine	96
be standing by	96
you know if	96
3 i copy	96
from car 10	96
19 i copy	96
in the car	95
send me the	95
for a minute	95
no answer at	95
1 is transporting	95
don't need it	95
speak with the	95
1 i copy	95
you get a	95
a fire alarm	95
not have a	94
unable to get	94
contact with the	94
1's back in	94
give you a	94
up to the	94
just west of	94
wearing a black	94
11 can you	93
just going to	93
over to the	93
be 10-8 and	93
coming from the	93
north of madison	93
i didn't know	93
answer at the	93
does not have	93
engine 2 and	93
26 year old	92
supposed to be	92
looks like the	92
the post office	92
appears to be	92
the front door	92
a lift assist	92
to pick up	92
2 will be	92
can you stop	92
check in front	92
from engine 2	92
12 i copy	92
see if we	91
me out at	91
said there was	91
1 truck 1	91
to get in	91
you a message	91
medic 2 en	91
29 year old	90
36 year old	90
for a black	90
30 year old	90
the lunch list	89
can i be	89
and if you	89
and we'll be	89
of the car	89
not going to	89
24 i copy	89
that male is	89
be on a	89
24 i'll be	89
white male wearing	89
the days inn	89
to stand by	89
a bunch of	89
medic one's out	89
when you get	88
be with him	88
all set i'm	88
2 go ahead	88
in a moment	88
in the stall	88
a group of	88
one's out of	87
28 year old	87
i be added	87
was advised of	87
just east of	87
so there's a	87
i will be	87
blocking the driveway	87
close to the	87
are back in	87
23 year old	87
you're all set	87
switching to fire	87
35 year old	87
a female to	87
to appear for	86
parking lot of	86
he said he's	86
you need me	86
out at fairview	86
car 2 truck	86
start heading to	86
a white female	86
2 medic 2's	85
you can send	85
to try to	85
see if i	85
34 year old	85
that he was	85
on the door	85
said she was	85
me back in	85
see if there's	84
let them know	84
on the east	84
if you need	84
is in the	84
you guys are	84
stall door please	84
of the complaint	84
the north side	84
not feeling well	84
i'm 10-7 at	84
to respond to	84
can you confirm	84
i had a	84
with the male	84
with this female	84
can get them	84
we can get	83
of the road	83
id no wants	83
last 6 of	83
with the owner	83
to an officer	83
number and time	83
dispatch from truck	83
there is no	83
do you guys	83
a male and	83
id card no	83
i added notes	83
check for a	83
driving due to	83
24 year old	82
go ahead with	82
37 year old	82
out in a	82
medic 3's back	82
2 from dispatch	82
2's back in	82
do you know	82
the alarm company	82
said that the	82
in and out	82
station 3 copy	82
at the station	82
one's back in	82
copy you can	81
3 can you	81
and engine 3	81
we got a	81
car 2 respond	81
in the tracks	81
for a vehicle	81
there as well	81
29 can you	81
in the apartment	81
said that she	81
did you copy	81
211 i copy	81
see if they	81
in a black	80
i copy and	80
out with him	80
you a plate	80
the east side	80
code 3 to	80
she was advised	80
old female having	80
10-4 can you	80
brown and blue	80
3's in service	80
was in the	80
medic 1 i	80
the phone with	80
get a report	80
there's no answer	80
go ahead can	80
not driving due	80
you try to	79
in a white	79
for a 2-car	79
is there a	79
no visible plate	79
just be advised	79
truck 1 and	79
2 you can	79
truck 1 is	79
for an alarm	79
copy can you	79
transporting to lakewood	79
male in a	79
on their way	79
19 can you	79
33 year old	79
parked in front	79
they said they	79
i'm out of	78
i go on	78
in the house	78
medic 1's on	78
advised of the	78
2 from engine	78
medic 1's back	78
you can find	78
i've got a	78
set we'll be	78
1 to the	78
give me the	78
return to service	78
at the front	78
that vehicle is	78
en route with	78
3 go ahead	78
10 8 and	78
what kind of	77
i'm out with	77
if you have	77
there's a female	77
a female in	77
dispatch from station	77
me on the	77
north of detroit	77
like us to	77
on my way	77
that male was	77
give us a	77
for failure to	76
me on a	76
i'm en route	76
to be the	76
i'll be clear	76
taking one to	76
quiet on arrival	76
1 you can	76
a male that	76
3 in service	76
you repeat that	76
18 year old	76
called and said	76
3 to the	76
was unable to	76
can you hear	76
40 year old	76
route back to	76
we're in service	76
engine 3 respond	76
it's on a	76
if we can	75
on the west	75
medic 1 will	75
you can clear	75
and said that	75
said that they	75
medic 2's en	75
he's in the	75
looks like a	75
out of his	75
3 will be	75
medic 3 on	75
medic 1 and	75
and out of	75
the phone number	75
en route back	75
1 can you	75
got a call	74
we're in the	74
advise and release	74
here for a	74
31 year old	74
in the store	74
i got the	74
number for the	74
go ahead the	74
should be all	74
no one's closer	74
due to emergency	74
2 is gonna	74
be at the	73
the name of	73
you get him	73
going to check	73
back of the	73
to the owner	73
to be en	73
a male on	73
i'm with him	73
1 go ahead	73
the rest of	73
a female at	73
i spoke to	73
ahead can you	73
if you just	72
to get further	72
coming in for	72
can you please	72
13 i'll be	72
to go ahead	72
the welfare of	72
all set we'll	72
is valid no	72
on the north	72
looks like it	72
19 for a	72
to find a	72
out on the	72
26 i copy	72
and he was	72
ahead and confirm	72
and can you	72
on the road	71
medic 3 truck	71
i'm on it	71
at that address	71
21 year old	71
to check the	71
serial number on	71
back to you	71
1's out of	71
a name and	71
3 engine 3	71
thank you for	71
for a fire	71
medic one's back	71
i copy you	70
all the way	70
13 i copy	70
north side of	70
15 you can	70
complainant said there's	70
armed and dangerous	70
too close to	70
22 can you	70
i'll have a	70
suspended no wants	70
i didn't see	70
find an obt	70
could just add	70
to the back	70
that's going to	69
he's got a	69
blue valid no	69
out of parma	69
was going to	69
10-8 from here	69
the corner of	69
the bus stop	69
out with that	69
1's in service	69
were able to	69
2's in service	69
male in the	69
dispatch engine 2	69
was trying to	69
if there's any	69
it might be	69
you start a	69
we'll take that	69
on a public	69
for the last	69
need that back	69
transporting a female	69
32 year old	68
copy 24 i'm	68
to lakewood er	68
with him in	68
on her way	68
can get a	68
speak to an	68
i don't have	68
of the house	68
speak to the	68
this is going	68
kufner has that	68
with that female	68
16 i'll be	68
in the basement	68
some type of	68
don't need that	68
station 2 copy	68
can head to	67
with the female	67
where are you	67
going to call	67
can show us	67
go ahead we	67
old male he	67
9 i'll be	67
29 you can	67
medic 3's in	67
3 on scene	67
here i'll be	67
all companies engine	67
you can cancel	66
i need to	66
brown brown valid	66
are en route	66
the west side	66
be out investigating	66
we're out of	66
13900 detroit room	66
1 on scene	66
be in front	66
is that a	66
to that call	66
check the welfare	66
having difficulty breathing	66
what's going on	66
fire ground on	66
i'm on my	66
truck 1 car	66
2 is transporting	66
go ahead sir	66
all set we're	66
this was a	66
a call from	65
a plate in	65
him in a	65
medic 3 and	65
me know if	65
for me please	65
the male is	65
can you 19	65
21 i copy	65
14312 detroit apartment	65
the report number	65
to check on	64
that should be	64
in the vehicle	64
29 go ahead	64
old female with	64
i don't think	64
medic 1's in	64
traffic 24 i'm	64
vehicle i'll be	64
there in a	64
ground on arrival	64
after the light	64
a female that	64
add it to	64
down the street	64
going to the	64
i covered you	64
still in the	64
female to fairview	64
of that vehicle	64
to the property	64
on the south	63
to get the	63
he was just	63
can go back	63
6 of the	63
would you like	63
3's out of	63
car 2's in	63
arriving at fairview	63
a black female	63
3 you can	63
17 year old	63
1 to fairview	63
for the night	63
for a few	63
and she said	63
go back to	63
go ahead i'll	63
i was just	62
check on the	62
him to the	62
it comes back	62
for a little	62
car 2's on	62
i got him	62
to be 10-8	62
car 2's en	62
you check in	62
westerly 14312 detroit	62
to my car	62
checks okay we'll	62
you guys still	62
a serial number	62
22 i'll be	62
is arriving at	62
out of her	62
engine 3 will	62
not coming back	62
i'll be standing	62
the premise file	62
has a vehicle	62
one to fairview	62
can we get	62
you can get	62
that she was	62
old female she	62
10-4 10-4 10-4	62
we can take	61
on the vehicle	61
20 i'll be	61
22 year old	61
from the back	61
to get out	61
22 i copy	61
you in a	61
at lakewood park	61
one's in service	61
the address to	61
in service this	61
and i have	61
24 i'm out	61
old male having	61
is out on	61
card no wants	61
the front of	61
i should be	61
he does not	61
the south side	61
i'm so sorry	61
this is medic	61
two's en route	61
can go i	60
20 year old	60
back on the	60
you just want	60
9 i copy	60
39 year old	60
he wants to	60
male with a	60
we have any	60
29 we'll be	60
has an active	60
a protection order	60
was no answer	60
was advised to	60
to find an	60
and medic 2	60
old female that	60
as soon as	60
an alarm showing	60
some kind of	60
was on the	60
just so you	60
there's nothing showing	60
owner of that	60
the high school	60
19 i'll be	60
the side of	59
out of it	59
going to try	59
19 year old	59
i'm right here	59
west side of	59
she said she's	59
cleveland on a	59
get ahold of	59
you give us	59
you guys need	59
i'll be back	59
male on the	59
on a black	59
switch to fire	59
want us to	59
there's a vehicle	59
detroit apartment number	59
2 car mva	59
11 you can	59
is a test	59
ahead i'll be	59
go i copy	58
check it out	58
should be in	58
medic 1 truck	58
medic 3 in	58
medic 2's back	58
1 is on	58
locked out of	58
for my driver	58
41 year old	58
you could start	58
i'll give you	58
1 is going	58
id card is	58
for the owner	58
third party call	58
you hear me	58
it was just	58
a few minutes	58
stop up here	58
2 i copy	58
i got you	58
to the complainant	58
medic 1 0	58
we'll be at	57
i think it's	57
medic 3 from	57
are in service	57
we have the	57
it i'll be	57
the area checking	57
65 year old	57
welfare check on	57
the vehicle was	57
so i can	57
dispatch can you	57
medic 3 are	57
she's not sure	57
in service medic	57
to fairview hospital	57
the report room	57
conscious and breathing	57
there are no	57
for the stop	57
be for a	57
had a note	57
the westerly 14312	57
to our arrival	56
i think i	56
out of north	56
can just add	56
what's the last	56
of the vin	56
truck 1 to	56
medic 2 we're	56
at detroit and	56
and engine 2	56
to be at	56
and lakewood heights	56
and medic 3	56
said that there's	56
3 is going	56
there for a	56
in the street	56
checking the area	56
me a report	56
old male 6	56
43 year old	56
miles an hour	56
3 we're back	56
so sorry i'm	56
sorry i'm so	56
12400 madison apartment	56
medic 1 on	56
down in the	56
104 thank you	56
prior to our	55
and the other	55
can send me	55
to come back	55
38 year old	55
i'll try to	55
you guys have	55
to be 19	55
it's a black	55
12 i'm closer	55
sounds like the	55
clifton for a	55
a male at	55
need for ems	55
call back if	55
an active permit	55
medic 1 from	55
car 2 will	55
trying to find	55
2 is going	55
i left a	55
on a white	55
been able to	55
25 i copy	55
51 year old	55
not able to	55
the complainant said	55
lake for a	55
a 24 hour	55
2 car 2	55
wearing all black	55
3 is arriving	55
2 and 3	55
we're trying to	54
get out of	54
car 2 copies	54
47 year old	54
car 2 are	54
go back in	54
50 year old	54
going to need	54
he's on the	54
she said he	54
the male was	54
east side of	54
male date of	54
you add a	54
she said her	54
hit her head	54
and there's no	54
dispatch truck 1	54
to go back	54
going to get	53
just in case	53
you can advise	53
10-4 i'll be	53
lift assist only	53
a male to	53
parked too close	53
that they were	53
looks like there's	53
we're on scene	53
we're on the	53
in service we'll	53
3 and medic	53
you're going to	53
3 is taking	53
have a dl	53
that comes back	53
the area for	53
the male that	53
said they were	53
you could check	53
a test this	53
test this is	53
one's gonna be	53
14 i copy	53
gonna be on	53
2 0 3	53
go ahead we're	52
sorry can you	52
for violent tendencies	52
to give me	52
medic 3 copy	52
you start kufner	52
i'll be 10-7	52
you in the	52
i'll send you	52
she said it	52
alarm going off	52
be in a	52
responding to the	52
the 3rd floor	52
all companies switch	52
69 year old	52
parking lot with	52
is transporting a	52
on the floor	52
medic 2 copies	52
come to the	52
never had a	52
be checking on	52
starting mileage is	52
10-8 from the	52
medic 2 truck	52
for a warrant	52
female in the	52
on the tracks	52
run a plate	52
14306 detroit apartment	52
66 year old	52
don't see anything	52
mva no injuries	52
in contact with	52
spoke with a	52
19 you can	52
you can return	52
said that a	52
one of them	51
on the side	51
going to come	51
i'm not seeing	51
turned over to	51
to get into	51
2 medic 1	51
64 year old	51
stuck in the	51
you go ahead	51
speak to a	51
pick up the	51
looks like he	51
i can go	51
south of clifton	51
i copy madison	51
lakewood heights and	51
70 year old	51
be clear from	51
or do you	51
it's out of	51
wearing a blue	51
they said that	51
all set on	51
with a black	51
be there in	51
to the west	51
come out and	51
the car is	51
companies engine 3	51
vehicle we'll be	51
service patient refused	51
67 year old	51
the front desk	51
head up to	51
are you calling	51
old male 05	51
be under arrest	50
it's a white	50
medic 1 you	50
57 year old	50
to all companies	50
truck 1 will	50
of cleveland on	50
an officer about	50
74 year old	50
looks like we	50
for armed and	50
1 is in	50
suspended valid id	50
1 in service	50
i'm gonna have	50
i have to	50
to the premise	50
be coming in	50
going to do	50
medic 1 copies	50
i'm clear from	50
if no one's	50
at the westerly	50
companies engine 2	50
and there was	50
going to respond	50
get the last	50
28 i'll be	50
take care of	50
she's in the	50
you start heading	50
male that was	50
72 year old	50
is there any	50
old male with	50
medic 3 copies	50
it's just a	50
gonna be for	50
name is gonna	50
gonna be the	50
dispatch 3 is	50
a 10 16	50
you repeat the	49
you just add	49
you guys set	49
11 go ahead	49
55 year old	49
1 and car	49
1 to lakewood	49
to the lunch	49
71 year old	49
to this location	49
hold of the	49
i'm on scene	49
203 i'll be	49
the area and	49
able to find	49
investigating all companies	49
of the city	49
companies switch to	49
send it to	49
the lake house	49
at each other	49
you need to	49
down to the	49
he's not sure	49
looks like they're	49
to come out	49
medic 2 from	49
and he said	49
in our city	49
1 out of	49
3 car 2	48
have a name	48
came out and	48
17 can you	48
i'm just going	48
it to you	48
was cited for	48
back parking lot	48
2's going to	48
an obt for	48
i'm closer you	48
closer you can	48
to call the	48
talk to you	48
75 year old	48
this is an	48
i just got	48
in the lot	48
in service from	48
be a white	48
they should be	48
i'm gonna head	48
at clifton and	48
she wants to	48
29 are you	48
i copy clifton	48
don't have a	48
i copy i	48
to the haven	48
old male has	48
did you get	48
for a follow-up	48
18 i copy	48
had a license	48
us to check	48
gonna be back	48
26 i'm out	48
46 year old	48
male 6 foot	48
old male suspended	48
they're on the	48
can you come	48
have a male	48
a number for	48
to medic 2	48
was just a	48
so you know	48
engine 2 respond	48
of madison with	48
on 10 8	48
out of here	47
number on a	47
going to give	47
in the detail	47
you can put	47
see if he's	47
him on the	47
it thank you	47
all set there	47
needs a lift	47
he said it	47
a description of	47
south of franklin	47
his name is	47
she does not	47
in regards to	47
stand by for	47
transporting a male	47
what's your location	47
medic 1's transporting	47
has an expired	47
female said she	47
202 can you	47
you guys go	47
still on the	47
i copy thanks	47
parked in a	47
detroit the westerly	47
we've got a	47
take a look	47
i have that	47
i'll head to	47
detroit there's a	47
north of franklin	47
didn't know it's	47
find a phone	47
can you tell	47
some sort of	47
we don't have	47
route from station	47
is medic 1	47
62 year old	47
issue me a	47
were unable to	47
1 car 8	47
engine 2 car	47
the fire department	47
can return to	47
i found a	47
medic 2 and	47
medic 1 2	47
medic 2 on	47
2 on scene	47
medic one's in	47
want to go	46
just trying to	46
48 year old	46
42 year old	46
to head to	46
can you make	46
can go i'm	46
on the second	46
with the squad	46
the male in	46
you copy a	46
we were able	46
you can add	46
north of the	46
call her back	46
looks like they	46
9 can you	46
medic 2's on	46
remain on scene	46
to have to	46
i do not	46
i'll be there	46
a mental health	46
spoke with that	46
black brown valid	46
truck 1 from	46
the plate is	46
rest of the	46
can you speak	46
get a number	46
i can have	46
speak with a	46
truck 1 are	46
attention medic 3	46
you could please	46
11 are you	46
not on file	46
no wants copy	46
10 7 at	46
copy go ahead	45
out with her	45
me out of	45
out with king	45
the back parking	45
29 will be	45
talk to the	45
could you please	45
it was quiet	45
24 can you	45
59 year old	45
to lakewood ed	45
going to take	45
don't see any	45
check in the	45
13 can you	45
for an mva	45
he should be	45
it's in the	45
to the male	45
was a white	45
she did not	45
is taking one	45
advise the jailer	45
you call me	45
she said the	45
looking for a	45
report number and	45
i need a	45
stand by while	45
having trouble breathing	45
i'm at the	45
if we have	45
keep an eye	45
detroit for an	45
name date of	45
dispatch you can	45
can disregard the	45
save up to	45
have a separate	45
attention medic 1	45
haven 1341 marlowe	45
truck 1 we're	45
he's gonna be	45
go ahead robert	45
break for a	44
with a white	44
at madison and	44
to that male	44
the jail with	44
3 and truck	44
requesting a squad	44
in the property	44
was quiet on	44
her to the	44
3's out at	44
a vehicle parked	44
i'll head over	44
i checked the	44
2 i'll be	44
break for another	44
i'll head there	44
with the caller	44
gonna have to	44
so we can	44
head back to	44
up on the	44
the door and	44
on the front	44
and a half	44
thanks for your	44
just got a	44
can head over	44
be checking the	44
you want us	44
she's unable to	44
sitting in the	44
owner came out	44
53 year old	44
i was able	44
to have a	44
in the jail	44
44 year old	44
spoke to that	44
if they can	44
can you meet	44
westerly 14306 detroit	44
this will be	44
the listed owner	44
thanks for the	44
she would like	44
3 and car	44
right in front	44
i'm just gonna	44
pc for the	44
medic 1 can	44
go ahead john	44
wearing a white	44
10 8 from	44
will be 108	44
medic 2 0	44
engine 3 car	43
head to that	43
you can call	43
they're in the	43
one more time	43
i'll be turning	43
so we'll be	43
way we'll be	43
old male that	43
are on scene	43
you can check	43
in a gray	43
description of the	43
the way to	43
be waiting in	43
an expired permit	43
protection order against	43
to fairview with	43
sounds like he	43
52 year old	43
have a phone	43
1 from dispatch	43
medic 2 can	43
the street and	43
guys could check	43
not sure what	43
coming back to	43
they want to	43
the rear of	43
in the background	43
has the vehicle	43
know if i	43
all set up	43
fell and hit	43
lot of the	43
and she was	43
and talk to	43
i can find	43
need me to	43
listing out of	43
i have it	43
have a female	43
and there's a	43
like it was	43
for a welfare	43
to you guys	43
to lakewood park	43
will be responding	43
eastbound on detroit	43
211 can you	43
the haven 1341	43
talk to him	43
okay can you	42
that it was	42
i copy 24	42
call from a	42
we have both	42
warren and franklin	42
be advised the	42
don't have any	42
clear from the	42
company is medic	42
are out of	42
to be transporting	42
looks like he's	42
advised not to	42
13315 detroit room	42
change the address	42
medic 1 in	42
with an officer	42
respond to this	42
just wanted to	42
a little closer	42
a separate and	42
called back and	42
it in the	42
medic 3 engine	42
you check at	42
be responding to	42
no parking zone	42
21 i'll be	42
just a little	42
2 in service	42
you check around	42
i added the	42
been there for	42
you have any	42
i can start	42
and hit her	42
if there's a	42
on detroit from	42
female that fell	42
edgewater apartment number	42
west of the	42
causing a disturbance	42
unable to locate	42
seems to be	42
can head there	42
is medic 3	42
the westerly 14306	42
medic 1 copy	42
set we're all	42
there's no 1	42
we're 10 8	42
are gonna be	42
3 is gonna	42
here at the	41
female with a	41
the owner is	41
be on it	41
towers 12506 edgewater	41
49 year old	41
we will be	41
arriving at lakewood	41
of the post	41
to make a	41
speak to you	41
should be there	41
having chest pains	41
king henry adam	41
the second floor	41
checking on a	41
not in the	41
start a squad	41
a female on	41
speak with an	41
guys go to	41
coming up to	41
to the door	41
got into a	41
made contact with	41
just give me	41
cars are out	41
and i'll get	41
she was just	41
medic 3 will	41
company medic 3	41
could you head	41
from detroit and	41
and medic 1	41
truck 1 truck	41
you copy that	41
to head over	41
to get her	41
medic 3 i	41
could you repeat	41
name of the	41
you check for	41
of the apartment	41
in route to	41
can try to	41
added some notes	41
in the hallway	41
ending mileage is	41
didn't see anything	41
i'm back in	41
that call on	41
a plate for	41
do we know	41
central companies medic	41
to car 2	41
that's gonna be	41
out of westlake	41
plate on the	41
he's wearing a	41
waiting in the	41
could you go	41
14 i'll be	41
go ahead this	41
in service 10-4	41
it will be	41
2 0 2	41
left prior to	40
to call back	40
add him to	40
one to lakewood	40
he had a	40
pulling into the	40
45 year old	40
he's in a	40
said it's a	40
on the wrong	40
the wrong side	40
wrong side of	40
i'd like to	40
1's going to	40
you at the	40
in service no	40
to move it	40
in a row	40
to get to	40
get you the	40
63 year old	40
copies thank you	40
on scene switching	40
you tell me	40
1 from car	40
13 you can	40
just called back	40
your report number	40
you guys check	40
going to close	40
on a bike	40
valid no one	40
the car wash	40
16 i copy	40
the back lot	40
show me on	40
i couldn't copy	40
was a male	40
are you available	40
see if the	40
be a black	40
south side of	40
there's a couple	40
license plate is	40
run a serial	40
going to 19	40
he was in	40
a history of	40
80 year old	40
him in the	40
have a report	40
be 19 to	40
a few days	40
at the park	40
medic 1 go	40
76 year old	40
14 can you	40
go ahead king	40
old male 5	40
medic one's transporting	40
000 off msrp	40
we can head	39
that parking complaint	39
going to stay	39
out with them	39
i can see	39
he said the	39
i'm sorry can	39
i have an	39
will be 19	39
lakewood center north	39
i just want	39
a wire down	39
of madison and	39
1 do you	39
if you're not	39
direction of travel	39
you a call	39
in a silver	39
want to make	39
we'll be transporting	39
can you let	39
of the station	39
15 go ahead	39
get a chance	39
said that he's	39
now i'll be	39
gonna have a	39
left a message	39
talked to the	39
we'll be checking	39
117th and franklin	39
15 are you	39
that thank you	39
for a couple	39
show me back	39
trying to make	39
the fedor manor	39
car 2 to	39
to do that	39
so you can	39
we should be	39
taking 1 to	39
in the roadway	39
2 and car	39
that female was	39
report number please	39
some of the	39
be out to	39
you guys head	39
it's coming from	39
1 is gonna	39
2 0 4	39
let us know	38
south of the	38
give it to	38
had you run	38
they don't have	38
verbal argument between	38
in the past	38
i'm a little	38
this male is	38
old female who	38
set i'm 10-8	38
a qualified adult	38
of the owner	38
the other one	38
car 2's are	38
to get him	38
and i don't	38
and they were	38
brown and green	38
on the line	38
17 can i	38
to call her	38
the pickup for	38
engine 2 are	38
send me a	38
going to stop	38
at the back	38
i'm close i'm	38
3 back in	38
just to confirm	38
engine 2 from	38
to figure out	38
you can see	38
on the corner	38
head over there	38
of the parking	38
we'll be 19	38
and a black	38
2 and medic	38
25 can you	38
patient refused transport	38
10-8 and i'll	38
failure to reinstate	38
of detroit with	38
you can give	38
18 can you	38
let him know	38
77 year old	38
female starting mileage	38
out to the	38
the apartment number	38
it's on the	38
speak with you	38
and blue valid	38
10-4 do you	38
61 year old	38
card is valid	38
mental health consumer	38
black and black	38
to get ahold	38
a number and	38
58 year old	38
old female fell	38
matching that description	38
old male fell	38
in the pickup	38
by on the	37
give her a	37
have both copies	37
are you on	37
he would like	37
9 you can	37
a traffic stop	37
respond to that	37
lake and cove	37
go ahead 24	37
do a welfare	37
for a while	37
on the 3rd	37
could you have	37
to do a	37
appear to be	37
a call and	37
back on that	37
alarm company called	37
117th and madison	37
don't need a	37
to get up	37
to meet you	37
and then the	37
on scene at	37
for that male	37
i'm closer i'm	37
everything checked okay	37
from station 3	37
i'll get them	37
he said it's	37
king frank edward	37
truck 1 en	37
ahead and close	37
male on a	37
that vehicle was	37
she said it's	37
of the tracks	37
21 can you	37
25 go ahead	37
to a female	37
that was the	37
12 i'll be	37
transporting 1 to	37
out of a	37
you have an	37
general fire alarm	37
on the property	37
dispatch to car	37
to call you	37
me to the	37
old female 5	37
54 year old	37
go ahead that	37
sam do you	37
you copy sam	37
check-in the area	37
trying to call	36
they were just	36
and brown he's	36
thank you i'm	36
lakeshore towers 12506	36
can you ask	36
are you at	36
in that area	36
the female is	36
send you a	36
i have another	36
the vehicle and	36
to the other	36
male said he	36
ahead 24 i'm	36
with the complainant	36
2 are back	36
old male is	36
like there's a	36
at this point	36
give them a	36
for a transport	36
female said her	36
to the berkshire	36
you another car	36
might be a	36
on the other	36
scene switching to	36
jr out of	36
close i'm close	36
could you give	36
heading to the	36
copy detroit and	36
i talked to	36
have a 10-16	36
the last name	36
she's trying to	36
16 can you	36
been parked for	36
you assist the	36
number for this	36
to be for	36
a call for	36
for a moment	36
he does have	36
berkshire 11820 edgewater	36
medic 2 engine	36
vehicle parked in	36
your work phone	36
is taking 1	36
male has a	36
will be on	36
have a squad	36
was released to	36
i believe it's	36
engine 3 are	36
2 back in	36
1 and medic	36
black in color	36
go ahead we'll	36
and time for	36
copy sam do	36
i'm 10 8	36
0 4 traffic	36
can you check-in	36
19 with that	35
a call back	35
she doesn't know	35
in a blue	35
at the end	35
3 from dispatch	35
west 117th and	35
you on the	35
are all set	35
off in the	35
no wants break	35
2 do you	35
in the elevator	35
top of the	35
sure if it's	35
about 5 minutes	35
male wearing all	35
was a black	35
i copy can	35
the plate on	35
on the car	35
service this is	35
was back to	35
was supposed to	35
come up here	35
56 year old	35
male at the	35
know if he	35
we need to	35
you got it	35
get you another	35
engine 3 to	35
you can try	35
2 from car	35
for that vehicle	35
probably going to	35
that there was	35
notes we'll be	35
have a plate	35
she said he's	35
the stall door	35
needs to go	35
she's in a	35
an elderly male	35
entry was gained	35
at the car	35
that was a	35
is out we'll	35
can you open	35
1 car 2	35
know if it's	35
i copy warren	35
just make sure	35
year old son	35
15 i can	35
we'll be on	35
did you want	35
closer can you	35
i'll have that	35
need you to	35
there's a group	35
a dl for	35
up and down	35
be with them	35
14300 detroit apartment	35
from bunts and	35
the light at	35
a hard time	35
in the park	35
we'll all be	35
wearing a gray	35
is out with	35
gonna try to	35
of the store	35
be here for	35
is conscious and	35
19 are you	35
truck 1 copy	35
i had you	35
white male with	35
we're 10-8 10-4	35
id no 1	35
10 8 with	35
1 of them	35
vehicle in the	34
back to that	34
copy that from	34
with a silver	34
like he was	34
you can use	34
24 you can	34
to be king	34
in just a	34
on lakewood heights	34
of natural gas	34
car 2 go	34
on a red	34
over to you	34
got out of	34
i tried to	34
2's are out	34
parking lot at	34
out of state	34
not to return	34
9 will be	34
to let you	34
shortness of breath	34
i'll be outside	34
dispatch car 2	34
service patient was	34
10-8 and i	34
1's transporting a	34
copy medic 1	34
wants to speak	34
i get that	34
does have a	34
doesn't look like	34
confirm no issues	34
old female said	34
and it was	34
service we'll take	34
1 medic 3	34
i'm not going	34
just let me	34
right at the	34
one out of	34
medic 1 are	34
back over to	34
you can have	34
unable to make	34
we'll be responding	34
permit no wants	34
here we'll be	34
73 year old	34
5 can you	34
clear from here	34
detroit in the	34
the other half	34
dispatch to all	34
81 year old	34
also going to	34
female wearing a	34
68 year old	34
117th in front	34
and i will	34
partially blocking the	34
to try and	34
it's the same	34
to take a	34
set here i'll	34
she had a	34
his keys in	34
a 24-hour check	34
go to fire	34
plate for me	34
that male he	34
route to county	34
king victor frank	34
vehicle will be	34
with king frank	34
are in the	34
i did not	34
the city and	34
white in color	34
and we're going	34
the house and	34
outside of the	34
go ahead union	34
he did not	34
a note for	34
can show medic	34
that female is	34
we've got the	34
and i'm gonna	34
7 i'll be	34
go ahead sam	34
truck one's en	34
you just check	33
on scene and	33
a black honda	33
a female that's	33
transporting one to	33
good to go	33
22 you can	33
need another car	33
on scene we	33
all companies are	33
engine 3's out	33
she's got a	33
male that fell	33
that's a match	33
speaking with the	33
having a seizure	33
the side door	33
an elderly female	33
respond to lakewood	33
go for it	33
we had a	33
got a hold	33
clifton with king	33
can get her	33
to the driveway	33
to ennis court	33
and dangerous violent	33
was a verbal	33
on the track	33
that he has	33
to the trespass	33
the trespass file	33
a ride to	33
on clifton from	33
is refusing to	33
and i'll have	33
male to fairview	33
king john king	33
so you're aware	33
damage to the	33
one of those	33
10-8 for now	33
company medic 1	33
put me back	33
was dropped off	33
her name is	33
and female arguing	33
were advised of	33
it was the	33
check on her	33
if he has	33
of cleveland it's	33
year old daughter	33
down on the	33
standing by on	33
a vehicle that	33
and i'll head	33
bleeding from the	33
my car please	33
in a vehicle	33
resident was advised	33
female on the	33
out of new	33
23 i copy	33
if it was	33
19 for equipment	33
up in the	33
i'm on a	33
to go get	33
1's out at	33
the westerly apartment	33
copy that thank	33
now you can	33
29 can i	33
for felony drugs	33
scene we'll be	33
to lakeshore towers	33
1 copies medic	33
to truck 1	33
and car 8	33
stand by with	33
see if he	33
of the park	33
thought it was	33
rear of the	33
within the pickup	33
they said they're	33
was not driving	33
3 medic 2	33
11 will be	33
pulled into the	33
engine 3 go	33
fell in the	33
for dci and	33
we're 10-8 we're	33
20 go ahead	33
nothing showing from	33
and would like	33
we're out at	33
at madison park	33
ahead i'm going	33
gonna be at	33
old female 05	33
new york center	33
the car and	32
wearing a red	32
have a call	32
12506 edgewater apartment	32
of the cars	32
the other car	32
medic 2's going	32
i can try	32
10-7 on the	32
court 13315 detroit	32
with king john	32
29 i'm all	32
on madison and	32
sorry about that	32
i'll be right	32
engine 3 truck	32
respond to o'neill	32
medic 2 you	32
for an elderly	32
apartment number 1	32
in the truck	32
22 i can	32
make sure you	32
going to stand	32
of cleveland heights	32
a squad for	32
truck 1 on	32
117th and detroit	32
able to clear	32
her in the	32
to leave and	32
and the male	32
get to the	32
there was an	32
further police involvement	32
female in a	32
traffic go ahead	32
medic 3 back	32
spoke to a	32
medical 1 is	32
from clifton and	32
and they said	32
a black chevy	32
head up there	32
25 you can	32
i'm not getting	32
3 we're en	32
he's having a	32
a black suv	32
report number is	32
slow it down	32
to be there	32
a no parking	32
if i need	32
you could send	32
me in the	32
from here and	32
no wants i	32
and he has	32
medic 2 will	32
patient was evaluated	32
get into the	32
gonna be en	32
see if she	32
spelling last name	32
me at the	32
out of florida	32
do you see	32
they're gonna be	32
in a few	32
for a 24-hour	32
not valid no	32
6 i copy	32
madison apartment number	32
at the bus	32
engine 2 copies	32
and brown she's	32
could head to	32
you run the	32
it's not a	32
lakewood heights boulevard	32
chevy station wagon	32
can i just	32
60 year old	32
is trying to	32
at the house	32
8 i'll be	32
on the 2026	32
she might be	32
sure if he's	32
we don't see	32
on the lunch	32
jeep station wagon	32
1 back in	32
would like us	32
19 go ahead	32
20 2 and	32
did you guys	31
17 are you	31
got a couple	31
can you also	31
10-16 out of	31
to get you	31
can go to	31
medic 2 are	31
ennis court 13315	31
truck 1 copies	31
an odor of	31
medic 3 can	31
old male said	31
have a description	31
i think he's	31
of franklin with	31
into the building	31
29 i'm out	31
notes added 10-8	31
an ongoing issue	31
dispatch medical 1's	31
they said it's	31
a smoke detector	31
has a protection	31
the license plate	31
you can make	31
a picture of	31
at the moment	31
if you haven't	31
a 21 please	31
medic 3 out	31
be in route	31
engine 3 we're	31
adam last name	31
and make sure	31
open the stall	31
i want to	31
i'll see if	31
so i'll be	31
it's a good	31
this male for	31
said that her	31
a white suv	31
be speaking with	31
on the camera	31
that he is	31
that fell and	31
and a female	31
to find the	31
on the right	31
to be under	31
the station for	31
26 i'll be	31
and the tracks	31
there's been a	31
wants to go	31
the listing is	31
it was accidental	31
16 year old	31
king george king	31
you speak to	31
the ina building	31
kufner's has it	31
want to check	31
24 we'll be	31
on scene we'll	31
i gave you	31
route with this	31
and the vehicle	31
kufner has it	31
10 go ahead	31
the berkshire 11820	31
to the house	31
just a verbal	31
detroit medic 3	31
with a blue	31
the complainant is	31
the female that	31
asked him to	31
the third floor	31
would like him	31
will be all	31
2 on the	31
we're gonna have	31
check on that	31
me know when	31
him to leave	31
old female has	31
27 i'll be	31
route as well	31
24 hour follow-up	31
to a male	31
the male at	31
at the high	31
in the garage	31
respond code 3	31
2 is arriving	31
gonna head to	31
it's all quiet	31
24 hour check	31
and 2 15	31
check-in front of	31
a 2 car	31
to leave the	30
and then he	30
about an hour	30
17 go ahead	30
kind of car	30
is transporting one	30
them a call	30
the area we'll	30
we'll be all	30
are you in	30
o'neill 13900 detroit	30
2 copies medic	30
talking to the	30
be on scene	30
17 i'm out	30
to get it	30
can find an	30
with king king	30
truck 1 you	30
sounds like it's	30
kufner's has that	30
dangerous violent tendencies	30
for a wire	30
valid no one's	30
can slow down	30
medic 1 do	30
he might be	30
be 10-8 for	30
me out on	30
when you have	30
engine 2 truck	30
medic 2's in	30
i didn't copy	30
keep it down	30
from station 2	30
pain in her	30
have a couple	30
medic 3 you	30
trying to figure	30
should be at	30
on detroit and	30
to lakewood with	30
part of the	30
marine towers west	30
to appear on	30
to give you	30
kufner has the	30
show me how	30
you change the	30
east of the	30
here with the	30
with king sam	30
be going to	30
she's on her	30
still on scene	30
set all set	30
the ix number	30
a dark colored	30
from the jail	30
i just have	30
this female starting	30
she said they	30
going to die	30
so i don't	30
83 year old	30
meet you in	30
on the porch	30
en route for	30
of detroit and	30
be advised that	30
all other companies	30
78 year old	30
king adam george	30
i'm out i'm	30
17 you can	30
vehicle was sighted	30
15 year old	30
i'll be here	30
12 can you	30
but he's not	30
any of the	30
3 are you	30
the city center	30
the stop was	30
under the influence	30
in apartment number	30
a black shirt	30
1341 marlowe room	30
14 you can	30
i'm not a	30
is back to	30
the 2nd floor	30
10 7 in	30
2 17 and	30
west 1 17th	30
send me that	29
he was at	29
you start kufner's	29
can put me	29
he was going	29
have to go	29
i think you	29
all over the	29
out of that	29
now we'll be	29
at the corner	29
to the er	29
copies medic 2	29
get your plate	29
clifton and cove	29
with king ida	29
a couple minutes	29
for car 2	29
a tow for	29
madison medic 1	29
service no need	29
he's trying to	29
the east end	29
sounds like he's	29
we get a	29
medic 2's out	29
just so you're	29
detroit in front	29
he checks okay	29
to turn it	29
blocking the sidewalk	29
3 out of	29
carlisle 12900 lake	29
off to the	29
going to meet	29
the other side	29
with this mail	29
have a second	29
guys can disregard	29
for the second	29
for your time	29
number for that	29
hit by a	29
i was unable	29
to the rear	29
i can hear	29
in a no	29
i'll be coming	29
get him from	29
warren and madison	29
have a good	29
back and said	29
notes i'll be	29
ahold of the	29
lives in apartment	29
copies medic 1	29
king ida x-ray	29
area of the	29
hit his head	29
to station 1	29
in the report	29
years old valid	29
city back in	29
in a couple	29
203 can you	29
10-4 you can	29
18 i'll be	29
7 in the	29
break for the	29
i'll be giving	29
2 to the	29
you guys in	29
all set all	29
want to come	29
having issues with	29
to the caller	29
dl for my	29
with john victor	29
with the resident	29
dispatch this is	29
engine 3 in	29
get on the	29
the apartment building	29
for the past	29
the female was	29
an eye out	29
you can notify	29
1 is taking	29
having a hard	29
on a male	29
engine 3 copy	29
blocking the drive	29
a male who	29
contact with that	29
let you in	29
212 can you	29
is not in	29
see dealer for	29
you can disconnect	29
is at the	29
and a white	29
be responding from	29
you could try	29
it if you	29
wanna make sure	29
7 i copy	29
they said he	29
14 go ahead	29
said that there	29
a language barrier	29
the of the	29
that was to	29
you just wanna	29
and 2 20	29
medic 1 17	29
suspended no 1	29
06 30 2026	29
you send a	28
my work phone	28
you're good to	28
king paul lincoln	28
what's the address	28
the address for	28
didn't see any	28
scene we have	28
doesn't have any	28
medic is in	28
copy truck 1	28
is medic 2	28
i'm talking to	28
are you going	28
211 i'll be	28
drug mart east	28
could respond to	28
clifton and nicholson	28
going to start	28
have the plate	28
for you guys	28
from the hospital	28
all set 10-8	28
no wants has	28
12 000 building	28
23 i'll be	28
patient was assisted	28
need for transport	28
i tried calling	28
to the car	28
said that she's	28
a parked car	28
going to send	28
hard to understand	28
it we'll be	28
sent on his	28
to the female	28
that there is	28
the first floor	28
hold of her	28
way as well	28
the address is	28
it was an	28
be transporting to	28
copy medic 3	28
dispatch medical 1	28
i didn't get	28
a look at	28
sounds like it	28
a good thing	28
can you change	28
will be transporting	28
how are you	28
contact with her	28
he's on his	28
to be john	28
about 10 minutes	28
here i can	28
don't know what	28
for one of	28
to the bathroom	28
sounds like they're	28
banging on the	28
the key holder	28
to harm herself	28
of birth for	28
add some notes	28
just add that	28
can find a	28
15 i have	28
going to fire	28
back to my	28
the owner came	28
3 do you	28
for a blue	28
the city back	28
was coming from	28
that name and	28
22 are you	28
to return to	28
do not have	28
you gave me	28
parking lot behind	28
that's been parked	28
of the call	28
i added some	28
talk to her	28
said the male	28
between detroit and	28
in my car	28
have the caller	28
going to follow	28
engine 2 will	28
for the tow	28
the driver of	28
for loud music	28
could you get	28
a few times	28
16 you can	28
fell on the	28
and it's a	28
11820 edgewater apartment	28
copies medic 3	28
all companies go	28
brown and hazel	28
you have your	28
84 year old	28
heading that way	28
he doesn't have	28
was sent on	28
the end of	28
out with john	28
away from the	28
check to see	28
female she has	28
of lakewood heights	28
have that way	28
i can call	28
back to his	28
gonna be coming	28
released to the	28
laying on the	28
fire alarm showing	28
for a general	28
a general fire	28
respond back to	28
he is conscious	28
to the right	28
mental health issues	28
woodhouse buick gmc	28
2026 see dealer	28
1 2 3	28
get in contact	28
to the side	28
showing we'll be	28
the executive house	28
the street from	28
i agree i	28
thank you i	28
see if it's	28
they're trying to	28
called it in	28
we'll be clear	28
can start heading	28
ahead we'll be	28
1 and 2	28
could you just	28
was advised and	28
engine 2 we're	28
he was not	28
it sounded like	28
not a kid	28
dispatch back to	28
attention i'm at	28
i'm at attention	28
at attention i'm	28
did not have	28
4 can you	28
1 of those	28
this is gonna	28
6 foot 1	28
the female in	27
i just sent	27
entering agency only	27
for a red	27
for the other	27
area we'll be	27
there on the	27
with them in	27
we're at the	27
back to service	27
transporting one patient	27
of the other	27
3 is that	27
advised we'll be	27
to harm himself	27
3 i'll be	27
be with you	27
the building and	27
was at the	27
by the name	27
needs to be	27
that's out of	27
13 are you	27
medic 1's arriving	27
out of fair	27
like they were	27
you're able to	27
call for a	27
be investigating all	27
i see the	27
you can confirm	27
could you start	27
and then i'll	27
are you set	27
the water department	27
male to the	27
advised that the	27
edward lincoln lincoln	27
tried to call	27
i'll be set	27
might have been	27
2 this is	27
thank you sir	27
party call from	27
cleveland it's a	27
21 you can	27
and i are	27
copy we'll be	27
have a ds	27
over the phone	27
dispatch are you	27
next to the	27
can go 10-4	27
14306 detroit number	27
said he's been	27
she's all set	27
and the owner	27
the complainant was	27
west clifton and	27
answer the door	27
you said the	27
all be 10-8	27
should be the	27
and the female	27
having chest pain	27
make a report	27
out of county	27
female said she's	27
in service we	27
north 13330 detroit	27
engine 2 you	27
as well as	27
a third party	27
the property manager	27
has not been	27
nothing showing on	27
companies go to	27
no signs of	27
87 year old	27
on the third	27
with king henry	27
i'm sorry you	27
a call on	27
going to make	27
will be back	27
of cleveland a	27
front of a	27
white male in	27
check and see	27
and west clifton	27
did you have	27
you can head	27
if they have	27
i'm 10-8 and	27
i'll be heading	27
they did not	27
11 we'll be	27
white female wearing	27
that female she	27
hung up on	27
add her to	27
is transporting 1	27
just stand by	27
hi hi hi	27
old female is	27
in service and	27
got it thank	27
a call please	27
nothing showing we'll	27
sounds like she	27
back up to	27
westerly 14300 detroit	27
out to investigate	27
for the vehicle	27
medic 1 back	27
en route as	27
538- 538- 538-	27
got the we've	27
the we've got	27
there in the	27
god bless god	27
bless god bless	27
the area that	27
just see if	27
agree i agree	27
a kid i'm	27
kid i'm not	27
that's that's that's	27
your number is	27
a white shirt	27
no line no	27
line no line	27
of the of	27
can clear me	27
break go ahead	27
could you put	27
or or or	27
for a trapped	27
kufner's kufner's kufner's	27
10-8 we're 10-8	27
on the radio	27
medic 3 0	27
conscious breathing alert	27
8 with a	27
one of you	26
to the park	26
call him back	26
parking lot and	26
it looked like	26
went to the	26
i'm about to	26
if you don't	26
20 can you	26
22 go ahead	26
going off in	26
actually going to	26
here in the	26
i have no	26
give you the	26
female who fell	26
any kind of	26
bunts and madison	26
medic 1 out	26
odor of natural	26
one patient to	26
westbound on detroit	26
there were no	26
a silver toyota	26
i had to	26
be riding with	26
to use the	26
waiting in a	26
he lives at	26
were you able	26
211 we'll be	26
green valid no	26
sounds like a	26
go i'm closer	26
you're on a	26
is a black	26
this was an	26
sounds like she's	26
call us back	26
of fair view	26
detroit and cove	26
out in front	26
they might be	26
valid permanent id	26
detroit medic 1	26
on the first	26
can go i'll	26
she's not answering	26
i'll head that	26
heading back to	26
15 i'm out	26
25 i'll be	26
but if you	26
what color is	26
also has a	26
i think it	26
a male called	26
ride to the	26
of that address	26
a heart attack	26
good thing it's	26
thing it's a	26
where do you	26
a squad assist	26
is that the	26
to the building	26
engine 3 engine	26
she's on the	26
and he is	26
be out there	26
edward last name	26
and i copy	26
door is open	26
what do you	26
you open the	26
lives in the	26
in a red	26
at fairview hospital	26
vehicle is cited	26
13 i'm 10-8	26
them to the	26
male is going	26
manic-3 manic-3 manic-3	26
with king tom	26
24 are you	26
12 i'm out	26
common spelling last	26
ford station wagon	26
we're out with	26
the one that	26
does not want	26
a 24-hour follow-up	26
king henry queen	26
arriving on scene	26
i need you	26
give him a	26
did not see	26
to die i'm	26
die i'm going	26
a 72 year	26
3 copies medic	26
wants i copy	26
do have a	26
with you guys	26
check on him	26
a disabled vehicle	26
the phone and	26
slow to respond	26
we got it	26
female that was	26
you need anything	26
avenue for a	26
you could add	26
a 19 to	26
the front yard	26
2 from truck	26
find a number	26
at this address	26
engine 2 to	26
with john william	26
in a parking	26
looking at the	26
the burger king	26
car 4 is	26
it on the	26
the address of	26
back at the	26
2-car mva no	26
for a medical	26
in the last	26
received a call	26
8 you can	26
you copy the	26
that the male	26
the vehicle that	26
station for a	26
can hear a	26
19 we'll be	26
sitting on the	26
the cleveland side	26
1 i'll be	26
go ahead for	26
3 we're out	26
on a gray	26
1 if you	26
medic 3 go	26
he was on	26
she is conscious	26
show medic 1	26
they said it	26
i'm gonna go	26
there's a lot	26
madison there's a	26
2 for medic	26
i copy medic	26
call you back	26
gonna be king	26
clifton with john	26
bit of a	26
all set 10-4	26
go ahead detroit	26
225 225 225	26
for the briefing	26
for a 2	26
the 2026 gmc	26
expires 06 30	26
30 2026 see	26
that they have	25
to the parking	25
try to call	25
due to the	25
10-8 can you	25
of service for	25
of our department	25
thank you i'll	25
you i'll be	25
a couple times	25
we didn't see	25
clear from that	25
on to the	25
let me check	25
at the jail	25
right in the	25
of the vehicles	25
king david lincoln	25
have the last	25
for a bit	25
south of berea	25
service patient refusal	25
you going to	25
24 i'm on	25
gray in color	25
to drug mart	25
fell and needs	25
that i'll be	25
11 i can	25
closer i'll get	25
and said he	25
saying that he	25
19 with him	25
madison and warren	25
get him to	25
down by a	25
is a lift	25
raise the stall	25
called about a	25
king union adam	25
going to handle	25
in his apartment	25
2's out we'll	25
engine 3's in	25
first one is	25
walgreens 11701 detroit	25
the nature of	25
and try to	25
a male with	25
and will be	25
you confirm the	25
to the apartment	25
to be clear	25
a parking violation	25
5 i'll be	25
know if there's	25
try and get	25
not getting anything	25
try and find	25
back out on	25
they had a	25
valid temporary permit	25
group of people	25
closer i'm closer	25
229 can you	25
and st charles	25
doesn't have a	25
we check the	25
the clifton cove	25
guys could head	25
a female screaming	25
in her apartment	25
not seeing anything	25
up in a	25
to get back	25
the resident was	25
send me back	25
may i be	25
he has an	25
be with her	25
the call and	25
all set and	25
female at the	25
complainant said he	25
she should be	25
her and her	25
set up here	25
you can open	25
the male he	25
pick it up	25
could you assist	25
29 i can	25
said they have	25
you could advise	25
keys in his	25
call me back	25
service thank you	25
we're 10-8 from	25
just waiting for	25
you have it	25
you 19 for	25
be knocking at	25
be slow to	25
marlowe the haven	25
came to the	25
brown she's valid	25
you know what	25
locked his keys	25
nothing's coming back	25
end of the	25
high blood pressure	25
manor 12400 madison	25
to clear from	25
unable to find	25
copies we'll be	25
85 year old	25
engine 3 from	25
on scene medic	25
still trying to	25
i can't see	25
he was walking	25
is still accessible	25
she's gonna be	25
4 i'll be	25
start a 24-hour	25
27 i copy	25
it right now	25
run a listing	25
to engine 2	25
a male that's	25
black male date	25
for a possible	25
coming out of	25
this is just	25
the plate expired	25
door is locked	25
we were unable	25
wasn't able to	25
is unable to	25
to come to	25
was involved in	25
1 2 and	25
a 77 year	25
will be investigating	25
is not on	25
2 are you	25
and brown suspended	25
companies in service	25
has a history	25
can you do	25
they're not sure	25
are on the	25
spoke to her	25
15 will be	25
the briefing thanks	25
briefing thanks for	25
19 and 2	25
for 10 8	25
1 more time	25
off msrp on	25
i found the	24
and then i	24
an hour ago	24
you want the	24
to that female	24
you get here	24
cautions for violent	24
male he has	24
a 10-16 out	24
just to make	24
to be able	24
from the stop	24
we were there	24
medic 3's taking	24
yelling and screaming	24
i think we're	24
just a moment	24
madison with king	24
clear me from	24
called so there's	24
why don't you	24
he's unable to	24
the gas station	24
on top of	24
5 minutes ago	24
can you print	24
medic 1's going	24
you need any	24
check eastbound on	24
the laundry room	24
out of euclid	24
i'll head up	24
i can't get	24
for that female	24
can you take	24
the caller is	24
on arrival we	24
1 is arriving	24
the other day	24
knocking on the	24
from car 6	24
that way as	24
the correct address	24
king union queen	24
12900 lake apartment	24
will be at	24
up here please	24
and has a	24
make sure that	24
on the left	24
going to remain	24
kufner has a	24
that male to	24
we just got	24
like it might	24
go ahead could	24
could try to	24
a black kia	24
can slow it	24
i'm with them	24
you have that	24
1 are you	24
5 you can	24
park for a	24
the truck park	24
over to lakewood	24
parking lot for	24
just had a	24
call from the	24
john william lincoln	24
and advise the	24
right now i'll	24
truck 1 go	24
a 10-16 on	24
they were in	24
and the complainant	24
she lives in	24
thank you and	24
up at the	24
the cleveland clinic	24
north of clifton	24
you don't have	24
you call the	24
female to the	24
we have an	24
that vehicle i'll	24
vehicle was cited	24
i copy you're	24
24 go ahead	24
it to me	24
gonna stand by	24
the plate for	24
yeah if you	24
this male to	24
can give me	24
a black toyota	24
dispatch for a	24
i'm out at	24
you said you	24
said he has	24
he gave me	24
car's going to	24
i'm pulling up	24
gas in the	24
dl id card	24
possibly having a	24
old male who	24
obt for the	24
didn't want to	24
be heading to	24
1341 marlowe the	24
3 and engine	24
they would like	24
of rocky river	24
the top of	24
cars in the	24
a 75 year	24
medic 2 copy	24
it was in	24
i'm sorry what	24
engine 3 copies	24
able to make	24
you check out	24
should be back	24
transport at this	24
the illuminating company	24
can disregard that	24
you can stay	24
meet you at	24
i'm sorry the	24
the pickup radius	24
car 2 in	24
for a traffic	24
a traffic offense	24
with him and	24
the same thing	24
sleeping in the	24
to madison park	24
eastbound on madison	24
sides we'll be	24
to the resident	24
copy medic 2	24
of the way	24
to come up	24
the westerly 14300	24
looks like she	24
you can hear	24
behind the building	24
little bit of	24
in a lot	24
with the mail	24
contempt of court	24
going back to	24
there's a blue	24
8 can you	24
in the drive	24
she needs to	24
some mental health	24
going to move	24
205 can you	24
did they say	24
if we could	24
advised we're 10-8	24
the name and	24
speaking with a	24
one's out at	24
with her in	24
just wanna make	24
can copy go	24
i'm 10-8 10-4	24
2 0 8	24
car two's out	24
at 10 8	24
have a 10	24
2 19 and	24
or newer vehicle	24
hy vee catering	24
out of our	23
was wearing a	23
could you send	23
and it looks	23
with king queen	23
out of there	23
white male black	23
did you see	23
we're just going	23
i'm 10-8 from	23
can we have	23
and madison for	23
the back garage	23
two of them	23
make sure he's	23
be right back	23
1 we're out	23
junior out of	23
it back to	23
detroit and west	23
loud and clear	23
you get them	23
vehicle that was	23
he said there's	23
a vehicle in	23
lake apartment number	23
healthcare 13900 detroit	23
vehicle blocking the	23
one member of	23
117th and the	23
he's at the	23
like it's going	23
the other cars	23
for unit 2	23
want to let	23
is in a	23
copy i'm all	23
of the male	23
have a listing	23
a white vehicle	23
is a white	23
a black ford	23
i have her	23
back and forth	23
if you're able	23
to the lakewood	23
the 12 000	23
on scene 10-4	23
the area we	23
on detroit in	23
okay we're 10-8	23
downstairs for a	23
go ahead dispatch	23
detroit medic 2	23
respond to a	23
the winton place	23
brown and black	23
can get in	23
he also has	23
i can give	23
having a heart	23
said that his	23
copy if you	23
to around the	23
you could respond	23
so they can	23
service returning medic	23
going to turn	23
brown blue valid	23
he has any	23
can be in	23
they said he's	23
to move the	23
clifton cove apartments	23
dl out of	23
gonna be john	23
advised of her	23
14306 detroit the	23
she was going	23
spoke with both	23
from dispatch are	23
odor of gas	23
of madison king	23
with john mary	23
with king george	23
check westbound on	23
there's a red	23
get them from	23
of clifton with	23
cleveland date of	23
you if you	23
to you in	23
10-4 if you	23
not sure which	23
to detroit and	23
for a front	23
i'll be tonight	23
on a traffic	23
the owner was	23
a listing out	23
in rocky river	23
clifton and hurd	23
15 can i	23
by a car	23
13330 detroit room	23
in his car	23
standing by in	23
by in the	23
for a silver	23
to the fedor	23
hasn't been able	23
i just need	23
company medic 2	23
medic 4 is	23
out of metro	23
medic 1 we	23
scene at the	23
so i'm not	23
number on the	23
care of the	23
back if you	23
202 i'll be	23
a black coat	23
for criminal trespass	23
got a 10-16	23
2 if you	23
be trying to	23
12 you can	23
alarm showing zone	23
service patient evaluated	23
dispatch medic is	23
the lakeshore towers	23
you speak with	23
up on me	23
a black jacket	23
219 can you	23
the male and	23
9 year old	23
that vehicle and	23
one's on the	23
we got the	23
they were going	23
brown valid id	23
with john sam	23
medic 2 i	23
guys head to	23
plate on it	23
make me primary	23
needs help getting	23
female says she	23
yelling at each	23
little bit more	23
chevy 4 door	23
were advised to	23
complainant called back	23
to the carlisle	23
she just wants	23
companies truck 1	23
gonna be transporting	23
with king victor	23
can have the	23
she can hear	23
117 south of	23
she checks okay	23
his way we'll	23
on the 2nd	23
brown he's valid	23
is not working	23
license to confiscate	23
at the days	23
go ahead kufner's	23
for a tree	23
dispatch from cartoon	23
2 11 and	23
truck one's gonna	23
one's transporting a	23
and 2 17	23
truck 2 is	23
on 01 17	23
10 16 c	23
do you wanna	23
be 10 7	23
can you issue	22
to call him	22
oh i see	22
you got a	22
he needs to	22
i got me	22
able to give	22
the fire alarm	22
we're clear from	22
premise file for	22
211 you can	22
when you're done	22
service lift assist	22
11 can i	22
out and moved	22
her keys in	22
do we need	22
copy back in	22
your plate in	22
medic 3's transporting	22
the animal warden	22
if it's the	22
able to locate	22
you're on the	22
male was advised	22
not sure where	22
with a red	22
knock on the	22
issues with the	22
old male 6'1	22
for unit 1	22
meet a male	22
this is for	22
cautions for armed	22
the west drive	22
with that vehicle	22
give us the	22
so i'm going	22
to your car	22
a parking complaint	22
of them are	22
detroit with king	22
engine 3 can	22
respond as well	22
can you find	22
you can also	22
9 are you	22
still at the	22
not on the	22
i'm in a	22
them in a	22
to the vehicle	22
flagged down by	22
on that call	22
13 year old	22
we dealt with	22
make sure you're	22
alarm at the	22
there might be	22
copies 24 i'm	22
with the vehicle	22
looks like that	22
and can i	22
a courtesy ride	22
for the driver	22
in the snow	22
in the bathroom	22
expired no wants	22
be a squad	22
laying in the	22
by a vehicle	22
want to meet	22
that might be	22
for disorderly conduct	22
for that parking	22
he said his	22
10-8 i can	22
there's going to	22
for the day	22
at warren and	22
female having a	22
about 20 minutes	22
working on it	22
detroit and cook	22
26 can you	22
to come down	22
with the other	22
on the plate	22
the area there's	22
you want that	22
we're looking for	22
not have any	22
they do not	22
5 i copy	22
a driver's license	22
king sam david	22
they said the	22
let you guys	22
she was on	22
28 can you	22
station wagon expires	22
is the last	22
to get some	22
i'm out on	22
both of them	22
i think the	22
at the carlisle	22
18 you can	22
we can go	22
by while she	22
you try and	22
can you update	22
in the road	22
off the highway	22
that the female	22
be giving this	22
go ahead you	22
car 10 go	22
218 can you	22
as far as	22
you stop in	22
it's not coming	22
having a stroke	22
can you verify	22
old male 5'10	22
will be a	22
what's the report	22
just talked to	22
have a number	22
brown not valid	22
meet me at	22
female in her	22
the 6th floor	22
company called in	22
warrant pick up	22
to your work	22
notes were added	22
the east drive	22
john young x-ray	22
this female is	22
for a 75	22
john victor charlie	22
is back open	22
to be checking	22
that call at	22
okay i'll be	22
3 is also	22
copy warren franklin	22
parking lot on	22
you need a	22
where he's at	22
should have a	22
a white chevy	22
for the female	22
between madison and	22
2 could you	22
called there's a	22
that lives in	22
but there's no	22
a white toyota	22
off at the	22
going to wait	22
copy engine 3	22
upstairs for a	22
the last one	22
do you think	22
says there's a	22
he is valid	22
that vehicle on	22
king sam union	22
3 if you	22
the building department	22
be transporting one	22
have the owner	22
to 19 to	22
19 i can	22
car mva no	22
male in his	22
walking in the	22
they were on	22
attention medic 2	22
do that i'm	22
for the detail	22
a better location	22
anything like that	22
i copy franklin	22
kufner's has a	22
that i'm not	22
to close the	22
you need us	22
and i'm sorry	22
that will be	22
go ahead in	22
go ahead first	22
gonna be 19	22
truck one's on	22
10 16 on	22
up to 10	22
is able to	21
right now i	21
to call us	21
we have to	21
owner of this	21
on the run	21
okay i copy	21
a 37 year	21
the detail please	21
copy and i	21
can advise and	21
said he had	21
engine 2's on	21
a 34 year	21
can head that	21
the jail for	21
in service lift	21
with king mary	21
to o'neill 13900	21
out of liquid	21
with a j	21
i'll be off	21
detroit complainant said	21
ahead with your	21
that parking violation	21
up the jail	21
what was that	21
with you in	21
with a vehicle	21
in pursuit of	21
can respond to	21
speak with her	21
going to add	21
the red light	21
member of lpd	21
i'm closer i'll	21
male to lakewood	21
like the male	21
we got him	21
brown out of	21
just let them	21
the driveway and	21
king ocean adam	21
13 i'm all	21
eastbound on clifton	21
of detroit king	21
medic 3 transporting	21
it to my	21
9 we'll be	21
go in the	21
is a male	21
an eye on	21
llc out of	21
and let them	21
we'll be back	21
you like us	21
number for a	21
honda 4 door	21
with us now	21
around the area	21
welfare of a	21
got ahold of	21
with her boyfriend	21
to keep it	21
you haven't already	21
there should be	21
engine 2 can	21
check around the	21
could just check	21
getting anything back	21
you can leave	21
the hilliard bridge	21
1 and truck	21
86 year old	21
engine 2 in	21
10-7 at the	21
requesting we check	21
to the lake	21
we'll be turning	21
medic 3's arriving	21
21 i can	21
he is suspended	21
1 this is	21
service medic 1	21
24 i'm all	21
i copy the	21
sounds like they	21
door we'll be	21
to go with	21
run a name	21
options we'll be	21
knocked on the	21
on a 2015	21
to go on	21
28 10-7 lunch	21
hazel valid no	21
have a vehicle	21
to clifton and	21
i'll go to	21
male having difficulty	21
complainant said she	21
launch list please	21
13 we're 10-8	21
call back and	21
you can let	21
we're speaking with	21
i just spoke	21
the driveway is	21
that would be	21
right here i'll	21
i'll get it	21
the other units	21
you can you	21
no answer on	21
10-8 with the	21
the description of	21
is a qualified	21
24 thank you	21
you meet a	21
and pick up	21
assist a female	21
have that male	21
21 are you	21
to one of	21
stay on the	21
the other vehicle	21
out of akron	21
of detroit john	21
old female suspended	21
up here and	21
you can take	21
that's in the	21
owner has an	21
i'll be sending	21
there's a large	21
you need it	21
a dl id	21
her a call	21
guys still set	21
there's no one	21
king ida david	21
yes you can	21
try to locate	21
driver of the	21
222 can you	21
area of detroit	21
for you to	21
a 74 year	21
if you get	21
sorry could you	21
to gain entry	21
car in the	21
a check on	21
sure if they	21
westbound on clifton	21
if they need	21
service this was	21
in service for	21
a 70 year	21
prior to my	21
can you notify	21
out of your	21
you could head	21
with her and	21
be waiting outside	21
saying that her	21
set here i'm	21
female having chest	21
that was on	21
the resident there	21
king david victor	21
detroit car 2	21
a female and	21
need a 19	21
male and a	21
car is going	21
of the business	21
in the tree	21
if you can't	21
he's out of	21
right next to	21
officer's out with	21
you can respond	21
want to give	21
door on the	21
says she has	21
in detroit with	21
us a call	21
female fell and	21
and she has	21
like she was	21
medic 2 back	21
was the last	21
hear a male	21
the vehicle i	21
engine 3 i	21
on the cleveland	21
of the westerly	21
working on the	21
just spoke to	21
to get that	21
back with that	21
do not see	21
12400 madison the	21
on the call	21
and she's not	21
so if you	21
she lives at	21
passed out in	21
a white honda	21
attention car 2	21
79 year old	21
when you copy	21
you add that	21
gonna be checking	21
no driver's license	21
caution for violent	21
add it please	21
19 i have	21
you go back	21
on scene we're	21
called he said	21
sorry i didn't	21
in the same	21
older white male	21
start kufner for	21
head code 3	21
go ahead henry	21
get you to	21
to the days	21
was advised we're	21
close the show	21
if he was	21
hour check on	21
for the evening	21
on the bike	21
back i'm going	21
go ahead madison	21
id card only	21
go ahead there's	21
go ahead it's	21
to voice mail	21
dispatch medic two's	21
11 and 2	21
will be tonight	21
2 14 and	21
to 10 000	21
10 000 off	21
with that mail	20
a female with	20
a call to	20
now if you	20
her phone number	20
the travel lodge	20
old male 6'2	20
she's out of	20
was turned over	20
honda station wagon	20
you guys want	20
i think he	20
don't want to	20
here i'm going	20
keys in her	20
in a little	20
have a traffic	20
the phone he	20
i copy we're	20
complainant said the	20
the call we're	20
to the animal	20
if you see	20
king ocean victor	20
medical alert button	20
was last seen	20
be transporting a	20
it's got a	20
the store and	20
vehicle in front	20
female has a	20
in the morning	20
in the rear	20
route to that	20
okay if you	20
the neighborhood officer	20
madison complainant said	20
i'll be trying	20
wants has an	20
this is special	20
medical 1's on	20
by a male	20
2's in route	20
him out of	20
she can't get	20
2 copies car	20
the vehicle i'll	20
plate for the	20
she does have	20
let us in	20
name is going	20
i'll be following	20
2's out of	20
to call them	20
the female at	20
any further police	20
us to respond	20
order against him	20
it doesn't look	20
they said she	20
he was trying	20
a white jeep	20
he doesn't know	20
herself out of	20
3 we're on	20
i'll get your	20
meet you guys	20
there if you	20
bunts and detroit	20
i couldn't find	20
at the light	20
2's out at	20
central company medic	20
ahead could you	20
and advised that	20
and trying to	20
from madison and	20
number is going	20
the railroad tracks	20
a message for	20
3's going to	20
be transporting shortly	20
and is now	20
me back out	20
as well and	20
meet at the	20
could you guys	20
they're unable to	20
a false alarm	20
and franklin with	20
through the door	20
they have an	20
black female wearing	20
from the report	20
copy do you	20
close out the	20
out the call	20
call we're going	20
you for your	20
them on the	20
and he's not	20
there is an	20
and she thinks	20
all set you	20
i'm sorry it's	20
female that lives	20
with both parties	20
12 000 edgewater	20
a 29 year	20
her she said	20
sorry i was	20
king ida frank	20
it was coming	20
cars going to	20
the launch list	20
madison i'll be	20
205 are you	20
the traffic stop	20
us to stand	20
the front lobby	20
the date of	20
they're on their	20
arrest for dci	20
match thank you	20
i have one	20
out to move	20
the address on	20
is parked in	20
a 62 year	20
in a sec	20
88 year old	20
9 go ahead	20
thanks for watching	20
you're good you're	20
good you're good	20
a license plate	20
the cad number	20
know if we	20
one's closer can	20
called in a	20
a date of	20
medic 3 responding	20
lakeshore towers apartment	20
you update the	20
madison and lincoln	20
been out there	20
if he's qualified	20
a black jeep	20
10-7 if you	20
take 1 to	20
can you raise	20
with a gray	20
out investigating all	20
give me that	20
of this vehicle	20
advised car 2	20
still set there	20
taking a female	20
i'll be speaking	20
about 15 minutes	20
we're gonna go	20
and this is	20
just go ahead	20
she's having a	20
be 10-7 at	20
address for the	20
both of those	20
that's my driver	20
send you the	20
the time of	20
be out here	20
clifton and lake	20
a 66 year	20
head there as	20
that vehicle we'll	20
detroit with john	20
with john young	20
with john john	20
we'll be coming	20
mckinley for a	20
125 06 edgewater	20
i was on	20
you just give	20
i didn't hear	20
to attempt to	20
you stop up	20
she thinks it's	20
be my driver	20
here as well	20
1 over to	20
with john zebra	20
said he just	20
you could have	20
sorry you said	20
he lives in	20
3 are out	20
has it 10-8	20
with king boy	20
from warren and	20
a 69 year	20
in a wheelchair	20
stop at the	20
all set at	20
at the hospital	20
for the jail	20
can advise the	20
did not want	20
male he fell	20
out of traffic	20
and then we'll	20
we'll head over	20
you guys at	20
driveway still accessible	20
for a loud	20
10 minutes ago	20
that you can	20
right now i'm	20
i'm gonna try	20
chest pains and	20
king edward queen	20
old female says	20
go ahead just	20
is just a	20
not want to	20
old female not	20
you 19 to	20
put it in	20
we're gonna head	20
did the caller	20
out on a	20
for this male	20
go get my	20
get my phone	20
phone i'm going	20
blonde and blue	20
7 year old	20
cove community center	20
in the face	20
you meet me	20
over here on	20
car 2 you	20
i'll be fine	20
they got a	20
it out of	20
or anything like	20
with the tow	20
female to lakewood	20
and down the	20
17 will be	20
a vehicle on	20
head down to	20
ride back to	20
got a 19	20
know if the	20
wants to talk	20
in color expires	20
and 2 14	20
the show i'm	20
show i'm going	20
all companies truck	20
be 10-8 i	20
out of rocky	20
and brown he	20
a couple calls	20
king victor tom	20
the west end	20
i can check	20
the carlisle 12900	20
2 and 2	20
leave a note	20
17 and 2	20
8 and i	20
white male date	20
go ahead clifton	20
go ahead medic	20
start a 24	20
car two's en	20
or 10 8	20
i just wanna	20
on 10 7	20
1 17th in	20
25 and 2	20
find your next	20
or save up	20
me a second	19
i can send	19
we're talking to	19
him he said	19
out of brooklyn	19
16 out of	19
if she has	19
has a 10-16	19
plate here in	19
i'm closer 24	19
it for me	19
right now we're	19
here if you	19
82 year old	19
go code 3	19
is the owner	19
parking complaint on	19
if there's an	19
out of control	19
setting back up	19
king union sam	19
warren in front	19
brown suspended no	19
medic 2's transporting	19
in on the	19
black male black	19
10-7 in the	19
to take that	19
we're in a	19
to take the	19
on a 24	19
can i copy	19
franklin with king	19
with king ocean	19
respond to drug	19
the jail order	19
from the elevator	19
we're about to	19
about to clear	19
on the truck	19
out for me	19
i have your	19
to break into	19
he is breathing	19
sorry go ahead	19
a female is	19
released from the	19
she's not feeling	19
in his vehicle	19
want to speak	19
an active ccw	19
was advised car	19
change it to	19
you assist a	19
wire down in	19
on the lake	19
a male is	19
just called and	19
for a smoke	19
copies car 2	19
a dark blue	19
was an accidental	19
you guys respond	19
that call in	19
checked all the	19
of the truck	19
vehicle is goa	19
going to clear	19
en route there	19
advised to call	19
it can you	19
to the store	19
male he's suspended	19
to know if	19
here on the	19
was parked in	19
dropped off at	19
14312 detroit the	19
a key holder	19
medic 1 responding	19
14312 detroit number	19
the station with	19
in the room	19
i copy back	19
truck 1's on	19
a copy of	19
down we'll be	19
from lakewood heights	19
me a landline	19
to start a	19
checking for that	19
they were both	19
lakeland for a	19
we're gonna need	19
nora last name	19
you guys out	19
at the lake	19
that i have	19
can get it	19
open the door	19
when you guys	19
to the lobby	19
at the er	19
screaming at each	19
pick him up	19
she might have	19
on it and	19
in service the	19
i'll meet you	19
was advised not	19
him right now	19
closer i can	19
head to lakewood	19
old male 5'8	19
lincoln last name	19
hold of him	19
a 40 year	19
for a pickup	19
of the roadway	19
a vehicle that's	19
no damage to	19
the phone she	19
can start a	19
be at 10	19
that lives there	19
silver in color	19
the last couple	19
sorry i couldn't	19
i'm speaking with	19
get back to	19
24 i'm 10-8	19
out with henry	19
that as well	19
10-8 if you	19
you could put	19
out of south	19
you repeat your	19
the last hour	19
there's no issues	19
for the rest	19
if they want	19
call the police	19
you should be	19
of cleveland he's	19
registered owner is	19
over there and	19
said he's a	19
on the train	19
one should be	19
a private property	19
brown failure to	19
care of it	19
get it to	19
on a vehicle	19
that for me	19
is no longer	19
detroit i'll be	19
sorry i covered	19
i'll have to	19
back to us	19
he is not	19
just keep an	19
you guys know	19
male having chest	19
we have it	19
lake shore towers	19
for my passenger	19
advised of his	19
female date of	19
mckinley and hilliard	19
i believe he	19
with that name	19
was in a	19
know if he's	19
in lakewood heights	19
make sure i	19
of those cars	19
for a 72	19
be having a	19
that's the only	19
at the west	19
at the bar	19
engine 3 you	19
you still set	19
clifton and west	19
clifton west clifton	19
it from the	19
work with that	19
out of garfield	19
for mutual aid	19
to locate the	19
left the area	19
117 just south	19
were going to	19
there's a car	19
don't know where	19
at 12400 madison	19
he's not answering	19
and drug paraphernalia	19
the night we'll	19
were trying to	19
a mutual aid	19
could you 19	19
stay with the	19
gonna be with	19
at the residence	19
a large tree	19
black and white	19
on the tree	19
the caller and	19
gonna be waiting	19
a hispanic male	19
over by the	19
that a male	19
her to come	19
the complainant and	19
out i'm out	19
one's going to	19
and close the	19
vehicle was released	19
the caller was	19
be in pursuit	19
out of town	19
i'll have the	19
sent you the	19
active ccw permit	19
cars i sent	19
there for about	19
us a 21	19
male he was	19
to stay in	19
the jail please	19
they can come	19
came out of	19
sure if you	19
sure if she's	19
to county with	19
2 is taking	19
to catch up	19
high rate of	19
rate of speed	19
i think she	19
a report of	19
the mckinley exit	19
in the bus	19
king victor david	19
they gave me	19
for a parking	19
to stop sharing	19
stop sharing my	19
sharing my screen	19
old male down	19
with john david	19
she's having some	19
her apartment door	19
the sound of	19
him and he	19
i'm standing by	19
on it is	19
the tree lawn	19
can you advise	19
we're standing by	19
is it a	19
me the ix	19
service we'll be	19
will take that	19
my phone i'm	19
a phone call	19
get in the	19
a ride back	19
there's a silver	19
a panic attack	19
plate to the	19
all lakewood companies	19
she is breathing	19
on this call	19
go over to	19
female says she's	19
king paul king	19
it from here	19
27 can you	19
and has been	19
a female who	19
that she has	19
list to a	19
of the residents	19
in the track	19
john david sam	19
king frank robert	19
1 should be	19
12 are you	19
is not coming	19
14401 detroit apartment	19
and in service	19
on the bridge	19
2 of them	19
please you can	19
be a gray	19
complaints that there's	19
you back i'm	19
the bathroom i'm	19
bathroom i'm going	19
on the 11th	19
spelling date of	19
set i'm all	19
go ahead victor	19
ahead first name	19
i'll be 108	19
ford 4 door	19
medic two's en	19
i 90 eastbound	19
that'll be all	19
gonna be 10	19
i 90 westbound	19
the other 1	19
the first 1	19
8 and i'll	19
20 5 and	19
15 and 2	19
20 5 108	19
you check-in front	19
72 on 10	19
left in a	18
to give her	18
on west 117th	18
a bit of	18
just add him	18
vehicle if you	18
struggling to breathe	18
out of their	18
would like her	18
you need another	18
sam henry adam	18
between the two	18
i don't want	18
3's taking one	18
on the house	18
she doesn't have	18
medic 2 do	18
and madison with	18
a female she	18
get one more	18
you trying to	18
of the night	18
set thank you	18
mcdonald's parking lot	18
vehicle parked on	18
the parking garage	18
you can come	18
set here with	18
clear in a	18
engine 3's on	18
into her apartment	18
a vehicle blocking	18
riding with the	18
way i'll be	18
i see him	18
then hung up	18
black male with	18
and it sounds	18
29 we're out	18
to be an	18
to both parties	18
doesn't want to	18
get another car	18
caution for armed	18
old male 5'11	18
warren for a	18
i'll get a	18
advised that he	18
they were at	18
this i'm going	18
said he's not	18
hit a parked	18
head there for	18
the lights are	18
the kirtland house	18
black male in	18
he just got	18
call real quick	18
wasn't sure if	18
clifton the clifton	18
arrival we spoke	18
on our way	18
is transporting fairview	18
police involvement we'll	18
involvement we'll be	18
me back on	18
go i'll get	18
the south marginal	18
have to call	18
doesn't sound like	18
14300 detroit number	18
to engine 3	18
3 on the	18
to the fire	18
in service with	18
it to your	18
courtesy ride to	18
i called the	18
on the highway	18
10-4 13 you	18
her on the	18
i see you	18
there right now	18
out of consciousness	18
check at the	18
unable to give	18
are you clear	18
temporary permit no	18
said that they're	18
12506 edgewater number	18
looking for the	18
franklin with john	18
king tom x-ray	18
215 can you	18
for a week	18
called she said	18
to close out	18
king queen frank	18
i'm working on	18
you get it	18
of berea with	18
an issue with	18
and is bleeding	18
said he's in	18
you get to	18
lakewood heights for	18
go ahead car	18
she checked okay	18
205 we're 10-8	18
of the female	18
16 go ahead	18
no wants and	18
go 10-4 thank	18
st charles and	18
don't have to	18
king frank boy	18
is also going	18
my report number	18
on scene engine	18
assist on that	18
call the complainant	18
on a car	18
they're in a	18
like he has	18
just a second	18
king edward adam	18
speaking to the	18
back and see	18
we're working on	18
i tried a	18
madison for an	18
on a 2020	18
smith out of	18
on a 2018	18
we'll be fine	18
old valid no	18
detained in handcuffs	18
separate for the	18
yeah we're all	18
i'm in front	18
have the registered	18
wanted us to	18
show me 10-8	18
that we'll be	18
male suspended no	18
phone number and	18
the other male	18
in a car	18
will be coming	18
that's what i	18
211 i'm out	18
i copy 117	18
16 i have	18
of gas in	18
the city we're	18
medic 1 car	18
in the right	18
i'll take it	18
15 minutes ago	18
patient to fairview	18
me to call	18
i'll see you	18
1 copies truck	18
nothing comes back	18
can take it	18
she'd like to	18
on a 2019	18
we do not	18
suspended id card	18
male having a	18
of the bar	18
i can't hear	18
place 12700 lake	18
a civil matter	18
i'll be knocking	18
at lakewood er	18
to get them	18
the street for	18
that he had	18
and brown not	18
1 to dispatch	18
a warrant pick	18
go talk to	18
6 year old	18
detroit and lincoln	18
was the time	18
of new york	18
a red chevy	18
will be checking	18
as long as	18
night we'll be	18
nature of the	18
up here to	18
the address again	18
what would you	18
of the parties	18
walgreens parking lot	18
detroit on the	18
don't need to	18
27 you can	18
call at the	18
it's a blue	18
and is having	18
a parking lot	18
is responding to	18
added notes and	18
talking to him	18
phone with her	18
i'll be stopping	18
said she had	18
to my arrival	18
the phone saying	18
west clifton with	18
going to walk	18
we have that	18
24-hour check on	18
checked okay and	18
1375 west clifton	18
stand by on	18
king tom john	18
10-8 i'll be	18
29 and 2	18
was advised on	18
the jailer please	18
19 with a	18
need to be	18
appear for a	18
the resident in	18
the complaint and	18
trying to catch	18
of cleveland the	18
station 1 from	18
she was in	18
gonna head over	18
to get on	18
there at the	18
i'll be up	18
is going off	18
i'll get her	18
3 are en	18
2 3 truck	18
yeah i was	18
cars on the	18
a 65 year	18
at the haven	18
my screen i'm	18
screen i'm going	18
the location to	18
cited for dci	18
12 will be	18
a 36 year	18
shows the plate	18
one is a	18
driveway is still	18
king ida edward	18
him and his	18
can you bring	18
dl for the	18
have to come	18
was advised that	18
it was on	18
back to her	18
we do have	18
for a 77	18
a couple more	18
help getting up	18
with henry victor	18
to be heading	18
from the building	18
the detail and	18
bit more difficult	18
the influence of	18
assist we'll be	18
king boy queen	18
the first name	18
does he have	18
make sure it's	18
just add them	18
having a panic	18
and 3 medic	18
inside of the	18
an older white	18
bunts and clifton	18
is still on	18
i believe that	18
to have the	18
anything on the	18
to my desk	18
able to see	18
might be in	18
show medic 3	18
she just said	18
come out to	18
have a better	18
i can add	18
25 are you	18
we're pulling into	18
that for 19	18
go ahead tom	18
the male i	18
20 are you	18
ahead we checked	18
our city for	18
vehicle is sighted	18
a black and	18
apartment number 2	18
lakewood heights in	18
that for you	18
advised that they	18
she drives a	18
you start coughing	18
sorry did you	18
the 11th street	18
street i'm on	18
to the report	18
it could be	18
white shirt and	18
she's wearing a	18
1 is a	18
11 and 220	18
1 respond at	18
truck 1 17	18
10 7 lunch	18
10 16 out	18
7 on the	18
you check-in the	18
02 11 traffic	18
two's on scene	18
02 15 traffic	18
however you make	18
you make money	18
make money work	18
can work with	18
and he's going	17
but you can	17
get him i'm	17
the squad to	17
service for a	17
to my work	17
pick up a	17
the plate that	17
good thank you	17
jail with this	17
when we get	17
i'm pretty sure	17
registered to him	17
a couple cars	17
on the 4th	17
think you can	17
we were just	17
out of elyria	17
out of bed	17
you say you	17
obt for that	17
locked her keys	17
want to talk	17
and have them	17
he's a qualified	17
is having a	17
said she just	17
coming from a	17
the sidewalk and	17
to the bank	17
and time please	17
on a silver	17
take the call	17
and the plate	17
add a note	17
at lake and	17
trying to break	17
o'neill healthcare 13900	17
to contact the	17
117th i'll be	17
is saying that	17
she'll be waiting	17
have any history	17
is a female	17
didn't know it	17
the hospital and	17
you add him	17
king king union	17
respond to madison	17
respond to ennis	17
king charlie victor	17
of north olmstead	17
a white ford	17
king queen edward	17
with each other	17
back or just	17
complainant said his	17
we both copy	17
she is a	17
to be giving	17
clifton car 2	17
2 is also	17
clifton and cook	17
we don't need	17
ahead and end	17
and end this	17
the apartment and	17
i think they	17
fairview with one	17
transported to fairview	17
with king adam	17
try to make	17
the area but	17
john william king	17
king union robert	17
i'm with the	17
to knock on	17
checks okay we're	17
10-7 thank you	17
18 are you	17
locked herself out	17
us en route	17
the last few	17
the fire ground	17
other side of	17
we know if	17
me to send	17
on scene with	17
engine 3 en	17
just waiting on	17
because of the	17
and said there's	17
if we need	17
25 i can	17
to wait for	17
can see if	17
213 can you	17
back if he	17
copy that i'll	17
have a 10-16c	17
front of her	17
a 28 year	17
truck 1's out	17
an apartment number	17
have a car	17
the last 4	17
arrival we'll be	17
you can be	17
at the intersection	17
john ocean david	17
car up here	17
he has no	17
that car is	17
and then a	17
on a 2016	17
out with it	17
on a 2017	17
if it's a	17
contact with him	17
to the east	17
i need another	17
contact with them	17
of fairview park	17
thank you very	17
you very much	17
he can hear	17
medic 2's arriving	17
king ocean tom	17
you pick up	17
set you can	17
i have some	17
up here for	17
is under arrest	17
19 with mr	17
who fell and	17
and hit his	17
company's medic 3	17
a message with	17
11839 edgewater apartment	17
vehicle break for	17
medic 3 do	17
12400 madison number	17
we'll be 10-7	17
said there's been	17
utl we'll be	17
if there's anything	17
king out of	17
ahead and start	17
from the front	17
3 we're going	17
left a voicemail	17
if you go	17
just spoke with	17
i have two	17
he may be	17
she said they're	17
kind of vehicle	17
vehicles in the	17
some notes and	17
i'm unable to	17
we're all 10-8	17
may i have	17
i'll be riding	17
you issue me	17
are there any	17
king king edward	17
king frank x-ray	17
run a dl	17
out of texas	17
male is not	17
i'm 10-8 with	17
has it i'll	17
a front door	17
front door alarm	17
will be clear	17
just send me	17
so you guys	17
gave me a	17
meet a female	17
at the apartment	17
can you read	17
last night and	17
there's a gray	17
added my driver	17
update the address	17
fire in the	17
the first one	17
on scene here	17
engine 2 copy	17
car 8 are	17
thank you we're	17
to this call	17
detroit and arthur	17
have an active	17
john victor x-ray	17
don't know how	17
i've got the	17
road for a	17
said it's been	17
211 go ahead	17
fire department at	17
copies truck 1	17
clifton apartment number	17
dispatch for car	17
car 2 car	17
first respond to	17
walking around the	17
change in mental	17
in mental status	17
king queen david	17
we were out	17
my speeds are	17
we get the	17
right now and	17
warren and hilliard	17
to be checked	17
he didn't want	17
of garfield heights	17
to be transported	17
remain in service	17
be a little	17
clear of the	17
to locate a	17
lpd to handle	17
a match thank	17
out with 2	17
with king edward	17
of the day	17
for a 74	17
6 of them	17
a valid driver	17
meet us at	17
male fell and	17
king charles victor	17
copies back in	17
check on it	17
could start a	17
i'm gonna give	17
you're looking for	17
the family dollar	17
you said you're	17
companies can return	17
front of you	17
you have engine	17
you can assist	17
i guess the	17
service medic 3	17
just need to	17
can check on	17
they need to	17
for the car	17
you see that	17
can get the	17
with john x-ray	17
that to the	17
male passed out	17
on the detroit	17
turn it back	17
it's been there	17
the manager called	17
for this female	17
a 19 for	17
been trying to	17
the dollar general	17
valid has a	17
for the same	17
unable to walk	17
issues with his	17
we're able to	17
advised them of	17
called said there's	17
franklin for a	17
the rapid station	17
she thinks she	17
responding from station	17
123 truck 1	17
in the upstairs	17
car 2 can	17
do they have	17
fairview with 1	17
but it looks	17
all the info	17
if you got	17
said he's having	17
registered owner of	17
dispatch station 1	17
in service return	17
the hospital for	17
see anything on	17
heard from her	17
he's a black	17
owner is a	17
at the top	17
to him and	17
know when you	17
out the back	17
from the house	17
in the office	17
possession of drugs	17
but she said	17
for this vehicle	17
3 we're transporting	17
front counter for	17
couple of times	17
is a consumer	17
more difficult it's	17
he'll be waiting	17
of her house	17
sure go ahead	17
13 i'm on	17
i think that's	17
a 76 year	17
start that way	17
of the bridge	17
on clifton and	17
a flat tire	17
a gray hoodie	17
on the fire	17
10-8 i'm going	17
i'll check the	17
my desk i'm	17
desk i'm going	17
like him checked	17
regards to the	17
ran out of	17
just before the	17
vehicle is not	17
the door is	17
we just need	17
14 i can	17
moderate on arrival	17
with the homeowner	17
out of georgia	17
to the intersection	17
the house drop	17
female states her	17
and then you	17
days inn 12019	17
didn't see anybody	17
but it's not	17
2 to handle	17
number in time	17
speak to officers	17
to reset the	17
thank you ma'am	17
going in and	17
a separate i	17
were advised and	17
a gray chevy	17
11th street i'm	17
nothing coming back	17
and a male	17
ahead i'm 10-7	17
was to a	17
or i'm sorry	17
a blue shirt	17
5 6 1	17
everything you need	17
right now you	17
a tree down	17
we'll be tonight	17
i'm a teacher	17
a teacher at	17
teacher at the	17
high school i'm	17
toyota 4 door	17
you copy your	17
10 4 and	17
104 can you	17
medic one's gonna	17
215 and 2	17
10 8 i'll	17
on 10 08	17
2 0 1	17
2 respond at	17
truck 1 0	17
1 of you	17
10 7 on	17
1 17 in	17
be 10 a	17
gonna be clear	17
truck one's out	17
2 12 and	17
msrp on the	17
offer expires 06	17
still all set	16
is on a	16
a white kia	16
he is on	16
ahead with it	16
east and west	16
able to check	16
to go check	16
20 you can	16
11 i'm out	16
the other one's	16
car 3's on	16
plate should be	16
but i think	16
was just trying	16
get you an	16
you an address	16
i got that	16
can use the	16
saw a male	16
you have to	16
calling saying that	16
the 4th floor	16
car 2 medic	16
companies are in	16
the driveway of	16
want to be	16
the area the	16
getting out of	16
and the last	16
alright thank you	16
to that parking	16
a little while	16
we'll let you	16
complaint we'll be	16
that way from	16
at bunts and	16
from the area	16
from the apartment	16
said one of	16
female she said	16
and i got	16
goes to the	16
south of hilliard	16
take that parking	16
that listing is	16
readings on the	16
all set with	16
can stand by	16
143 12 detroit	16
don't have the	16
them in the	16
in the north	16
the laser wash	16
he may have	16
old male 5'9	16
need any assistance	16
answering the door	16
that he just	16
to the neighborhood	16
king robert lincoln	16
advised car 2's	16
1 for a	16
to madison and	16
see if this	16
you send the	16
detroit and marlowe	16
we're checking the	16
area of madison	16
shows valid no	16
i believe she	16
arrived on scene	16
to her she	16
also en route	16
copy i'm gonna	16
an accidental alarm	16
end this i'm	16
parking lot king	16
guys respond to	16
complaint said there's	16
getting ready to	16
he just wants	16
just have the	16
dispatch engine 3's	16
should be good	16
he said there	16
send that to	16
male is having	16
having a medical	16
a medical emergency	16
he's suspended no	16
need to know	16
at the store	16
female having difficulty	16
route to metro	16
she was not	16
set up there	16
just try to	16
on that one	16
toyota station wagon	16
the car that	16
madison with john	16
have an eta	16
i'm at a	16
lot with king	16
29 i have	16
we are 10-8	16
it was not	16
of her apartment	16
for a lockout	16
show us en	16
said you can	16
we are on	16
15 if you	16
on the route	16
the caller said	16
they can get	16
you get that	16
to check it	16
pain in his	16
water main break	16
need to call	16
we're good we're	16
10-4 i'm going	16
front of that	16
male is a	16
said she's not	16
you guys to	16
to do some	16
looks like she's	16
detroit and bunts	16
can just check	16
mercury music lounge	16
a valid temporary	16
to meet at	16
she wanted to	16
10-4 and the	16
yeah i can	16
in case he	16
and 29 are	16
move the vehicle	16
john john tom	16
female difficulty breathing	16
doesn't know if	16
a black hat	16
have a key	16
out for a	16
10-16 on a	16
to clear the	16
the owner and	16
i'm 10-8 i	16
for some reason	16
gonna respond to	16
it was all	16
to the ed	16
28 i copy	16
speak with officers	16
it's a female	16
detroit and warren	16
myself a report	16
on a 2012	16
the northeast corner	16
corner of madison	16
a photo of	16
says that vehicle	16
what's my report	16
an obt please	16
2 copies we're	16
copies we're en	16
be clear in	16
time for a	16
not come back	16
cove in the	16
could put me	16
out of michigan	16
clifton and webb	16
warren south of	16
i just wanted	16
is wearing a	16
thank you we'll	16
pants and a	16
traffic stop on	16
detroit and riverside	16
on scene for	16
right now but	16
to be going	16
it would be	16
other half of	16
tried a couple	16
doing work at	16
a heads up	16
make sure the	16
back hill ending	16
bleeding from her	16
with the driver	16
to 14312 detroit	16
it's been parked	16
over a week	16
i'll be doing	16
23 can you	16
john young king	16
you need the	16
secure we'll be	16
with medic 2	16
said she has	16
can you grab	16
for a 24	16
area for a	16
want to see	16
is a report	16
a report from	16
from the office	16
can get that	16
19 in the	16
checking on the	16
male he checks	16
they were unable	16
code to get	16
a failure to	16
and you said	16
felony drugs and	16
you can probably	16
have to get	16
into the apartment	16
look for a	16
warrant out of	16
you just send	16
for him to	16
me how to	16
respond to lakeshore	16
mutual aid for	16
will also respond	16
city we're in	16
we did not	16
number for her	16
i'm checking the	16
was a female	16
the resident at	16
of the driveway	16
standing in the	16
said it looks	16
29 detroit and	16
1 we're back	16
king john nora	16
a power line	16
it's parked in	16
the bike lane	16
there she said	16
there's no need	16
out of tennessee	16
need to go	16
but she's not	16
don't have anything	16
respond to walgreens	16
king tom george	16
okay he was	16
called said there	16
detroit and belle	16
john king edward	16
a note to	16
on the 6th	16
detail can you	16
to fairview engine	16
to the residents	16
in that apartment	16
have the notes	16
saying that she	16
a few more	16
could check the	16
that vehicle will	16
call at 12400	16
the only thing	16
contact with a	16
coming back on	16
if he returns	16
of them in	16
up we'll be	16
us at the	16
we're in front	16
he's on a	16
they just called	16
there's no injuries	16
patient refused treatment	16
was there a	16
people in the	16
of lakewood er	16
her apartment and	16
out of gas	16
on scene on	16
she's bleeding from	16
returning to the	16
have engine 3	16
have a deal	16
just got home	16
up there and	16
mileage is going	16
is not valid	16
229 i'm 10-8	16
i guess they	16
they pulled into	16
into the parking	16
and break for	16
the highland house	16
station 1 for	16
with a disabled	16
and now he's	16
1 are en	16
king adam frank	16
to go down	16
shut it off	16
10-8 and i'm	16
in for a	16
clearing in a	16
list back to	16
we are going	16
waiting for the	16
one of their	16
a warrant pickup	16
a 24-hour on	16
waiting at the	16
for a gray	16
on that vehicle	16
from the east	16
going to fairview	16
car on the	16
yeah i'll be	16
let her know	16
sent your message	16
order for the	16
a water main	16
old female her	16
needs assistance getting	16
she says she	16
she has an	16
him a call	16
that call medic	16
of that car	16
299 dock fee	16
i haven't seen	16
is having some	16
dispatch do you	16
with king david	16
route with that	16
that female to	16
medic 123 truck	16
the upstairs unit	16
like it's a	16
they have any	16
a gray suv	16
for right now	16
were in the	16
coming back for	16
19 with the	16
sorry what was	16
the tracks with	16
a piece of	16
you know the	16
will be with	16
and take a	16
dispatch if you	16
warren and lakewood	16
the area we're	16
for a large	16
and get the	16
able to call	16
get on scene	16
the last time	16
a white sedan	16
i go to	16
truck 1 can	16
car 2 on	16
ahead with that	16
i wasn't able	16
units will be	16
with this now	16
he is a	16
on madison from	16
dispatch to truck	16
you come back	16
but i can	16
like me to	16
to the launch	16
be at a	16
15 i'm sorry	16
difficult it's just	16
squad assist we'll	16
trying to see	16
a second i	16
talk to an	16
marlowe in the	16
the vehicle to	16
you let me	16
primary on this	16
but she is	16
94 year old	16
i just checked	16
by for the	16
be arrested for	16
i just get	16
there are two	16
number 1 medic	16
him checked on	16
be a blue	16
1342 beach parkway	16
a blue chevy	16
her car and	16
and close this	16
the white male	16
in service engine	16
cars can slow	16
is in route	16
the lobby medic	16
go ahead spoke	16
add me to	16
that's parked in	16
1 i can	16
and just to	16
on her head	16
yelling at her	16
to head up	16
put us out	16
inn 12019 lake	16
copy this is	16
17 from the	16
was the address	16
ahead this is	16
she just wanted	16
11 i'm all	16
here i'm gonna	16
the male on	16
madison apartment 1	16
a loud party	16
truck 1 in	16
brown does not	16
list please you	16
dispatch go ahead	16
the gas company	16
the police department	16
are trying to	16
were on the	16
i'm sorry did	16
this this is	16
1 2 5	16
a 47 year	16
madison and hilliard	16
a half story	16
ahead detroit and	16
shorts and a	16
didn't have any	16
old male not	16
7 can you	16
white female with	16
we'll be sending	16
school i'm a	16
3 respond at	16
3 medic 123	16
nissan 4 door	16
and 2 03	16
hyundai 4 door	16
and 2 02	16
2 22 and	16
for 2 car	16
2 15 and	16
22 on 108	16
a year in	16
mileage 1 1	16
she says she's	15
i told her	15
he's supposed to	15
refusing to give	15
10-7 24 i'm	15
male out of	15
brown he's suspended	15
williams out of	15
i'll be able	15
front of it	15
copy that i'm	15
to give it	15
can you attempt	15
up here in	15
13 i have	15
117th south of	15
of maple heights	15
vehicles parked in	15
24 25 24	15
over here at	15
and i think	15
saying that the	15
205 i'll be	15
you the plate	15
be 19 at	15
fell out of	15
that has a	15
i can do	15
1's on the	15
the complaint we'll	15
10-4 you said	15
for now we'll	15
truck 1's en	15
to lakewood heights	15
there's an odor	15
on the parking	15
what are you	15
complainant said it's	15
with your traffic	15
with a complainant	15
she hasn't been	15
with king charlie	15
we're transporting to	15
female complaining of	15
all set thank	15
male said he's	15
no readings on	15
it's a silver	15
can come up	15
engine 3's en	15
of the address	15
and needs a	15
center north 14600	15
at the same	15
they just want	15
know it was	15
spoke to both	15
i got her	15
that i can	15
me a tow	15
he fell and	15
a listing for	15
notes if you	15
vehicle was moved	15
wants to make	15
saying that they	15
all the doors	15
you get the	15
the owner he	15
a black nissan	15
other cars can	15
with one member	15
with medic 3	15
he says he	15
permanent id no	15
15 we'll be	15
a call real	15
male is valid	15
and sent on	15
that was parked	15
just got off	15
to go in	15
it's a gray	15
not supposed to	15
you head back	15
is coming from	15
copy 10-7 10-8	15
in the south	15
on 117th and	15
confirm the address	15
and get a	15
the plate in	15
2 copies engine	15
copies engine 2	15
on your way	15
going to return	15
and said she	15
a 30 year	15
out as well	15
you 19 and	15
vehicle on the	15
when you come	15
25 i'm out	15
dispatch from command	15
one on the	15
be the same	15
car 6 is	15
smoke in the	15
up there for	15
look at it	15
good we're good	15
here with a	15
to the left	15
out of shaker	15
not seeing any	15
70 i'll be	15
send a squad	15
to go through	15
to find her	15
i think that	15
give me any	15
to the call	15
i was calling	15
now trying to	15
if i could	15
the complainant back	15
medic 1 for	15
at franklin and	15
between franklin and	15
said he's going	15
robin for a	15
with john union	15
3's arriving at	15
know if she	15
cove for a	15
he was able	15
right by the	15
inside of it	15
and it's not	15
phone with the	15
warren and leonard	15
are out with	15
i copy we'll	15
you confirm that	15
sounds like there's	15
to find out	15
old female 5'6	15
and i added	15
the door we'll	15
and looks like	15
want to have	15
tell me what	15
is bleeding from	15
he's in front	15
back can you	15
blue in color	15
of her options	15
riverside for a	15
engine 2's en	15
and refusing to	15
that he left	15
1 in the	15
dispatching car 10	15
heights for a	15
find the phone	15
here and i	15
we copy thank	15
cars responding to	15
to the shelter	15
i'll come back	15
respond to clifton	15
we're taking one	15
both those vehicles	15
should come back	15
add them to	15
and then she	15
medic 3 this	15
it's in front	15
stop back in	15
did they give	15
as well please	15
on the bus	15
she doesn't want	15
into a verbal	15
are you with	15
want to call	15
them know that	15
the group home	15
be a match	15
madison in front	15
the upstairs medic	15
but i'll be	15
lot behind the	15
cars will be	15
thank you 10-4	15
parking violation on	15
that male on	15
last name sam	15
the light on	15
be clear of	15
county sheriff's office	15
at the fedor	15
she locked herself	15
himself out of	15
he thinks it's	15
goa we'll be	15
sent you guys	15
ennis court room	15
can take the	15
report from the	15
the office of	15
of the attorney	15
9 i'm out	15
by name and	15
the taco bell	15
under the bridge	15
a ds for	15
you head that	15
known to abuse	15
and confirm no	15
have any other	15
that parking lot	15
to emergency no	15
at americanexpress com	15
can have a	15
the dog was	15
out of avon	15
i'm gonna check	15
the second one	15
any medical attention	15
here and i'll	15
can i transfer	15
me your report	15
elderly male that	15
we've been out	15
does have an	15
we can have	15
back into the	15
just released from	15
clifton and jackson	15
vehicle has been	15
is taking a	15
he's a white	15
and we can	15
know if they	15
can call me	15
13 i can	15
male called said	15
clifton complainant said	15
car 2 has	15
you can continue	15
add a dl	15
the vehicle we'll	15
just need the	15
a change in	15
25 we'll be	15
for that car	15
said he didn't	15
1 to handle	15
to the cad	15
to be all	15
building on the	15
truck 1 i	15
to lunch list	15
stay in service	15
and i didn't	15
front door is	15
in the post	15
is the same	15
struck by a	15
do not need	15
17 i can	15
a female there	15
9 can i	15
i'm sorry could	15
with john charlie	15
of chest pain	15
able to gain	15
cautions for drug	15
they're working at	15
29 i'm sorry	15
number 2 is	15
sure what's going	15
have to take	15
clifton and manor	15
and manor park	15
me the plate	15
back if she	15
the rock hall	15
he'd like to	15
i think i'm	15
other companies can	15
2 are going	15
of his options	15
1 on the	15
you want another	15
post office with	15
to his apartment	15
can you say	15
car 2 this	15
attempt to make	15
wearing a pink	15
plate is king	15
for a 70	15
10 are you	15
for a 69	15
24-hour on a	15
medic 2 go	15
company car 2	15
1 engine 2	15
could send me	15
with the registered	15
eastbound on the	15
told me that	15
they have no	15
it is a	15
down across the	15
off msrp plus	15
9 apr for	15
apr for 36	15
for 36 months	15
36 months on	15
months on the	15
buick gmc we	15
gmc we are	15
we are professional	15
are professional grade	15
professional grade with	15
signing offer applies	15
offer applies to	15
applies to select	15
to select stock	15
select stock numbers	15
dealer for details	15
pickup when you	15
and speak to	15
in service thank	15
thank you medic	15
it shows that	15
of his apartment	15
out on clifton	15
the reporting party	15
he doesn't want	15
1 member of	15
they don't know	15
but can you	15
have a middle	15
a middle initial	15
for a dark	15
front end damage	15
that she just	15
female having trouble	15
fedor manor apartment	15
he just said	15
to be coming	15
want to try	15
and released to	15
a male he	15
the vehicle owner	15
hilliard for a	15
you i copy	15
to lakewood hospital	15
no wires down	15
that they are	15
on the roof	15
she's at the	15
check southbound on	15
us in the	15
companies are back	15
to be waiting	15
close the call	15
and she believes	15
can disregard it	15
please thank you	15
let cleveland know	15
of the west	15
car 2 engines	15
in the kitchen	15
a 57 year	15
the other party	15
7 go ahead	15
advised and released	15
repeat your traffic	15
we have no	15
you know when	15
thank you copy	15
to send a	15
copy engine 2	15
to have it	15
number for information	15
at 24 hour	15
72 i'll be	15
engine 2 go	15
in service i	15
edgewater lakeshore towers	15
72 can you	15
you please check	15
traffic on the	15
walking down the	15
you stop back	15
the commodore club	15
from the curb	15
know if that	15
be back out	15
in his driveway	15
that is the	15
owner has a	15
strong odor of	15
said he saw	15
he saw a	15
dispatch did you	15
these are the	15
a vehicle i'll	15
phone on you	15
male in front	15
he's not in	15
male said his	15
john zebra paul	15
the west garage	15
three's en route	15
7 you can	15
station 1 truck	15
there's no damage	15
close this out	15
at a cleveland	15
ahead with the	15
parking lot off	15
library 15425 detroit	15
they said she's	15
you add me	15
the left side	15
call them back	15
said there's an	15
214 can you	15
that's supposed to	15
a female said	15
the parking violation	15
be the male	15
going to pass	15
to leave a	15
talk to them	15
report of a	15
city and in	15
there can you	15
an id card	15
her in a	15
89 year old	15
check across from	15
you back in	15
to check for	15
73 can you	15
a medical alarm	15
route from the	15
she thinks it	15
and wants to	15
think it was	15
4 year old	15
on his door	15
over to that	15
i'll check this	15
a part of	15
common spelling date	15
the first is	15
a red shirt	15
19 can i	15
both units 10-8	15
go ahead there	15
ahead clifton and	15
219 and 222	15
black shirt and	15
11 year old	15
that was back	15
10-12 10-12 10-12	15
front of 1	15
i help you	15
for more information	15
can save up	15
the 1st floor	15
of birth 09	15
set on 10	15
20 9 will	15
1 more car	15
truck one's in	15
medic one's arriving	15
plate's gonna be	15
kia 4 door	15
and 2 11	15
medic 2 17	15
1 truck one's	15
gonna be responding	15
first 1 is	15
just gonna be	15
20 9 to	15
20 9 i'll	15
at 14312 detroit	15
2 i can	15
dear visitors thanks	15
visitors thanks for	15
thanks for spending	15
for spending time	15
spending time and	15
time and 1	15
and 1 600	15
1 600 000	15
600 000 000	15
000 000 a	15
000 a year	15
year in our	15
city for creating	15
for creating countless	15
creating countless new	15
countless new memories	15
new memories here	15
memories here while	15
here while supporting	15
while supporting 16	15
supporting 16 000	15
16 000 local	15
000 local jobs	15
local jobs for	15
jobs for our	15
for our friends	15
our friends families	15
friends families and	15
families and neighbors	15
and neighbors 14	15
neighbors 14 700	15
14 700 000	15
700 000 of	15
000 of you	15
of you visit	15
you visit omaha	15
visit omaha each	15
omaha each year	15
each year for	15
year for its	15
for its 1	15
its 1 in	15
1 in 1000000	15
in 1000000 charms	15
1000000 charms unique	15
charms unique neighborhoods	15
unique neighborhoods world	15
neighborhoods world class	15
world class zoo	15
class zoo distinct	15
zoo distinct venues	15
distinct venues menus	15
venues menus and	15
menus and more	15
and more while	15
more while you're	15
while you're here	15
you're here you	15
here you don't	15
you don't just	15
don't just pay	15
just pay us	15
pay us a	15
us a visit	15
a visit you	15
visit you pay	15
you pay it	15
pay it forward	15
it forward so	15
forward so thank	15
so thank you	15
thank you visitors	15
you visitors sincerely	15
visitors sincerely omaha	15
but i don't	14
old male who's	14
you guys get	14
but she doesn't	14
please go ahead	14
of a female	14
see if it	14
that that male	14
that male left	14
old male out	14
an address in	14
station wagon black	14
was out of	14
please show me	14
start kufner's for	14
out of maple	14
guys want to	14
out i'll be	14
highly intoxicated and	14
to be here	14
me the address	14
19 at the	14
yeah i got	14
thank you that's	14
go up to	14
way to the	14
moved the vehicle	14
in her car	14
qualified adult please	14
closer to the	14
for you when	14
waiting on the	14
coming out to	14
speak to somebody	14
old female complaining	14
third party from	14
10-4 29 you	14
on the meter	14
talked to him	14
king king tom	14
old male his	14
his phone number	14
she fell and	14
does she have	14
guys could respond	14
to her apartment	14
north 14600 detroit	14
area for that	14
out at lake	14
station 3 engine	14
got a 911	14
and then hung	14
see you at	14
the complainant she	14
up with the	14
detroit west clifton	14
this to the	14
with king robert	14
and green valid	14
speak with us	14
said that it's	14
and blue he's	14
blue he's valid	14
not an emergency	14
that for 29	14
the stall if	14
stall if you	14
out of strongsville	14
if this is	14
said he fell	14
out of east	14
of east cleveland	14
13 go ahead	14
there's a wire	14
she advised that	14
of cleveland she's	14
i copy that's	14
johnson out of	14
i'm not finding	14
like her checked	14
just wants to	14
i checked all	14
the numbers on	14
this should be	14
is no answer	14
10-4 15 you	14
officers en route	14
i'll call back	14
1600 west 117th	14
en route can	14
of this call	14
the complainant he	14
12511 clifton the	14
that call for	14
dealt with him	14
cautions are for	14
keys in the	14
with john king	14
19 with us	14
and unable to	14
to open the	14
14740 lakewood heights	14
king george lincoln	14
doesn't know what	14
turn it down	14
copy back up	14
truck 1's in	14
there's no problem	14
about 30 minutes	14
it down we'll	14
engine 3 for	14
the medics at	14
come back here	14
can start kufner	14
2 did you	14
to remain on	14
a call at	14
on a 2021	14
color is the	14
a 50 year	14
i got this	14
can give it	14
stolen out of	14
copy from detroit	14
if not start	14
the pickup when	14
that male and	14
a 10-16c on	14
yes that's correct	14
truck 1's going	14
truck 1's back	14
of clifton and	14
hang up call	14
205 and 229	14
a direction of	14
she has no	14
added notes we'll	14
be 19 for	14
suv parked in	14
mag 3 mag	14
old female difficulty	14
been in the	14
it's a male	14
a male wearing	14
with a valid	14
detroit they have	14
that for one	14
10-7 can you	14
king adam x-ray	14
now thank you	14
the owner he's	14
back from the	14
start kufner please	14
20 minutes ago	14
the vehicle i'm	14
added notes i'll	14
to reset it	14
to have that	14
thinks it might	14
area there's no	14
i'm speaking to	14
copy i was	14
by a female	14
can find the	14
have some notes	14
of the days	14
she is valid	14
10 from dispatch	14
damage to property	14
i be at	14
ahead car 2	14
medic 3 responds	14
i think we	14
for drug abuse	14
of the dog	14
to that address	14
you know i'm	14
who lives in	14
black valid no	14
king robert nora	14
nicholson and clifton	14
scene engine 3	14
clifton and edwards	14
you can slow	14
said she heard	14
i can assist	14
the one on	14
tell him to	14
the door for	14
copies engine 3	14
29 we're all	14
117 just north	14
sure if it	14
that male in	14
you ask him	14
to stay with	14
wants us to	14
a squad to	14
transfer him to	14
going to continue	14
half of this	14
will be the	14
for the time	14
clifton and beach	14
said he is	14
16 can i	14
be doing follow-up	14
with the car	14
john william x-ray	14
her back and	14
to separate for	14
about to be	14
should be king	14
straight to voicemail	14
office of the	14
the attorney general	14
i believe the	14
off i'll be	14
going to transport	14
front of lakewood	14
out of bedford	14
need a back	14
but he said	14
male he said	14
i'll let him	14
for us to	14
we'll be standing	14
was returned to	14
a gray honda	14
i added my	14
a 33 year	14
8 en route	14
a white van	14
coming up here	14
east of 117th	14
had a call	14
pick up his	14
8 will be	14
parties were advised	14
kia station wagon	14
mary adam robert	14
complainant said there	14
i see a	14
added notes for	14
117 in front	14
a chance can	14
there with her	14
she was at	14
to get his	14
over the road	14
parking lot i'll	14
king boy sam	14
closer could you	14
a panic alarm	14
has been parked	14
get him detroit	14
2 has command	14
a resident there	14
of the hospital	14
inside the apartment	14
inside the building	14
to this address	14
you make me	14
locate an obt	14
rush hour is	14
it'll be a	14
think it's a	14
mental health problems	14
be knocking on	14
to answer the	14
not valid valid	14
the fingerprint scanner	14
the station and	14
edgewater for a	14
detroit at the	14
dispatch medic 4	14
of the residence	14
and there is	14
1 we're on	14
corner of the	14
he was there	14
he was gonna	14
in service lpd	14
quite a bit	14
and issue me	14
detroit just east	14
warren in the	14
and did not	14
car 2's back	14
time of the	14
and said they	14
be with the	14
for a 66	14
not answering the	14
would like them	14
how do you	14
you can run	14
i thought you	14
and that he	14
robert adam nora	14
25 can i	14
king boy adam	14
with king union	14
will be standing	14
the vehicle in	14
and have him	14
complaining of chest	14
that it's a	14
bunts for a	14
are responding to	14
clear from there	14
a male having	14
at the time	14
in her vehicle	14
not sure what's	14
don't know it's	14
know it's a	14
we'll both be	14
way back to	14
to the scene	14
didn't hear anything	14
from the head	14
a resident called	14
2 for a	14
she'll meet you	14
that's for medic	14
belle and clifton	14
off on the	14
hat and a	14
clifton medic 3	14
be stopping at	14
bunts and franklin	14
lot on the	14
you can turn	14
a 67 year	14
you come in	14
be 10-8 i'll	14
did not answer	14
come out of	14
that male for	14
the women's pavilion	14
it back over	14
to you and	14
i'll call her	14
we're on a	14
for some follow-up	14
just to be	14
i just had	14
there's no signs	14
12 i can	14
to warren and	14
this female for	14
be 10-8 i'm	14
202 are you	14
the out of	14
the giant eagle	14
that for 20	14
a silver sedan	14
henry adam robert	14
when he was	14
people for money	14
to hang out	14
soon as i	14
they're out with	14
truck 1 engine	14
3 from engine	14
are we going	14
have this male	14
set at the	14
you raise the	14
for over a	14
should be waiting	14
all set i	14
her and she	14
back in a	14
radio cut out	14
a male said	14
can't get up	14
catch up to	14
road conditions are	14
having problems with	14
a 68 year	14
severe abdominal pain	14
they're doing work	14
to get through	14
he tried to	14
we're unable to	14
here and then	14
phone she said	14
black in the	14
then we'll be	14
and just so	14
i'll be setting	14
offense out of	14
franklin i'll be	14
saying that there's	14
to do with	14
12 go ahead	14
make sure we	14
found a number	14
go to that	14
the last number	14
said she's been	14
cove medic 3	14
this car is	14
for this call	14
here real quick	14
sorry you can	14
respond to mcdonald's	14
scene this is	14
in service car	14
talking to them	14
into the house	14
apartment number 3	14
117th and clifton	14
at the berkshire	14
you get on	14
and medic 4	14
dispatch mike 3's	14
accessible i'll be	14
you can do	14
on a female	14
you can tell	14
a white truck	14
female not feeling	14
elderly female that	14
2 of the	14
if he's still	14
if he's breathing	14
started i'll be	14
it as a	14
us back if	14
call and i'm	14
and 2 18	14
unable to stand	14
vehicle to the	14
she said there's	14
you get there	14
medic 1 if	14
have it on	14
way we're 10-8	14
2 engines 2	14
engines 2 and	14
he's having some	14
of madison park	14
she was driving	14
you check to	14
of his car	14
change the location	14
engine 2 en	14
truck 1 the	14
the house is	14
brown dl is	14
service i copy	14
around to the	14
the cove community	14
a report on	14
may have been	14
back out of	14
whenever you're ready	14
been parked there	14
3 and 2	14
it for the	14
all the time	14
not gonna be	14
just sent you	14
1346 cove the	14
back just add	14
had a seizure	14
3 of you	14
to her car	14
female was advised	14
2 from station	14
another car to	14
have the vehicle	14
few days ago	14
has a black	14
if you're still	14
separated for the	14
2 is responding	14
her head and	14
10-4 11 you	14
3 could you	14
gonna be here	14
you want it	14
right back to	14
there's a dog	14
on behalf of	14
a cable line	14
with them now	14
engine 2 on	14
27 go ahead	14
car is parked	14
said she can	14
i copy this	14
my cell phone	14
to the southwest	14
this out and	14
out and i'm	14
90 year old	14
to your location	14
you send that	14
male who fell	14
stated that he	14
the skate park	14
appeared to be	14
trying to go	14
a male yelling	14
or are you	14
the corner 18616	14
a co detector	14
me to go	14
brown he has	14
2 to dispatch	14
14 can i	14
to take care	14
across from the	14
yeah i'm sorry	14
westbound on madison	14
yeah you can	14
a black vehicle	14
can head up	14
that he saw	14
3 we'll be	14
19 back to	14
get a call	14
has been notified	14
23 are you	14
dispatch to engine	14
or is he	14
the alarm was	14
group of juveniles	14
11 if you	14
back to normal	14
he said they	14
to come in	14
hasn't heard from	14
it has a	14
of a language	14
detroit to westerly	14
lives at the	14
the mail that	14
229 and 215	14
west clifton in	14
gonna check okay	14
coming back with	14
it's like a	14
check this this	14
last one i'll	14
one i'll check	14
do you still	14
that have been	14
was talking to	14
from lakewood park	14
a gray shirt	14
king charles henry	14
a trapped raccoon	14
ahead we're going	14
the animal shelter	14
upstairs medic 3	14
today at macy's	14
prices exclusions apply	14
go ahead it	14
en route copy	14
shirt black shorts	14
in her backyard	14
no thank you	14
14 are you	14
in truck 1	14
you could disregard	14
setting off fireworks	14
come over here	14
2 we're back	14
call so there's	14
out of ohio	14
25 will be	14
kufner's go ahead	14
got a 186-30-60	14
4 you can	14
station at 02	14
she's conscious breathing	14
in saint charles	14
engine 2 0	14
4 door expires	14
o b o	14
we're just gonna	14
20 2 to	14
20 9 can	14
20 9 and	14
6 foot 2	14
4 10 8	14
for 1 of	14
of birth 01	14
detroit saint charles	14
truck 2 and	14
and 2 12	14
call at 14312	14
woodhouse chevy together	14
chevy together let's	14
together let's drive	14
let's drive with	14
2026 gmc sierra	14
for domestic violence	13
for a residential	13
told her to	13
and black pants	13
okay you can	13
you still on	13
here right now	13
phone number to	13
have the keys	13
ahead we have	13
get him on	13
i thought i	13
2's out on	13
place is going	13
closing in on	13
argument between the	13
have no idea	13
is coming in	13
the last six	13
a dog that's	13
meet the complainant	13
whenever you get	13
117th just south	13
1 we're transporting	13
copy car 2	13
patient to lakewood	13
and west 117th	13
the back here	13
29 we're 10-7	13
stand by a	13
can you pull	13
the day's end	13
10-4 i have	13
king tom henry	13
over an hour	13
just have a	13
vehicle and the	13
she attempts to	13
king king victor	13
come up to	13
just a couple	13
gonna be union	13
a bottle of	13
i can't find	13
her medical alert	13
we have him	13
this is in	13
with her she's	13
she's in apartment	13
the north marginal	13
there's no vehicles	13
for a backdoor	13
can we be	13
we be added	13
a gray toyota	13
right now so	13
copy a plate	13
alarm it's showing	13
not responding to	13
you start me	13
of the area	13
and said the	13
i copy all	13
start the check	13
but he was	13
clifton and bunts	13
in the laundry	13
i have notes	13
her checked on	13
copy back to	13
welfare of her	13
king lincoln queen	13
and speak with	13
off we'll be	13
right now we	13
he thinks he	13
we'll try to	13
i'll be around	13
this is my	13
i copy 10-7	13
and then we	13
can confirm no	13
is my driver	13
3 year old	13
can hear the	13
know what the	13
can disregard they	13
yeah i think	13
going to keep	13
3 for medic	13
the glen cove	13
1277 cove apartment	13
of parma for	13
in case we	13
tell me the	13
to let them	13
the area i	13
make sure everything's	13
having pain in	13
gonna need a	13
that for 17	13
at lakewood heights	13
the vehicle he	13
an open door	13
to give the	13
sure you guys	13
i added a	13
you want a	13
1's arriving at	13
a male laying	13
thank you you	13
you you can	13
change this to	13
but he doesn't	13
the complainant called	13
medic 3 we	13
to the truck	13
i was trying	13
you get her	13
call and see	13
dl to the	13
for a walk	13
just check and	13
can you look	13
look at the	13
see if that	13
blocked in the	13
en route lakewood	13
go ahead 10-8	13
she told me	13
saying that she's	13
her phone and	13
copy i'm going	13
don't see him	13
he hung up	13
23 go ahead	13
the intersection of	13
franklin and coutant	13
detroit and st	13
heights and warren	13
make sure they're	13
set here i	13
a blue honda	13
speak to him	13
in the air	13
you see the	13
exterior check secure	13
completely blocking the	13
to 19 for	13
for vehicle maintenance	13
she also has	13
i'm with her	13
on our side	13
is requesting we	13
the 7th floor	13
i got ahold	13
a dl out	13
in there and	13
attached to it	13
stuck on the	13
john david david	13
me the last	13
tell me if	13
was cited and	13
will be following	13
car 2 we're	13
can you pick	13
car 10 from	13
detroit st charles	13
we'll check the	13
on arrival car	13
228 lunch list	13
for the parking	13
of the intersection	13
to come over	13
the only one	13
when i get	13
a white volkswagen	13
was evaluated refused	13
she heard a	13
2 or 3	13
was gained id	13
spoke with him	13
detroit spring garden	13
2 out of	13
there you can	13
female is not	13
that phone number	13
it's an ongoing	13
i'm detroit and	13
detroit manor park	13
of them is	13
been advised car	13
13 i'm coming	13
can go 24	13
and i was	13
left in the	13
the phone said	13
advise them to	13
see you in	13
of the females	13
a vehicle with	13
all of them	13
to me please	13
he's on scene	13
check on them	13
respond to 14312	13
old male named	13
clifton with a	13
in the west	13
like him to	13
be clear here	13
clear here in	13
king king boy	13
the vin please	13
attorney general this	13
general this is	13
get that for	13
could just send	13
i'll take a	13
a felony warrant	13
back with a	13
yes i can	13
ds for my	13
for a failure	13
you run king	13
hyundai santa fe	13
of car was	13
have charges on	13
have any further	13
a vehicle and	13
let's see if	13
just a few	13
adam robert ida	13
said he believes	13
then you can	13
we want to	13
here can you	13
door of the	13
building check secure	13
to advise and	13
able to assist	13
and moved it	13
out and move	13
a 17 year	13
3 we're in	13
1 we're going	13
you head there	13
crestmont north 13330	13
come back with	13
king ocean union	13
now i don't	13
she got a	13
was advised we'll	13
a silver ford	13
ran into the	13
parked for a	13
go to lunch	13
the owner has	13
front of us	13
lot for a	13
went into the	13
221 i copy	13
added i'll be	13
i'm just waiting	13
of madison john	13
i'm closer to	13
the protected person	13
king king david	13
10-4 she said	13
male that lives	13
she may have	13
said that it	13
and he just	13
start heading that	13
for me i	13
24 i got	13
we can see	13
get a plate	13
a plate on	13
before you go	13
henry lincoln adam	13
we're 10-8 and	13
valid valid id	13
apartment number 10	13
and there are	13
dispatch to station	13
we're transporting one	13
you show us	13
not have the	13
a good one	13
sure if that's	13
me see if	13
that we have	13
cut yourself off	13
did she say	13
just check the	13
thought he was	13
the imperial house	13
said she's in	13
to take it	13
them to come	13
1 copies we're	13
10 year old	13
you copy it	13
and they're going	13
so can you	13
address in a	13
i'm heading to	13
rest of us	13
the area she	13
know it's gonna	13
treatment and transport	13
a male sleeping	13
can check the	13
for drug paraphernalia	13
chance can you	13
a 55 year	13
the doors are	13
okay i think	13
out of lorain	13
gonna give you	13
from the city	13
have an officer	13
9 i'm all	13
his way to	13
meet you outside	13
marginal and mckinley	13
bunts south of	13
company's medic 1	13
with engine 2	13
3 to dispatch	13
to him now	13
3 from car	13
walking eastbound on	13
and brown failure	13
cleveland 26 year	13
medic 3 for	13
out of pennsylvania	13
a tree branch	13
large tree branch	13
the plate expires	13
1570 ridgewood apartment	13
a red suv	13
need to get	13
to 1346 cove	13
mva in the	13
the other is	13
into the street	13
plate when you	13
in for dci	13
out for the	13
in case you	13
checks okay he	13
6 you can	13
that female in	13
on the station	13
stand by and	13
be out and	13
you and i'm	13
try and locate	13
up right now	13
possibly broke his	13
brown hazel valid	13
a 59 year	13
north of hilliard	13
in service we're	13
to be advised	13
back if they	13
that there are	13
me a number	13
i'll start heading	13
that was just	13
kufner says that	13
a drop fee	13
to dispatch medic	13
reach out to	13
it up to	13
was like a	13
with us for	13
on a 2008	13
on the out	13
i'll have it	13
did you check	13
said there were	13
just for the	13
you respond back	13
that for 2	13
male suspended valid	13
we going to	13
what are the	13
to an emergency	13
229 and 217	13
me from radar	13
on the female	13
the first time	13
the street i	13
sent on her	13
a strong odor	13
with a caution	13
with medic 1	13
detroit with a	13
going to leave	13
dock fee due	13
it's a red	13
is closed between	13
1 engine 3	13
you see dispatch	13
stay in the	13
the car with	13
she was able	13
2 on a	13
the take 5	13
john victor adam	13
just walked out	13
sam date of	13
out of california	13
on medic 1	13
sure if he	13
and see what	13
that i had	13
207 can you	13
figure it out	13
alarm showing front	13
you said it's	13
know if she's	13
215 i'll be	13
you're en route	13
to assist the	13
having some type	13
waiting for her	13
involved in a	13
up to you	13
be checking for	13
3 and 4	13
screaming for help	13
to stay on	13
us to go	13
in the hospital	13
i'll call you	13
the address and	13
i just talked	13
the construction company	13
pick them up	13
still accessible i'll	13
in all black	13
back with the	13
king sam edward	13
have it stopped	13
king george yesterday	13
and we are	13
he was wearing	13
from that address	13
he's refusing to	13
station 1 can	13
copy i have	13
there to check	13
i think you're	13
she believes it's	13
is there anyone	13
one more car	13
gonna move it	13
to giant eagle	13
the stall and	13
the police station	13
back to our	13
i see that	13
we'll head that	13
route from bunts	13
to get there	13
a 60 year	13
lot of pain	13
you a 21	13
king frank sam	13
for me to	13
and do you	13
in the squad	13
was having a	13
company called back	13
go into the	13
be here in	13
pick her up	13
you could assist	13
medic 1 at	13
cove the upstairs	13
not sure who	13
you give the	13
you attempt to	13
removed from the	13
and detroit for	13
car 2 for	13
short of breath	13
there's an older	13
return to the	13
4 go ahead	13
moving the vehicle	13
for a disabled	13
we're not seeing	13
were at the	13
the station to	13
female out of	13
just add her	13
a black sedan	13
this time we're	13
gonna be all	13
dispatch and all	13
have your work	13
we're speaking to	13
you guys a	13
i guess she	13
you just let	13
tried to get	13
loud music and	13
and all the	13
engine 3 we	13
it's not on	13
probably gonna be	13
you print that	13
at the parking	13
for the plate	13
of the mckinley	13
10-7 ending mileage	13
the way down	13
take it from	13
could be a	13
going to see	13
back to him	13
a light blue	13
st charles for	13
down by the	13
over to fairview	13
they might have	13
waiting for you	13
lakewood heights with	13
there code 3	13
a 23 year	13
you get me	13
gonna go check	13
left eastbound on	13
jeans and a	13
wish to speak	13
the ticket number	13
doesn't come back	13
the door of	13
have the male	13
can have that	13
leave a message	13
guys out there	13
you just see	13
john sam x-ray	13
there for the	13
me on this	13
have a license	13
i'm still on	13
moved i'll be	13
came back to	13
out of king	13
there and she	13
go check on	13
to do it	13
respond to 1	13
shirt and a	13
to go there	13
the lobby for	13
on the 1st	13
madison and bunts	13
i need the	13
7 i can	13
king victor edward	13
the 5th floor	13
2 year old	13
was moderate on	13
need us to	13
a number in	13
what was your	13
with them at	13
she's not valid	13
didn't see anyone	13
said that someone	13
a 64 year	13
she left the	13
if they were	13
be with john	13
bleeding from his	13
2 are in	13
and her boyfriend	13
ahold of her	13
having shortness of	13
sent on their	13
a black hoodie	13
anything back on	13
3 copy medic	13
see if she's	13
that he's a	13
i sent your	13
a call about	13
up against the	13
himself in the	13
be on clifton	13
listed owner has	13
parking lot she	13
in there that	13
resident calls that	13
calls that there's	13
of the police	13
the dollar tree	13
2 we're gonna	13
at a high	13
a high rate	13
playing loud music	13
caller was advised	13
there's a caution	13
the vehicle will	13
like it's gonna	13
he's not able	13
a 58 year	13
vehicle that hit	13
medic 2 for	13
it's an older	13
show both units	13
go ahead george	13
as well 10-4	13
with a group	13
set we're set	13
old female that's	13
go ahead yeah	13
on a 2022	13
212 go ahead	13
en route 10-4	13
just add the	13
advised to stay	13
was hit by	13
on the bench	13
on a 2023	13
apartment number 6	13
valid no want	13
engine all companies	13
old male 06	13
2 0 9	13
7 at the	13
got you thank	13
1 17 from	13
two's out we'll	13
1 0 9	13
got a 10	13
8 from the	13
of birth 12	13
2 20 and	13
truck two's out	13
20 9 117	13
0 3 traffic	13
respond for a	13
2 20 5	13
actually gonna be	13
20 5 dl	13
to the feeder	13
birth is 01	13
2 16 and	13
dispatch 2 is	13
gonna be 6	13
get 1 more	13
1 2 2	13
14 and 2	13
in 1 stop	13
your next vehicle	13
next vehicle at	13
vehicle at woodhouse	13
at woodhouse buick	13
buick gmc right	13
gmc right now	13
you can save	13
gmc sierra 1	13
sierra 1 500	13
1 500 or	13
500 or save	13
up to 2	13
to 2 000	13
2 000 off	13
msrp plus 1	13
plus 1 9	13
1 9 apr	13
2026 gmc acadia	13
gmc acadia woodhouse	13
acadia woodhouse buick	13
grade with free	13
with free credit	13
free credit or	13
credit or selling	13
or selling trading	13
selling trading at	13
trading at 2012	13
at 2012 or	13
2012 or newer	13
newer vehicle 299	13
vehicle 299 document	13
299 document do	13
document do it	13
do it signing	13
it signing offer	13
stock numbers stock	13
numbers stock number	13
stock number b260294	13
number b260294 stock	13
b260294 stock number	13
stock number b260679	13
number b260679 offer	13
b260679 offer expires	13
newer vehicle must	13
vehicle must finance	13
money work wells	13
work wells fargo	13
wells fargo can	13
fargo can work	13
a call that	12
us a report	12
make us primary	12
a 32 year	12
female in apartment	12
you have her	12
her to call	12
and one of	12
shirt and black	12
is still there	12
i just called	12
the same male	12
he's not here	12
to our location	12
of cleveland shows	12
out of lorraine	12
a lockout at	12
go thank you	12
closer 24 i'm	12
of madison i'll	12
right around the	12
north of berea	12
him at the	12
i saw a	12
is highly intoxicated	12
a couple weeks	12
go back into	12
back into service	12
a couple parties	12
jail for a	12
to go up	12
numbers for the	12
on the stall	12
you make sure	12
the city 10-8	12
a gray nissan	12
black brown suspended	12
we made contact	12
of the lot	12
a car alarm	12
i added to	12
take that from	12
and are not	12
should be coming	12
just got out	12
medic 3 1346	12
a cad number	12
check the parking	12
he's not going	12
you can stand	12
on scene copy	12
is calling saying	12
could speak with	12
dispatch station 3	12
with the alarm	12
out of this	12
the patio bar	12
an older male	12
229 and 222	12
a half hour	12
at the rta	12
the rta station	12
he's saying he	12
a backdoor alarm	12
to put it	12
i know you	12
forward this to	12
i'm with you	12
old female 5'4	12
an alarm it's	12
gonna take that	12
a trouble call	12
he didn't have	12
if you would	12
it to a	12
you could go	12
for that one	12
vehicle is a	12
order against her	12
moved prior to	12
10-4 he said	12
says the vehicle	12
209 i'll be	12
home we'll be	12
there's no violation	12
with 1 of	12
13 is set	12
3's out on	12
3's transporting to	12
to drop off	12
west 117th for	12
you find a	12
we'll head to	12
route can you	12
repeat the nature	12
car that was	12
doesn't appear to	12
to have them	12
say it was	12
no further police	12
have eyes on	12
to confirm that	12
on lake and	12
checks okay she	12
on him and	12
no wants he	12
the bottom of	12
bottom of the	12
the phone now	12
accidental by employee	12
a 71 year	12
old male on	12
route to lutheran	12
didn't know if	12
i'll be clearing	12
and advised them	12
the call at	12
2 copies we'll	12
we'll give you	12
you're not busy	12
so he can	12
henry frank queen	12
calls there's a	12
the vehicle on	12
currently in the	12
have a 2	12
like we were	12
for engine 3	12
then i'll be	12
at lakeshore towers	12
i'll get the	12
i added that	12
vehicle is still	12
we can find	12
that a black	12
and i just	12
you guys copy	12
added a note	12
and then they	12
the vehicle we're	12
detroit the lakewood	12
see if they're	12
just put me	12
out on that	12
assist the medics	12
911 hang up	12
years old suspended	12
that male that	12
she's saying that	12
said she did	12
1 copies 24	12
no lights or	12
head on the	12
with him he's	12
we have some	12
he's not on	12
21 we'll be	12
i give you	12
yeah go ahead	12
a hit skip	12
it's a 2020	12
can you use	12
it was cited	12
i'm just trying	12
to get your	12
out the front	12
dl to my	12
want any further	12
on her door	12
truck with a	12
been barking for	12
to the clifton	12
was all quiet	12
we're still on	12
edward robert robert	12
adam lincoln lincoln	12
brown never had	12
a male was	12
the driver was	12
to add some	12
want to know	12
she's on scene	12
i believe it	12
and she is	12
detroit and andrews	12
the parking complaint	12
3 responds to	12
for an odor	12
but they were	12
next to a	12
stall door and	12
the party that	12
still looking for	12
number for him	12
29 we can	12
years old he's	12
215 are you	12
manner 12400 madison	12
evaluated refused transport	12
26 you can	12
29 i'm with	12
he's been there	12
said she hasn't	12
we talked to	12
males in a	12
3 copies engine	12
where he was	12
there was some	12
a disturbance and	12
the tracks i'll	12
with john george	12
john george henry	12
sure if they're	12
last name henry	12
you we'll be	12
he was standing	12
to a white	12
in that vehicle	12
king john lincoln	12
switching over to	12
male i had	12
that you guys	12
out of bay	12
of bay village	12
car no emergency	12
hill ending mileage	12
this could be	12
medic 3 patient	12
back to me	12
been on the	12
have one more	12
2 is all	12
perfect thank you	12
has a suspended	12
a 35 year	12
a black hyundai	12
the detail i	12
for the first	12
to the address	12
notes and i'll	12
park on the	12
the building she	12
locked himself out	12
and have her	12
talk to me	12
and confirm that	12
suspended has a	12
of their options	12
that for 11	12
detroit and franklin	12
lakewood heights king	12
that can you	12
i copy west	12
you said that	12
of the plate	12
i'm sorry what's	12
king mary henry	12
complainant said her	12
a male by	12
can send it	12
vehicle is going	12
a gray kia	12
back she said	12
confirm the warrant	12
if she can	12
car 2 i	12
me to come	12
have a dog	12
said he can	12
not sure i	12
number for you	12
just have to	12
notice was left	12
of county for	12
205 and 216	12
be transporting this	12
and just be	12
12506 edgewater lakeshore	12
28 lunch list	12
driver can you	12
a caution for	12
if she was	12
pulling up now	12
2 from medic	12
service we can	12
that was in	12
car 2's around	12
be under the	12
there by the	12
you have me	12
call my work	12
arrived at fairview	12
has a couple	12
where you can	12
to give him	12
14 year old	12
out there for	12
options moving forward	12
as well i	12
don't see anybody	12
with king nora	12
be on detroit	12
they said they'll	12
is the male	12
left northbound on	12
giving this female	12
when i was	12
29 from the	12
211 can i	12
waterford 12500 edgewater	12
can get to	12
the building owner	12
has been moved	12
detroit and alameda	12
he hasn't been	12
note we'll be	12
10 medic 3	12
and see me	12
that has been	12
fire alarm car	12
have been advised	12
said he could	12
the street at	12
in service party	12
not sure how	12
detroit apartment 314	12
me to start	12
it's kind of	12
john union lincoln	12
hour is clear	12
i think this	12
90 westbound just	12
the past few	12
can't get a	12
and we're gonna	12
nick last name	12
for me and	12
put me at	12
on a detail	12
here by the	12
the detail can	12
station 1 medic	12
1 medic 4	12
4 is on	12
him to call	12
on a 2026	12
of his house	12
let me see	12
the northwest corner	12
to her and	12
from the west	12
i'll be tight	12
she believes that	12
on a 2025	12
his car and	12
can disregard i	12
back you can	12
able to do	12
know if it	12
know if you're	12
said they had	12
want that back	12
at 117th and	12
caution on a	12
she's on a	12
222 i'll be	12
and then if	12
he was sent	12
you add the	12
king george henry	12
13900 detroit o'neill	12
still accessible 10-8	12
i've got to	12
advised to keep	12
the rocky river	12
john sam frank	12
the phone they	12
with the residents	12
you start off	12
going to lakewood	12
on a 2013	12
to get this	12
north of lakewood	12
what were the	12
get a description	12
i told him	12
and let me	12
know when you're	12
a female lakewood	12
female lakewood er	12
could tell me	12
or in the	12
new york listing	12
no dl to	12
detroit and webb	12
for that call	12
at the 1	12
going to attempt	12
out front of	12
female they said	12
is transferring to	12
engine 2 for	12
edgewater the lakeshore	12
to be my	12
coming to the	12
she feels like	12
all companies from	12
they're en route	12
and clifton with	12
i can just	12
a message on	12
hold off on	12
north and south	12
the way up	12
way up there	12
you see a	12
a 39 year	12
lakeshore towers number	12
respond to 1346	12
for that plate	12
that you gave	12
issues with her	12
make a note	12
beginning mileage is	12
mileage is gonna	12
by for a	12
i might have	12
that she's not	12
of west clifton	12
looks like there	12
walgreens 14815 madison	12
and screaming at	12
male was dropped	12
you this is	12
he checked okay	12
on scene standing	12
try to reset	12
could you also	12
no plate on	12
called they said	12
17 we'll be	12
king queen young	12
out of illinois	12
can start kufner's	12
she gave me	12
on that please	12
couple of days	12
you available for	12
lakewood cars i	12
to rocky river	12
to you about	12
male starting mileage	12
you can't find	12
added the vehicle	12
no parking signs	12
that he's been	12
to make entry	12
not finding anything	12
you head up	12
down for the	12
out the window	12
asking people for	12
up to that	12
have that female	12
around in the	12
be waiting at	12
west of mckinley	12
john boy henry	12
said he left	12
217 and 229	12
10-16 with a	12
can put us	12
up to a	12
you are you	12
yeah can you	12
madison in the	12
16 are you	12
thinks she might	12
while we were	12
what did you	12
headed to the	12
well as the	12
and didn't see	12
the pool area	12
may be a	12
you assist on	12
the fire hydrant	12
you had a	12
if you like	12
it seems like	12
that is a	12
on the ice	12
prior to that	12
of south euclid	12
get the description	12
description one more	12
he stated that	12
8 i copy	12
it was going	12
alarm company said	12
lpd on board	12
up here on	12
back en route	12
for a 65	12
to stop up	12
up for a	12
have a medic	12
service medic 2	12
217 and 221	12
are you doing	12
said he got	12
in a 19	12
it and then	12
parking lot now	12
john sam zebra	12
parking lot there	12
19 i got	12
just go to	12
due to an	12
medic 1 this	12
an older model	12
the wrong direction	12
possession of the	12
there's nothing in	12
i've got him	12
on scene this	12
2 1 2	12
some issues with	12
a name for	12
so there's no	12
to help her	12
the lobby of	12
outside in the	12
is returning to	12
the owner she's	12
disregard the tone	12
unknown direction of	12
just sitting in	12
that's going off	12
for about an	12
the stall with	12
did not show	12
to investigate all	12
leave me on	12
you take that	12
if you are	12
there's a little	12
that he's in	12
a couple people	12
there's some type	12
the female complainant	12
alarm company is	12
you add it	12
add it for	12
17 i have	12
and needs help	12
number if you	12
a fair view	12
it's not in	12
didn't get it	12
224 and 215	12
engine 3 if	12
follow up with	12
will remain on	12
companies be advised	12
to fairview er	12
company's car 2	12
walking on the	12
i copy 29	12
the male's name	12
said i'll be	12
i have him	12
he advised that	12
a blue ford	12
with him on	12
robert last name	12
lakewood with one	12
will respond to	12
john x-ray john	12
would just like	12
i go in	12
please put me	12
i think i'll	12
at the rock	12
she just called	12
the driver's side	12
they got into	12
in this car	12
we'll be tight	12
in service refusal	12
and she doesn't	12
go check it	12
it back just	12
to leave he's	12
and hung up	12
copy lake and	12
any further issues	12
for a 76	12
the driver is	12
it does not	12
and she's concerned	12
211 could you	12
of the door	12
female and a	12
far from the	12
but there is	12
resident there said	12
10-8 i'll have	12
out on edgewater	12
at least one	12
1600 west 117	12
shell gas station	12
got off the	12
at the address	12
you guys the	12
lakewood companies in	12
right now it's	12
we're clear of	12
1 we're in	12
and all companies	12
he's bleeding from	12
on scene staging	12
2 to engine	12
is arriving on	12
we are now	12
12511 clifton apartment	12
a blue toyota	12
behalf of the	12
left on the	12
it may be	12
number 1 is	12
that this is	12
this vehicle is	12
madison and newman	12
to the south	12
wait for the	12
medic 2 in	12
marine towers east	12
to call me	12
and i'm 10-8	12
it's a 2013	12
for you in	12
he left in	12
of some sort	12
a 48 year	12
if any of	12
i'm gonna call	12
he's still in	12
on it for	12
at her and	12
the right side	12
eyes on him	12
14 i'm out	12
to the plate	12
on a 2014	12
turn it off	12
on a blue	12
houses south of	12
add to the	12
and they are	12
he was a	12
going through the	12
weapons in the	12
have the 19	12
the jail medic	12
group of kids	12
that he's having	12
and we have	12
i have you	12
and 11 are	12
she thinks she's	12
she said she'll	12
the car now	12
she was out	12
we're out on	12
henry sam henry	12
10-4 i'm all	12
take it out	12
the area it's	12
to pass out	12
it for you	12
90 westbound at	12
right on the	12
by the front	12
to give us	12
lakewood heights blvd	12
yeah it was	12
in a public	12
the tree line	12
the door she	12
john yesterday king	12
the car was	12
there he was	12
8 if you	12
11850 edgewater apartment	12
that if you	12
i'll have there	12
last saw him	12
in the unit	12
be setting back	12
he's under arrest	12
sitting in a	12
19 i'm sorry	12
talking to her	12
that'll be 10	12
is still in	12
9 i'm sorry	12
post office king	12
clifton medic 2	12
or is it	12
we're coming up	12
you put us	12
influence of something	12
the serial number	12
heading over to	12
heading to that	12
west clifton the	12
have any charges	12
the front porch	12
2 1 1	12
black toyota camry	12
come in and	12
i see it	12
17 in front	12
2 10 and	12
screaming and yelling	12
you stand by	12
that a white	12
is coming back	12
or not but	12
what you can	12
medic en route	12
a white t-shirt	12
and they're gonna	12
13 and 2	12
they were trying	12
she's refusing to	12
the upstairs for	12
ahead in front	12
he had no	12
wants 10-4 thank	12
the downstairs medic	12
downstairs medic 1	12
7 are you	12
to o'neill healthcare	12
she said a	12
go ahead kufner	12
wants 10-4 i'm	12
that male from	12
go ahead is	12
and black shorts	12
you check southbound	12
can get on	12
there and see	12
on west 117	12
ahead that female	12
on the alpha	12
at macy's father's	12
macy's father's day	12
father's day sale	12
allowed to be	12
open up the	12
navy federal credit	12
federal credit union	12
is conscious breathing	12
called said that	12
can i help	12
ahead kufner's go	12
a 186-30-60 i've	12
186-30-60 i've got	12
1 year old	12
i have 2	12
vehicle is gonna	12
gonna be apartment	12
gonna be my	12
1 17 to	12
1 of their	12
we're 10 7	12
1 seventeenth in	12
20 9 you	12
two's out of	12
to i 90	12
in 10 8	12
0 2 traffic	12
1 4 6	12
is also gonna	12
20 5 1	12
1 we're gonna	12
gonna be going	12
0 3 and	12
could check-in the	12
plate is gonna	12
valid at 1	12
on 10 '8	12
10 8 i	12
multiple 10 16	12
couple of 10	12
3 car mva	12
at and t	12
that a fairview	12
2 0 7	12
and 2 29	12
1 17th just	12
is gonna stay	12
dispatch from 2	12
you wanna check	12
grad party coming	12
party coming up	12
coming up let	12
up let hy	12
let hy vee	12
vee catering take	12
catering take it	12
from here bakery	12
here bakery high	12
bakery high chai	12
high chai floral	12
chai floral deli	12
floral deli and	12
deli and more	12
and more everything	12
more everything you	12
you need in	12
need in 1	12
1 stop order	12
stop order from	12
order from 3	12
from 3 or	12
3 or more	12
or more departments	12
more departments and	12
departments and get	12
and get 10	12
get 10 off	12
10 off terms	12
off terms apply	12
terms apply call	12
apply call your	12
call your hy	12
your hy vee	12
vee catering department	12
catering department for	12
department for more	12
more information today	12
be a part	12
10-4 15 disregard	11
oh my god	11
this is from	11
i'm getting a	11
parking lot in	11
i found him	11
plate that should	11
out with an	11
there's also a	11
back to this	11
cleveland shows a	11
here in front	11
all units are	11
a plate here	11
to be union	11
29 what's the	11
and 13 are	11
he might have	11
make sure he	11
like i said	11
i could get	11
from that call	11
and he would	11
her to leave	11
people on the	11
she can see	11
them to leave	11
talking to me	11
turning on the	11
that we were	11
this morning and	11
calling it in	11
the vin for	11
i appreciate it	11
waterbury for a	11
parking lot by	11
11820 edgewater number	11
do you just	11
call the caller	11
in the left	11
warren north of	11
i also have	11
phone he said	11
us to the	11
nothing on the	11
a resident from	11
use the front	11
29 we're 10-8	11
plate for you	11
you when you're	11
spelled with a	11
but it still	11
by their respective	11
10-7 i'll be	11
within the last	11
and cove with	11
1430 west 117th	11
cad number please	11
on the top	11
it for a	11
be on his	11
from out of	11
a 19 year	11
she went to	11
have any warrants	11
regards to that	11
sorry i don't	11
to lakewood center	11
leave it open	11
king king adam	11
the traffic light	11
madison on the	11
20 i'm all	11
i was going	11
in and said	11
a red hoodie	11
13 can i	11
will be clearing	11
ahold of him	11
vehicle i'm 10-8	11
24 i'm in	11
i'm gonna take	11
220 can you	11
low blood pressure	11
you make us	11
on a plate	11
guys set there	11
for the toyota	11
gonna meet you	11
assist a male	11
i copy closing	11
the light is	11
he said he'll	11
inside the house	11
can one of	11
male not feeling	11
29 copy that	11
is a verbal	11
driver was cited	11
a 41 year	11
close to her	11
can't get out	11
you can raise	11
you try the	11
you check eastbound	11
to handle it	11
ready to go	11
left a note	11
3 transporting to	11
there we'll be	11
house 1480 warren	11
1480 warren the	11
out on bunts	11
and 9 are	11
old male 5'6	11
out at lutheran	11
117th for a	11
you still at	11
a minute to	11
john john sam	11
i made contact	11
to stop it	11
i know that	11
the westerly number	11
engine 2's in	11
a restraining order	11
he told me	11
southbound on 117th	11
with henry lincoln	11
it doesn't sound	11
i'll call them	11
welfare of his	11
said he's got	11
king ocean boy	11
they can hear	11
3 out at	11
was an accident	11
it down and	11
12 i'm in	11
in the home	11
i copy 10-8	11
can see the	11
that they can	11
but it is	11
can try and	11
lakewood companies are	11
send truck 1	11
1 copies thank	11
couldn't find anything	11
guys could just	11
she's complaining of	11
it's hard to	11
somewhere in the	11
that the vehicle	11
and has not	11
heights and bunts	11
to get more	11
of shaker heights	11
and female that	11
to turn around	11
trying to fight	11
back up here	11
the location of	11
check out the	11
i'm looking at	11
24 if you	11
door to the	11
vehicle we're 10-8	11
can come out	11
any type of	11
to lake and	11
23 you can	11
area of clifton	11
believes that she	11
the phone that	11
at that apartment	11
get her to	11
lights or sirens	11
black shirt black	11
might be on	11
just kind of	11
we are in	11
can hear her	11
john tom paul	11
and 15 are	11
i'm closer i	11
to be following	11
correct address is	11
up here we're	11
door and advise	11
it's in a	11
and needs to	11
but it was	11
east of warren	11
that i was	11
unit 2 is	11
be a silver	11
a silver suv	11
out of columbus	11
13 i'm set	11
engine 2's out	11
8 year old	11
up there on	11
150 brown and	11
208 i'll be	11
apartments 12511 clifton	11
anything in the	11
we get any	11
out of virginia	11
detroit apartment 1145	11
with john lincoln	11
get them on	11
a dl to	11
2's arriving at	11
just pulled up	11
were out with	11
arthur medic 1	11
1's are out	11
are out at	11
put me in	11
me on at	11
there's just a	11
a burglar alarm	11
we knocked on	11
get the plate	11
both parties the	11
arrival car 2	11
for damage to	11
at the pool	11
15 i'm 10-8	11
somebody from the	11
15 i'm all	11
one is out	11
one in the	11
john yesterday lincoln	11
owner can you	11
to 11839 edgewater	11
a telephone pole	11
could you try	11
westwood and hilliard	11
him i'll be	11
walking up the	11
the door we	11
need a car	11
24 i'm with	11
qualified at all	11
both be 10-8	11
be out checking	11
car alarm going	11
off for the	11
that vehicle i	11
i just ran	11
inside the store	11
16 i can	11
that listing back	11
waiting on a	11
is at lakewood	11
have an open	11
mcdonald's 16407 detroit	11
224 can you	11
to the armory	11
205 we're clear	11
said they're on	11
have a driver's	11
a notice to	11
added the plate	11
so she can	11
to confirm you	11
of her car	11
advised they were	11
the last thing	11
the 19 to	11
and 22 are	11
advised of their	11
we're all good	11
of the lake	11
call as well	11
gonna be under	11
clifton i'll be	11
10-8 you can	11
and franklin i'll	11
got into an	11
a couple hours	11
should be an	11
a code to	11
want to just	11
drugs and drug	11
it's coming back	11
the door to	11
talk to us	11
she has any	11
doesn't want any	11
all going to	11
there's a phone	11
we're 10-7 at	11
more at americanexpress	11
check secure we'll	11
female in front	11
show me at	11
female is going	11
with all the	11
on a listing	11
you just put	11
21 i'm out	11
felony warrant out	11
but there's a	11
this comes back	11
jail 12650 detroit	11
have a few	11
in the water	11
issue me your	11
a red kia	11
while she attempts	11
just past the	11
turn around and	11
the right shoulder	11
medic 2 we	11
you i'm going	11
it that way	11
you have lpd	11
to deal with	11
the vin on	11
us on the	11
for his warrant	11
i believe they	11
complainant was advised	11
of the lakewood	11
king charlie george	11
pulling up to	11
assist the fire	11
comes back on	11
120-400 madison apartment	11
they need a	11
here we can	11
you're out with	11
called said a	11
a note we'll	11
king nora king	11
clifton number 1	11
into the car	11
a gray ford	11
sorry i thought	11
into the store	11
in the bike	11
be with king	11
checks okay and	11
in service there's	11
franklin and lakewood	11
8 can i	11
he just wanted	11
to find it	11
we'll be knocking	11
phone numbers for	11
the person that	11
if anyone else	11
there and the	11
lake apartment 1621	11
said a male	11
how to get	11
lakewood high school	11
and belle with	11
and head to	11
should be for	11
head this way	11
of cleveland for	11
nobody in the	11
we'll be heading	11
14701 detroit the	11
have the listed	11
they were all	11
there's no active	11
kids in the	11
like the female	11
for two days	11
in an accident	11
on a 2010	11
you cut yourself	11
tree in the	11
up on camera	11
service lpd to	11
lake road and	11
couldn't give me	11
detroit just west	11
that there's an	11
i copy your	11
we received a	11
a fire hydrant	11
19 to get	11
that back or	11
or just add	11
repeat the address	11
on a bicycle	11
you would like	11
when they were	11
of the school	11
on its way	11
all of these	11
i can't be	11
the door i	11
is advised of	11
st charles with	11
warren just north	11
old son is	11
thoughts of harming	11
medic 3's going	11
fedor manor 12400	11
see what they	11
she has some	11
dispatch medical is	11
it i don't	11
refused treatment and	11
the walgreens parking	11
you have traffic	11
side of detroit	11
i did i	11
the male left	11
dispatch truck 1's	11
they received a	11
out on detroit	11
with the patient	11
john george edward	11
are at the	11
to emergency there	11
checked okay we're	11
with her she	11
tell her to	11
was kind of	11
show me the	11
our way back	11
all set for	11
set for now	11
the address here	11
to have this	11
hospital we'll be	11
you for the	11
a number of	11
west clifton for	11
12506 edgewater the	11
want you to	11
do me a	11
from belle and	11
can i please	11
to reinstate valid	11
reinstate valid id	11
a report for	11
that for a	11
the eviction process	11
1346 cove upstairs	11
a honda civic	11
from 117th and	11
said that male	11
and a gray	11
he didn't see	11
the parties involved	11
was going on	11
phone saying that	11
18 i can	11
the place is	11
location of the	11
add that to	11
for squad assist	11
where you at	11
to a complainant	11
in the passenger	11
the passenger seat	11
trespass file for	11
and he's in	11
john union king	11
scene standing by	11
speak with them	11
been going off	11
king tom zebra	11
can just keep	11
and she's going	11
at that time	11
first name john	11
30 years old	11
200 black and	11
let me get	11
be advised i	11
217 and 215	11
can actually disregard	11
a blue jacket	11
you don't need	11
medic is en	11
with john yesterday	11
madison with a	11
to the manager	11
the jail to	11
to assist medic	11
on a second	11
show us on	11
we need a	11
have the key	11
is at fairview	11
the street to	11
jones out of	11
19 if you	11
flagged me down	11
the care center	11
assistance getting up	11
to do so	11
he said she	11
from here i'll	11
be pulling up	11
access to the	11
not answering her	11
front of midas	11
there's a man	11
was issued a	11
in the downstairs	11
you medic 3	11
any further information	11
engine 3 on	11
can you turn	11
to give them	11
haven't been able	11
6 i'll be	11
22 i have	11
no injuries one	11
sorry can i	11
220 i didn't	11
hit on flock	11
to head that	11
new jersey listing	11
order of gas	11
12511 clifton number	11
john union henry	11
traffic offense out	11
of the envoy	11
it smells like	11
back we'll be	11
service and returning	11
that report number	11
this for a	11
from the car	11
you check and	11
2 are out	11
out there's nothing	11
that his neighbor	11
earlier in the	11
can see him	11
believe it was	11
of the garage	11
i'll try and	11
to come and	11
10-4 we'll be	11
figure out what	11
here we're going	11
give it a	11
be a minute	11
a homeless male	11
speak with him	11
id no one	11
at drug mart	11
refused transport ama	11
king edward paul	11
advised that she	11
117th and carbon	11
old male no	11
that's the one	11
yeah we're set	11
and i'll go	11
and then left	11
19 i'm 10-7	11
check for that	11
looks like we're	11
for the registered	11
a deal for	11
having some issues	11
and needs assistance	11
a pink shirt	11
other one is	11
could just give	11
fire alarm going	11
and i guess	11
i guess he's	11
and the second	11
on the lakewood	11
madison the fedor	11
female fell in	11
investigate all companies	11
into his apartment	11
check on his	11
eastbound on lake	11
cvs parking lot	11
the main door	11
bunts and lakewood	11
it and he	11
to be goa	11
that she is	11
now on the	11
next to it	11
king david mary	11
going to hang	11
mckinley on ramp	11
listing is john	11
a 79 year	11
his driver's license	11
but it sounds	11
number to the	11
expired ccw permit	11
you're on scene	11
just hit on	11
medic 1 the	11
cleveland 34 year	11
not allowed to	11
involved in an	11
to pull up	11
you just make	11
you just confirm	11
with him right	11
the complainant on	11
the caller say	11
that male he's	11
out of madison	11
had a stroke	11
all set we	11
in service copy	11
female and her	11
you're in a	11
called and advised	11
1 for medic	11
up here i'm	11
an hour and	11
me out with	11
just on the	11
plate comes back	11
vehicle it's a	11
mutual aid squad	11
to south of	11
1343 beach parkway	11
in her driveway	11
you like me	11
could just change	11
just change the	11
is also in	11
accidental by the	11
standing by for	11
able to speak	11
24 hour on	11
like you to	11
our arrival we	11
216 and 219	11
was yelling at	11
15 what's the	11
lpd is out	11
all set copy	11
female says her	11
you please put	11
you can stop	11
not been able	11
him for a	11
king charlie henry	11
we copy we're	11
counter for a	11
put you back	11
sounds like this	11
is an ongoing	11
go for both	11
with a beard	11
in the mail	11
to lock out	11
could check on	11
inside the bar	11
to pick her	11
unable to see	11
use the back	11
the male half	11
18 go ahead	11
mcdonald's 1430 west	11
delaware for a	11
he's not valid	11
a red vehicle	11
if you're busy	11
not a match	11
a 10-16 with	11
that's blocking the	11
the building i	11
let me in	11
one north of	11
for a 62	11
hard time breathing	11
get into her	11
1341 marlowe in	11
no one's answering	11
criminal trespass and	11
called back they	11
west 117 the	11
that looks like	11
arthur for a	11
are still on	11
back out at	11
to his house	11
phone number if	11
clifton there's a	11
take it to	11
and 3 truck	11
off the alarm	11
3 we're gonna	11
check started 10-8	11
answer on callback	11
call medic 1	11
through the back	11
complaining of pain	11
1 in front	11
male he is	11
route from lakewood	11
where it's coming	11
out here and	11
19 we can	11
a male he's	11
on the 7th	11
you guys just	11
pd en route	11
in detroit for	11
for a private	11
right now he's	11
vehicle is parked	11
of the resident	11
be giving the	11
lakewood and detroit	11
parties in the	11
that to me	11
for them to	11
park in the	11
checks okay here	11
up a little	11
unit 1 is	11
upon our arrival	11
john x-ray george	11
lives at that	11
copy i'm on	11
to make it	11
more time please	11
and they have	11
listing is king	11
get a second	11
our side of	11
a female called	11
and spring garden	11
valid temp permit	11
because there's a	11
his apartment and	11
3 we copy	11
county with this	11
of engine 3	11
nothing in the	11
respond to 13	11
valid permit id	11
14300 detroit the	11
robert date of	11
there's a bunch	11
stall ending mileage	11
edward date of	11
10-4 did you	11
can you swing	11
19 do you	11
cars you can	11
her and then	11
for a co	11
the pickup on	11
came into the	11
to locate that	11
just wanted us	11
adding some notes	11
14 i have	11
of the mail	11
walgreens 117th and	11
get you in	11
117 north of	11
you're trying to	11
female would like	11
info for the	11
be headed to	11
2 will remain	11
for engine 2	11
keeps going off	11
all quiet in	11
on his phone	11
clarence for a	11
the alarm off	11
a note and	11
medic 2 disregard	11
asked them to	11
70 can you	11
plate out of	11
is requesting a	11
female that has	11
on a parking	11
a dark gray	11
feels like she's	11
madison apartment 314	11
to confiscate and	11
released to a	11
talked to a	11
a 54 year	11
old female who's	11
and yelling at	11
can go for	11
to abuse drugs	11
we advise the	11
of the complainant	11
in the east	11
for the next	11
with henry x-ray	11
is it just	11
you guys on	11
but i'm gonna	11
officers to stand	11
have the address	11
be a couple	11
charles for a	11
parking lot i	11
park 14532 lake	11
you guys able	11
guys able to	11
front of take	11
he left the	11
said they're going	11
part 2 engine	11
female she checks	11
verbal argument with	11
if he could	11
a 27 year	11
time to get	11
westbound on lake	11
is on his	11
want to head	11
until we get	11
each other and	11
medic 3 we'll	11
the color of	11
with the manager	11
think i'll be	11
one's wearing a	11
his date of	11
at the ed	11
wearing a yellow	11
name should be	11
at the library	11
just wants the	11
start at 24	11
the stop and	11
john ida robert	11
large group of	11
speak to us	11
just check on	11
back he said	11
that they saw	11
hair wearing a	11
the jail and	11
blood pressure and	11
no i'm sorry	11
brown brown does	11
serial number for	11
a protected person	11
tried calling the	11
wyandotte for a	11
he was looking	11
copy the last	11
was just released	11
it up and	11
vehicle out of	11
black male and	11
checking to see	11
be with a	11
plate is john	11
me a description	11
and cars going	11
the proper passcode	11
219 and 229	11
reset the light	11
as in david	11
is he in	11
old female in	11
2 we'll be	11
could possibly be	11
the phone she's	11
he believes that	11
a black truck	11
214 go ahead	11
i found it	11
the mckinley bridge	11
and that was	11
if it's still	11
we don't know	11
adam date of	11
clifton and belle	11
that she's been	11
11 i'm sorry	11
no medical or	11
commercial burglar alarm	11
1 is at	11
go ahead 117th	11
you start to	11
ahead that male	11
to fairview 10-4	11
a handful of	11
detroit apartment 1446	11
radio is not	11
and she just	11
engine 2 we	11
eye out for	11
going off the	11
the backyard of	11
old male at	11
to the upstairs	11
and a blue	11
give you an	11
patrol at lakewood	11
that male just	11
212 respond to	11
212 i copy	11
go ahead all	11
all units 10-8	11
medic 2 out	11
female having severe	11
beach parkway number	11
have a large	11
212 are you	11
she was trying	11
hey can you	11
driver's license to	11
the park and	11
part 2 is	11
on a follow-up	11
we'll be done	11
so we're gonna	11
i'm 10-8 229	11
10-8 229 i'm	11
1 0 1	11
268-7666 268-7666 268-7666	11
gonna go to	11
dark colored sedan	11
you're gonna have	11
2 0 6	11
11 on 10	11
gonna stay with	11
a out of	11
of 1 of	11
medic two's on	11
5 7 1	11
and 2 0	11
1 1 0	11
2 13 and	11
gonna be clearing	11
and 2 13	11
10 4 i'll	11
you wanna go	11
it'll be 10	11
i'm 10 7	11
5 3 1	11
birth is gonna	11
on 1 17	11
truck 2 en	11
15 i'm gonna	11
15 to 17	11
dispatch from carton	11
medic two's out	11
vehicle on 10	11
1 1 4	11
we'll be 108	11
the second 1	11
1 3 4	11
0 4 copy	11
number is gonna	11
mileage is 1	11
me a 20	11
the 2026 chevy	11
2011 or newer	11
based upon available	11
dealer for detail	11
20 9 i	11
is the sound	11
wells fargo is	11
wells fargo bank	11
fargo bank na	11
bank na member	11
na member fdic	11
17 i'm all	10
with a knife	10
thank you it's	10
13 if you	10
road rage incident	10
on en route	10
and throwing things	10
we have this	10
parking lot the	10
and check it	10
in detroit king	10
you i'm all	10
anyone in the	10
don't worry about	10
let's do a	10
old female 5'7	10
due to manpower	10
myself and 29	10
i got one	10
the description again	10
the area on	10
a 25 year	10
you see him	10
see him on	10
looked like he	10
10-7 stall door	10
is a cable	10
the house with	10
female with the	10
male that has	10
you may have	10
in the intersection	10
and moved the	10
she locked her	10
party at the	10
back and have	10
driver to the	10
continue with traffic	10
you can discard	10
one of his	10
on a 2006	10
car 2 copy	10
complaining about a	10
be delayed by	10
you're in service	10
a motorist called	10
introducing genius bank	10
genius bank the	10
bank the award-winning	10
the award-winning bank	10
award-winning bank that	10
bank that does	10
that does things	10
does things differently	10
things differently for	10
differently for our	10
for our kind	10
our kind of	10
kind of genius	10
of genius spelled	10
genius spelled with	10
a j award-winning	10
j award-winning can	10
award-winning can mean	10
can mean many	10
mean many things	10
many things like	10
things like most	10
like most locations	10
most locations but	10
locations but it	10
it still goes	10
still goes to	10
the bank for	10
bank for us	10
for us award-winning	10
us award-winning means	10
award-winning means best	10
means best newcomer	10
best newcomer bank	10
newcomer bank of	10
bank of 2025	10
of 2025 by	10
2025 by bank	10
by bank rate	10
bank rate visit	10
rate visit geniusbank	10
visit geniusbank com	10
geniusbank com genius	10
com genius with	10
genius with a	10
a j genius	10
j genius bank	10
genius bank registered	10
bank registered trademark	10
registered trademark is	10
trademark is a	10
is a division	10
a division of	10
division of smbc	10
of smbc minibank	10
smbc minibank awards	10
minibank awards are	10
awards are independently	10
are independently granted	10
independently granted by	10
granted by their	10
their respective publication	10
respective publication and	10
publication and are	10
are not indicative	10
not indicative of	10
indicative of future	10
of future success	10
future success or	10
success or results	10
in the library	10
be there shortly	10
to send me	10
of that male	10
cove with king	10
in the service	10
pick up her	10
call we'll be	10
bunts just south	10
may i go	10
music coming from	10
222 and 229	10
he wasn't sure	10
car 2 the	10
john mary edward	10
start checking the	10
15 same traffic	10
apartment number 4	10
3 engine 3's	10
i'm sorry go	10
a 911 call	10
male in question	10
does not desire	10
complainant she said	10
and difficulty breathing	10
of the key	10
ongoing issues with	10
with the neighbor	10
at mckinley and	10
and south marginal	10
and 2 and	10
appear for traffic	10
traffic out of	10
we could not	10
to be evaluated	10
this location for	10
location for manpower	10
looking for him	10
athens for a	10
actually on the	10
could you make	10
copy all set	10
said she is	10
can raise the	10
in their city	10
be following the	10
if they're going	10
the car aisle	10
checked on the	10
have a copy	10
that back please	10
any of them	10
to follow up	10
silent panic alarm	10
east end market	10
he looks like	10
a separate for	10
happened in cleveland	10
the building is	10
sent it to	10
can just turn	10
me a minute	10
see any vehicles	10
was looking for	10
of those vehicles	10
you please try	10
back garage for	10
a male there	10
we're on our	10
from the ed	10
being flagged down	10
with a car	10
but it doesn't	10
covered in snow	10
i'll need a	10
they just got	10
not at the	10
we might have	10
might have to	10
i'm 19 with	10
us know if	10
copy we're on	10
be checking from	10
copy and i'll	10
got to get	10
2 will continue	10
arguing with her	10
2 we're on	10
requesting an ambulance	10
get her from	10
clifton and frye	10
see you on	10
going off at	10
smoke coming from	10
story wood frame	10
i just saw	10
to come pick	10
copy we're en	10
truck 1's arriving	10
okay i got	10
could check around	10
to need to	10
i'll be done	10
10-4 all companies	10
think it might	10
start a hook	10
wine and beer	10
24 i can	10
tell me where	10
you head over	10
he came out	10
showing a black	10
didn't see it	10
you someone else	10
card is expired	10
is expired no	10
near the tracks	10
the station i	10
be on foot	10
of truck 1	10
217 i'll be	10
at that residence	10
give me your	10
her first name	10
lincoln lincoln edward	10
name's gonna be	10
engine 3's going	10
returning medic 3	10
lakewood truck park	10
out of berea	10
could just go	10
that's why i	10
at the lakewood	10
and a copy	10
here i'll get	10
is not a	10
said he doesn't	10
he called back	10
franklin and madison	10
his cell phone	10
i can tell	10
if i have	10
the vehicle 10-8	10
the street on	10
you've got a	10
say he was	10
27 i'm out	10
squad for a	10
was on his	10
1425 clifton place	10
are you trying	10
of franklin and	10
are out on	10
one of our	10
around the house	10
berea with king	10
25 do you	10
be coming from	10
fell and is	10
dispatch we're going	10
i copy if	10
make it to	10
at lakewood hospital	10
a tow truck	10
on at the	10
it was at	10
no hazard found	10
203 we'll be	10
king mike henry	10
i was in	10
to take her	10
madison car 2	10
i forgot to	10
john tom lincoln	10
203 may i	10
northeast corner of	10
lot next to	10
see what's going	10
get him out	10
221 can you	10
for drug possession	10
drug abuse instruments	10
and open container	10
of a male	10
said it's the	10
a female who's	10
couldn't copy you	10
to stay away	10
stay away from	10
from each other	10
you check near	10
to the next	10
station for equipment	10
24 can i	10
plate is henry	10
of hilliard with	10
of new jersey	10
for the male	10
come back and	10
going to that	10
henry paul edward	10
the door but	10
for several minutes	10
king nick king	10
10-4 26 disregard	10
responding to that	10
all the cars	10
the cars on	10
detroit i can	10
i believe i	10
king george john	10
detroit and coutant	10
13 i'm checking	10
does not come	10
you run that	10
that female for	10
standing next to	10
think there's a	10
back if there's	10
it was to	10
we have one	10
scene for a	10
park complainant said	10
no one was	10
the vehicle it's	10
dispatch mike 3	10
confirm the plate	10
i added it	10
you still in	10
i can come	10
3 i can	10
female said there's	10
alameda for a	10
and check on	10
we get another	10
park for the	10
south of athens	10
please check in	10
out of indiana	10
but i'm going	10
you say you're	10
can't get in	10
he's no longer	10
the station i'll	10
on clifton just	10
clifton just east	10
car should be	10
i'll take care	10
a female she's	10
211 211 211	10
at 1277 cove	10
to burger king	10
the street she	10
the male just	10
you have another	10
have another car	10
and he also	10
a verbal disagreement	10
the driver and	10
and her son	10
no longer in	10
on her and	10
to come get	10
copy west clifton	10
for the call	10
john charlie henry	10
hilliard and woodward	10
is not there	10
arrival there was	10
me to try	10
to your phone	10
we have another	10
10-4 go ahead	10
13 i'll get	10
we could get	10
just came out	10
fighting in the	10
left the scene	10
was transported to	10
transported to lakewood	10
i are going	10
we got here	10
king john nick	10
not getting any	10
get the cad	10
the american express	10
american express platinum	10
express platinum card	10
there's nothing like	10
learn more at	10
220 i'll be	10
get ready for	10
to look for	10
okay i have	10
5 are you	10
at the bp	10
of the employees	10
224 are you	10
a silver nissan	10
and move it	10
the jail 12650	10
manor park for	10
protected person is	10
gonna remain on	10
returned to the	10
been dropped off	10
police or private	10
vehicle should be	10
you could come	10
that hit the	10
said the car	10
one that was	10
to crestmont north	10
crestmont north room	10
could you call	10
and a message	10
looks like we've	10
226 can you	10
people that are	10
what i can	10
so we're going	10
like a female	10
on this vehicle	10
the male who	10
went eastbound on	10
southbound on the	10
got a 10-16c	10
and that the	10
209 i'm all	10
i'll do it	10
that vehicle has	10
that fell on	10
copy and it's	10
she just got	10
he has not	10
have a note	10
3 of the	10
started we'll be	10
added notes 10-8	10
over to fire	10
a white nissan	10
said she saw	10
signs of impairment	10
eastbound in the	10
neighbor called said	10
you set there	10
they called back	10
10-4 29 disregard	10
16 we'll be	10
16 i'm with	10
around the building	10
he advised he	10
returning medic 1	10
and what's the	10
what's the name	10
she's been having	10
that call from	10
en route i	10
i get on	10
can't hear you	10
12700 lake apartment	10
with henry tom	10
south marginal and	10
with john tom	10
madison and lewis	10
211 are you	10
could you add	10
what we can	10
plate on that	10
on that car	10
any of you	10
have a caller	10
if you do	10
come down here	10
gave it to	10
trying to locate	10
to locate an	10
might have a	10
you go on	10
on a call	10
in detroit and	10
it was like	10
21 go ahead	10
to be knocking	10
this is your	10
nothing came back	10
i guess he	10
there's nobody in	10
address of the	10
be clearing here	10
in service truck	10
service truck 1	10
lake for an	10
has a high	10
we'll head there	10
that lives at	10
could you run	10
could just print	10
status is valid	10
10 i copy	10
there's no history	10
and he thinks	10
northwest corner of	10
when i got	10
already on the	10
you can't get	10
else will be	10
it back you	10
we'll be able	10
3 to ennis	10
it appears to	10
put it on	10
a 73 year	10
show up for	10
to west clifton	10
them at the	10
at 14401 detroit	10
not a hazard	10
i believe you	10
expired id no	10
out by the	10
a vehicle we'll	10
checked okay he	10
henry victor edward	10
you can adjourn	10
to be responding	10
they agreed to	10
to let us	10
station wagon plates	10
of them should	10
them should be	10
let's do it	10
north marginal and	10
and call back	10
male sleeping in	10
in the walgreens	10
vehicle on 10-8	10
heard in the	10
209 can you	10
i think they're	10
3 copies we'll	10
they have the	10
with one of	10
the same time	10
unit number 1	10
could advise the	10
coming back in	10
the plate again	10
208 can you	10
okay i'm going	10
it appears that	10
i can make	10
an officer to	10
meet you downstairs	10
advised him to	10
arrival i spoke	10
and 24 are	10
up there with	10
on west clifton	10
to the post	10
on scene to	10
you guys start	10
me a favor	10
3 are in	10
you come out	10
at the waterford	10
the second is	10
got home and	10
apartment 1 medic	10
meet us outside	10
additional owner is	10
says it's a	10
that's parked on	10
a plate when	10
and her husband	10
him he was	10
had a gun	10
he's gonna come	10
in the bar	10
she was a	10
only must be	10
must be physically	10
be physically located	10
physically located in	10
located in iowa	10
to be that	10
not sure why	10
thank you if	10
took a bunch	10
someone in the	10
what time did	10
couple of minutes	10
he was having	10
now i'm going	10
and brown for	10
she's not able	10
and locate an	10
check on this	10
they don't want	10
i'm familiar with	10
that's parked too	10
it is not	10
if you'd like	10
you check westbound	10
you available to	10
we're responding from	10
plate if you	10
not wish to	10
that we can	10
henry paul x-ray	10
29 i'm in	10
he's valid has	10
from the south	10
a 13 year	10
12019 lake the	10
she was unable	10
said a white	10
17 do you	10
and blue jeans	10
okay i just	10
29 i got	10
violent tendencies and	10
going up to	10
asking for money	10
by the time	10
3 responding to	10
just a male	10
a note on	10
madison and franklin	10
also respond to	10
us on scene	10
10-16c out of	10
could you see	10
front of this	10
parking lot just	10
cited and the	10
them of the	10
show us 10-8	10
front of his	10
female she fell	10
this looks like	10
here i'm 10-8	10
to report a	10
can cancel kufner	10
they said there's	10
there's a strong	10
2003 22 year	10
go back and	10
i have his	10
north or south	10
west clifton i'll	10
the summer place	10
wire down across	10
going to contact	10
must finance with	10
up to it	10
respond to westerly	10
i'll take the	10
them to call	10
some notes if	10
won't be able	10
might be having	10
engine 2's going	10
not in service	10
33 years old	10
of the library	10
kufner for the	10
car is on	10
a stolen vehicle	10
to bunts and	10
working on a	10
customers for money	10
complainant is requesting	10
she was walking	10
valid driver's license	10
my starting mileage	10
this mail for	10
envoy 11811 lake	10
smoke on the	10
right now we'll	10
the caller he	10
16 will be	10
everybody else can	10
19 i'm out	10
with the drone	10
with 1 member	10
transporting this male	10
the white car	10
i can't tell	10
there with you	10
they were out	10
have a contact	10
i'll just be	10
it back up	10
was the name	10
showing front door	10
old male says	10
color is that	10
vehicle i added	10
2 we're out	10
for a 71	10
that way also	10
19 did you	10
we'll be there	10
was a group	10
emergency there's no	10
it might have	10
quiet upon arrival	10
facing the wrong	10
richard hilliard house	10
your work cell	10
company's medic 2	10
a 31 year	10
she was having	10
of them and	10
of the light	10
should be able	10
the westerly building	10
for a commercial	10
take it for	10
to the winton	10
needs to get	10
doesn't have the	10
1 when you	10
car 2 if	10
on scene can	10
service from the	10
we're still trying	10
do not want	10
out this is	10
from 3 sides	10
able to respond	10
speedway 1511 warren	10
she stated she	10
who lives at	10
copy can i	10
what type of	10
a second i'm	10
209 can i	10
send engine 3	10
not want any	10
can open the	10
dog in the	10
side of clifton	10
attached to the	10
my work cell	10
that's passed out	10
now looks like	10
was there any	10
just a female	10
by a black	10
you let the	10
the booking window	10
george robert adam	10
she didn't have	10
a week ago	10
4 is back	10
on ramp to	10
ina building 14701	10
john david robert	10
there's nothing shown	10
the lobby she	10
going on there	10
madison number 5	10
up there as	10
medic 4 are	10
command all companies	10
this is john	10
being thrown around	10
verbal argument over	10
the way back	10
station 1 you	10
just in the	10
of the front	10
start a tow	10
to need a	10
old male shows	10
3 are back	10
24 will be	10
you advise the	10
car 2 only	10
an 80 year	10
it's just the	10
add that male	10
threatening to harm	10
the lift assist	10
is the only	10
the huntington bank	10
en route medic	10
for a water	10
having some sort	10
is cited for	10
from the scene	10
5 do you	10
notes we're 10-8	10
any further assistance	10
24 could you	10
and all of	10
be heading up	10
room for a	10
22 i'm sorry	10
cleveland 41 year	10
medic 1 engine	10
there's some kind	10
lives across the	10
you say it	10
fire alarm at	10
is an accidental	10
able to move	10
hour on a	10
she thought it	10
10-4 16 you	10
a new york	10
engine 3 do	10
we need anything	10
get it from	10
1 on a	10
11850 south lane	10
the male we	10
be advised he	10
taken care of	10
still need to	10
like to be	10
call on my	10
here this is	10
was the male	10
sure you can	10
to the cove	10
just issue me	10
out of medina	10
of lake and	10
his first name	10
she believes he's	10
and she can't	10
from the property	10
woodward for a	10
we'll be giving	10
move the car	10
if they're still	10
the driveway the	10
1 north of	10
station wagon white	10
the street in	10
trying to help	10
find anything on	10
know when that	10
blocking her driveway	10
to shut the	10
that male has	10
to meet us	10
off of the	10
moving it now	10
didn't know what	10
i get it	10
picture of the	10
for a resident	10
standing in front	10
this is on	10
27 are you	10
a smoke alarm	10
she wasn't sure	10
to figure it	10
i'll be headed	10
29 if you	10
that she called	10
car 2 we	10
engine 2 back	10
the plate to	10
it you can	10
to go over	10
if there's no	10
the same address	10
the crossing guard	10
1 and engine	10
get a better	10
lpd en route	10
officer on board	10
owner on the	10
can hear it	10
10-4 19 you	10
the downstairs for	10
of mental health	10
1 i got	10
of a white	10
call her and	10
by with the	10
kufner for a	10
female called said	10
i got to	10
wants to know	10
3 to o'neill	10
if you're on	10
a blue vehicle	10
of lakewood park	10
of breath and	10
how can i	10
king mary zebra	10
in car 2	10
there's nothing on	10
with no plate	10
like they're going	10
the area around	10
said there is	10
male was just	10
didn't have a	10
phone number i	10
have a unit	10
and there's nothing	10
henry edward robert	10
warren just south	10
and does not	10
19 for transport	10
prior to arrival	10
they're requesting a	10
can you generate	10
a small child	10
truck 1 if	10
on the area	10
john adam john	10
you say that	10
be a male	10
a female starting	10
her out of	10
should be out	10
missing from the	10
edward robert adam	10
front of walgreens	10
of cleveland at	10
to pick him	10
was broken into	10
28 are you	10
1 we're clear	10
come out here	10
for a 57	10
evaluated no need	10
for a disturbance	10
said they don't	10
fine thank you	10
said in the	10
in the black	10
a 90 year	10
across the road	10
said she didn't	10
doing a welfare	10
been parked in	10
just leave me	10
we advised them	10
a 43 year	10
by the pool	10
to the highland	10
him if you	10
she said there	10
you to the	10
go ahead west	10
has been going	10
urgent care 14800	10
medic 3 the	10
him back to	10
is not here	10
with henry robert	10
have there as	10
4 gas meter	10
in a green	10
of cleveland 34	10
just wanted him	10
and there were	10
at riverside and	10
4 if you	10
and he's been	10
you just run	10
he got into	10
that's what he	10
a blue sedan	10
on scene there	10
you can pull	10
detail i'll be	10
give me an	10
those parties are	10
the southwest corner	10
one i copy	10
might be able	10
a problem with	10
1 are back	10
lake the carlisle	10
jacket with a	10
clifton and clifton	10
gave you the	10
at the shell	10
going straight to	10
to marine towers	10
and female yelling	10
in an apartment	10
o'neill 1381 bunts	10
lot with john	10
the walgreens lot	10
from the days	10
they didn't have	10
you need that	10
208 are you	10
1385 manor park	10
start to check	10
to shut down	10
the male has	10
73 i'll be	10
to emergency and	10
out there in	10
lakewood park 14532	10
of take 5	10
that's for the	10
203 i copy	10
no injuries 1	10
of the summer	10
5 4 1	10
id card and	10
you still have	10
3 is returning	10
doesn't know where	10
work phone on	10
them they said	10
looks like you	10
8 go ahead	10
they're still in	10
a second it's	10
last night he	10
complainant said they	10
to meet up	10
going on with	10
off of detroit	10
now he said	10
private property mva	10
gonna have that	10
a large group	10
and i'm not	10
me to put	10
old female feeling	10
were advised we're	10
on the playground	10
there were two	10
i could take	10
what's the description	10
walgreens for a	10
truck 1 we	10
to normal response	10
the power company	10
copy i don't	10
all companies in	10
said that that	10
219 and 226	10
as well we	10
from here i	10
valid he has	10
that for 14	10
15601 madison apartment	10
was on a	10
have a date	10
a male sitting	10
natural gas in	10
en route and	10
service engine 3	10
and a dark	10
of the evening	10
the black male	10
back hill with	10
a car or	10
the southeast corner	10
listed owner is	10
are no wires	10
okay go ahead	10
doing some work	10
11 did you	10
soon as possible	10
the dog park	10
area of lakewood	10
was accidental by	10
it shows a	10
can talk to	10
you call dispatch	10
so there was	10
get me to	10
work phone please	10
speaking with her	10
1 17 franklin	10
14306 detroit to	10
213 and 229	10
3 this is	10
doesn't need any	10
he left on	10
old male 511	10
get checked out	10
b as in	10
it shows the	10
it's starting to	10
complainant would like	10
you might have	10
for 24 hour	10
just get the	10
you wanna give	10
we're gonna take	10
dl when you	10
respond over to	10
from detroit to	10
both parties were	10
of the workers	10
the light with	10
shut down the	10
as in boy	10
rocky river is	10
little bit ago	10
social security number	10
it up on	10
3 or 4	10
by while he	10
on the same	10
on in the	10
over in the	10
being loud and	10
a white car	10
we were on	10
that's what the	10
king william george	10
left a notice	10
the dining room	10
lincoln for a	10
to give a	10
of birth please	10
of cleveland 2014	10
8 from here	10
to assist with	10
just to clarify	10
detroit ennis court	10
we're not sure	10
go ahead 117	10
talking to himself	10
212 and 214	10
description of that	10
a quiet place	10
with a couple	10
wearing a brown	10
marine 2 is	10
go ahead if	10
female she's not	10
1430 west 117	10
occupants are out	10
clifton the executive	10
from dispatch go	10
the wrong way	10
you the wrong	10
they advised that	10
go ahead he	10
ahead i have	10
bunts in detroit	10
hispanic male wearing	10
go ahead warren	10
glen cove apartments	10
advised to contact	10
you can i	10
advised her to	10
go ahead they're	10
ahead medic 1	10
in the bushes	10
in the pool	10
the building the	10
about a male	10
at him and	10
on a bench	10
left on foot	10
can help you	10
don't see anyone	10
with john boy	10
14 could you	10
west 117 south	10
days inn room	10
stop in front	10
west 117 for	10
the mileage is	10
be 108 and	10
a low hanging	10
2 1 3	10
2 is that	10
no lights no	10
you could notify	10
you respond at	10
in the wrong	10
2 we're en	10
out on radar	10
d as in	10
1 1 8	10
medic 1 second	10
truck 1 19	10
for 1 pickup	10
conscious breathing and	10
breathing and alert	10
2 and a	10
saint charles with	10
1 0 2	10
gonna be stopping	10
2 29 traffic	10
birth is 06	10
20 8 104	10
birth is 09	10
2 0 26	10
6 1 3	10
the plate's gonna	10
franklin 1 17	10
there are 2	10
5 1 17	10
you show medic	10
15 o 1	10
this is copy	10
10 and 2	10
medic three's en	10
19 for 1	10
at least 1	10
29 that'll be	10
medic 3 17	10
0 9 traffic	10
3 take 1	10
19 with mister	10
in 1 of	10
a obt for	10
they're gonna have	10
20 9 i'm	10
2 25 and	10
car two's on	10
2 20 2	10
of birth 07	10
03 i'll be	10
and no 1	10
2 1 6	10
and saint charles	10
second 1 is	10
is gonna respond	10
22 on 10	10
12 on 10	10
of birth 05	10
king william zebra	10
permit no 1	10
we're getting a	9
a black car	9
before you leave	9
to call a	9
be right there	9
off the road	9
able to go	9
if he's not	9
have her phone	9
be 10-8 can	9
number to my	9
i'm out i	9
ask her if	9
to be with	9
cited for a	9
the plate should	9
i'll meet him	9
of 26 expires	9
plate's going to	9
as you get	9
the other guy	9
we have two	9
we can try	9
east or west	9
that's a negative	9
any signs of	9
like her to	9
copies you can	9
that she can	9
we'll be pulling	9
it's not an	9
and she wants	9
in on a	9
wants her to	9
the street now	9
i'm almost there	9
got a male	9
1 you guys	9
last six of	9
for a dog	9
said if you	9
there's an obt	9
here you can	9
91 year old	9
we can hear	9
all set in	9
10-8 do you	9
in service patient's	9
call to the	9
king mary x-ray	9
sure he's a	9
her to go	9
also have a	9
there was nothing	9
a red and	9
you know where	9
on detroit at	9
you a picture	9
you pull me	9
pull me out	9
be coming out	9
on scene i	9
that she believes	9
copy st charles	9
3 1346 cove	9
the mcdonald's parking	9
we stand by	9
stand by at	9
was struck by	9
but he has	9
that was struck	9
the surrounding area	9
117 from the	9
lewis and franklin	9
copy stand by	9
sure of the	9
the power off	9
john charles henry	9
a vehicle at	9
something like that	9
just leave it	9
but he is	9
squad to fairview	9
listening out of	9
i'm close to	9
said a black	9
says he has	9
just got to	9
put it out	9
building we'll be	9
didn't hear any	9
13900 detroit number	9
been throwing up	9
that's refusing to	9
he's coming in	9
a 19 with	9
everyone else is	9
29 i'm set	9
warren medic 1	9
medic to respond	9
cut you off	9
is in front	9
got a second	9
the list of	9
check the light	9
believe she said	9
check i'll be	9
run a deal	9
can add that	9
for a deal	9
to be sam	9
the suspect vehicle	9
is also en	9
just said that	9
or are they	9
she tried to	9
the carlisle apartment	9
call can you	9
get that back	9
odor in the	9
the rear door	9
that female i	9
with king lincoln	9
copy clifton and	9
like he might	9
out of lutheran	9
an incident that	9
went southbound on	9
exterior of the	9
was parked on	9
are you coming	9
made it to	9
i'm getting flagged	9
sure if the	9
but we'll be	9
please try to	9
try to confirm	9
going to drive	9
lake and west	9
have a chance	9
it was parked	9
pushed her medical	9
what we have	9
25 i'm closer	9
restraining order against	9
he was out	9
and it doesn't	9
i copy go	9
and they just	9
just told me	9
medical on scene	9
said she fell	9
to tell me	9
what sounded like	9
will be there	9
and when he	9
to the police	9
minutes ago and	9
yeah i'm on	9
out with 15	9
jeep grand cherokee	9
the phone he's	9
and that'll be	9
smoke detector alarm	9
they spoke to	9
a red truck	9
truck blocking the	9
from lake and	9
with a squad	9
would you mind	9
switch to the	9
calling for a	9
an ambulance for	9
and we're out	9
24 same traffic	9
you start calling	9
yes it is	9
3 you guys	9
now we're going	9
on the cameras	9
clifton and warren	9
madison and west	9
get anything back	9
a hook for	9
north coast wine	9
coast wine and	9
2's transporting to	9
the male complainant	9
head back over	9
get you someone	9
do i have	9
first name david	9
from a male	9
1 truck 1's	9
she's not there	9
message for the	9
just add a	9
a note that	9
go through the	9
guys can head	9
the music was	9
were both advised	9
brown green valid	9
they're looking for	9
them as well	9
company was unable	9
to check around	9
on clifton road	9
everything looks okay	9
you know i	9
at the camera	9
also got a	9
have an apartment	9
5 9 1	9
registered to her	9
i could just	9
been turned over	9
229 and 221	9
edgewater number 703	9
mental health crisis	9
station 3 medic	9
they can take	9
it's not going	9
to check that	9
is a vehicle	9
of west 117th	9
listing is going	9
her 17 year	9
her head on	9
that for 15	9
copy we have	9
we have officers	9
have officers en	9
following the squad	9
madison and coutant	9
saying something about	9
she has the	9
got a warrant	9
west 12540 edgewater	9
file for that	9
have a cage	9
17 in the	9
out there and	9
they don't need	9
about a vehicle	9
please for a	9
copy from madison	9
a good day	9
that one of	9
just be aware	9
i'll also be	9
didn't want any	9
on my end	9
added we're 10-8	9
i'm closer 25	9
the complainant just	9
and i'll let	9
they checked okay	9
and it's going	9
from the face	9
and he did	9
i'll show you	9
she's conscious and	9
transferring to fairview	9
name's going to	9
10-7 12 i'm	9
a male just	9
an uber driver	9
she thinks that	9
29 you guys	9
went on his	9
the vehicle the	9
you guys were	9
detectors going off	9
female on a	9
for a burglar	9
15 do you	9
be out for	9
their way we'll	9
up there to	9
to tell them	9
king paul john	9
chest pain and	9
gonna try and	9
know if that's	9
i'll be bringing	9
heard from him	9
him as well	9
out with george	9
away from each	9
henry robert robert	9
24 hour follow	9
spread some absorbent	9
hilliard and elmwood	9
16 i'm 10-8	9
route from clifton	9
right thank you	9
parked at the	9
bunts north of	9
she hasn't heard	9
in the trash	9
gained id verified	9
3 will respond	9
3 will handle	9
get you up	9
and madison i'll	9
pickup for a	9
know where he	9
5 for a	9
i put the	9
so there's an	9
to be utl	9
i think there's	9
figure out what's	9
out what's going	9
jackson out of	9
any other cars	9
you run john	9
as of right	9
of right now	9
going to transfer	9
to continue to	9
still working on	9
a couple numbers	9
start his way	9
her off the	9
could you confirm	9
she's afraid to	9
copy warren madison	9
go over there	9
arrived at lakewood	9
work on the	9
on the report	9
for him and	9
i'll go check	9
this to a	9
there said there's	9
229 we're 10-8	9
he's a valid	9
door she said	9
advised him of	9
out of washington	9
need the 19	9
a 16 year	9
briefly detained in	9
him to be	9
i'm 10-7 on	9
the night and	9
no lights on	9
be for an	9
be at detroit	9
the bond is	9
building in the	9
attempted to call	9
i saw it	9
attention on company	9
vehicle is in	9
right here at	9
an argument with	9
marlowe in detroit	9
in detroit i	9
a warrant with	9
with a possible	9
on a cleveland	9
thank you can	9
where she was	9
have a code	9
the area check	9
can go thank	9
out thank you	9
one is going	9
with them for	9
and he does	9
be in that	9
could get a	9
car was it	9
charges on him	9
madison and arthur	9
out with two	9
adam robert david	9
you say the	9
come down and	9
for the remainder	9
he believes he	9
the en route	9
that address on	9
franklin number 3	9
and the door	9
a voicemail for	9
he's talking to	9
and 5 are	9
lake in front	9
if i didn't	9
is parked on	9
you know that	9
from the er	9
john lincoln paul	9
owner was advised	9
medic 3's are	9
buying a car	9
meet you there	9
him on his	9
send me his	9
need any medical	9
male under arrest	9
her as well	9
female from the	9
right here i	9
requesting mutual aid	9
get a ride	9
on scene car	9
adam henry adam	9
for a listing	9
mckinley car 2	9
car 8 en	9
believe he said	9
i think so	9
is it the	9
you call my	9
then i have	9
like we've been	9
the code to	9
street for a	9
that female and	9
running out of	9
black female date	9
to send you	9
they just wanted	9
you check across	9
westwood for a	9
211 i'm 10-8	9
thank you you're	9
yeah there's a	9
detroit i'll get	9
the street but	9
the male he's	9
a temp tag	9
don't know why	9
we'll have the	9
we can handle	9
may be having	9
2 will respond	9
detroit and summit	9
a verbal altercation	9
speaking to him	9
looked at the	9
will first respond	9
i believe he's	9
we'll be with	9
be clear for	9
female said that	9
you verify the	9
they do have	9
an 87 year	9
from franklin and	9
all quiet on	9
henry tom david	9
female suspended no	9
with the party	9
to start heading	9
it at the	9
i'm in pursuit	9
the stop is	9
red light at	9
still no traffic	9
you out of	9
calls on it	9
outside the building	9
of you guys	9
a resident of	9
coming down to	9
have a nice	9
said he does	9
be checked out	9
her we'll be	9
it do you	9
know how to	9
10 you can	9
westbound just before	9
told her that	9
the number please	9
speaking to a	9
david edward robert	9
real quick and	9
with king paul	9
she may be	9
still up there	9
you could print	9
1269 clifton prado	9
1 we're en	9
in the station	9
out of purview	9
and spoke to	9
in the common	9
to dispatch can	9
show us out	9
black brown he's	9
king edward charlie	9
the complainant's house	9
that they just	9
3's are out	9
26 i can	9
i copy it's	9
117th and western	9
sure i copy	9
then can you	9
this male was	9
she seems to	9
you want them	9
to be working	9
on a 19	9
29 do you	9
advised there's a	9
from the vehicle	9
for a 73	9
222 and 219	9
with henry ida	9
call at 14401	9
17 i'm 10-8	9
it back if	9
transfer her to	9
those vehicles are	9
spoke to some	9
the squad and	9
and refused transport	9
to let him	9
and park row	9
on lake from	9
madison east of	9
employee said there's	9
been running for	9
16 and 29	9
you can bring	9
random registration check	9
i'll get to	9
stop and i'll	9
john john david	9
i can back	9
of harming himself	9
quite an arrival	9
a warrant for	9
her for a	9
like we have	9
be heading back	9
will be 10-7	9
feeling well and	9
at mckinley for	9
you'll be able	9
and 3 in	9
verbal argument they	9
i am 10-8	9
out of arizona	9
i'll be down	9
you pull up	9
can you dispatch	9
scene medic 2	9
we are at	9
detroit and lakewood	9
yeah i'm all	9
what's the reason	9
the reason for	9
reason for the	9
i'm coming from	9
a 21 year	9
and do we	9
speaking with him	9
a vehicle description	9
on riverside and	9
on arrival i	9
20-8 i'll be	9
anything we'll be	9
edgewater the lake	9
a working fire	9
detroit and beach	9
down the hill	9
dispatch all companies	9
down the stairs	9
a private tow	9
to the waterford	9
black female with	9
but she was	9
she was concerned	9
off the phone	9
bunts in the	9
having difficulty walking	9
is there an	9
want to get	9
don't know the	9
arrival i'll be	9
from west clifton	9
at crestmont north	9
posted no parking	9
the street a	9
out and talk	9
217 are you	9
and requesting a	9
this has been	9
you think you	9
to find him	9
has any weapons	9
a note in	9
find out your	9
117 in the	9
on a 2024	9
down right now	9
detroit and waterbury	9
newman and madison	9
lincoln edward young	9
warren and athens	9
cleveland on the	9
vehicle parked too	9
215 and 229	9
park near the	9
advised of a	9
of a complaint	9
resident there is	9
224 and 213	9
to be robert	9
brown for a	9
that they did	9
clearance for a	9
219 are you	9
female was cited	9
check westbound from	9
westbound on the	9
kufner says it	9
to have him	9
the mail in	9
to see you	9
out of willoughby	9
alarm car 2's	9
the alarm is	9
route to madison	9
sure you have	9
get him clifton	9
with a party	9
cars on edgewater	9
it i'm 10-8	9
traffic is light	9
a car at	9
lot with a	9
just called they	9
madison and clarence	9
the whole time	9
me en route	9
the color on	9
believe it's a	9
they haven't been	9
medical alarm company	9
warren and the	9
were you calling	9
she refused to	9
said she left	9
31 years old	9
and back in	9
possible intox driver	9
walked out of	9
standing by the	9
park at the	9
you can actually	9
started a 24-hour	9
at the main	9
the main entrance	9
woodward and hilliard	9
go to lakewood	9
to walk down	9
parked out front	9
thinks it's suspicious	9
15 did you	9
of madison henry	9
no visible plates	9
first name robert	9
copy on the	9
9 i can	9
and violent tendencies	9
of the property	9
assist medic 3	9
suspended valid permanent	9
two and a	9
guys need anything	9
male he's out	9
dl to confiscate	9
i'm just adding	9
front desk called	9
be checked on	9
watch list please	9
he fell in	9
a tpo against	9
she hung up	9
not in file	9
make sure there's	9
on this side	9
check started i	9
entry into the	9
the time being	9
you can issue	9
i'll be transporting	9
3 is transferring	9
special medic 1	9
check for an	9
this is station	9
to fairview truck	9
2 can disregard	9
obt if not	9
listing for the	9
just got another	9
all of the	9
should be set	9
that male i	9
fee due at	9
due at signing	9
we need you	9
getting flagged down	9
there for me	9
welfare of the	9
checked okay we'll	9
to the high	9
red and blue	9
in new york	9
you may go	9
so it's not	9
asking customers for	9
can call the	9
to the pool	9
his name and	9
was no damage	9
ahead and get	9
so i'm just	9
i called her	9
son of the	9
the envoy 11811	9
route for the	9
on fire ground	9
command from engine	9
lot i'll be	9
police department for	9
the road i	9
come up and	9
wait for a	9
that's what i'm	9
and advised him	9
told him to	9
the smoke detector	9
there's no smoke	9
1 did you	9
is that at	9
said he hasn't	9
front of me	9
was it a	9
on this is	9
down there with	9
don't have an	9
he's in his	9
guys have the	9
it's the one	9
medic 1's responding	9
219 i'll be	9
male difficulty breathing	9
able to stop	9
subaru station wagon	9
a smell of	9
you confirm no	9
19 with them	9
officers are out	9
19 for the	9
yelling at them	9
jacket and a	9
the original caller	9
female she was	9
while she was	9
12 we'll be	9
and try and	9
to bring the	9
female possibly having	9
stopped in the	9
that'd be great	9
arrest for ovi	9
and left the	9
take the report	9
want to notify	9
and they're all	9
a few weeks	9
that needs to	9
edgewater in the	9
into the driveway	9
female calls that	9
door alarm at	9
they believe it's	9
on this car	9
they were gonna	9
go ahead on	9
engine 3 the	9
car and the	9
we just have	9
scene can you	9
we had to	9
come down to	9
4 is en	9
medic 3 taking	9
down at the	9
showing from 3	9
according to the	9
apartment door is	9
get to it	9
cars if you	9
just for a	9
and hurd with	9
is there to	9
to pick them	9
have an address	9
and is in	9
it's a little	9
stated she was	9
male states his	9
get the address	9
a female fell	9
called said the	9
he believes the	9
you can keep	9
on one of	9
get them to	9
a call if	9
headed that way	9
with him for	9
can make me	9
from here i'm	9
trying to leave	9
like to go	9
of a vehicle	9
call there's a	9
on it but	9
male lakewood er	9
so he was	9
company is calling	9
i'm gonna start	9
went through the	9
to be towed	9
like he's gonna	9
from roll call	9
she can't see	9
the car he	9
what he was	9
could stand by	9
can give us	9
could check for	9
step it up	9
if there's anyone	9
out here for	9
be in there	9
about a week	9
building 14701 detroit	9
no cause for	9
a phone line	9
newman and franklin	9
driver's license was	9
that a fair	9
out of kentucky	9
a male passed	9
the colonial club	9
him to move	9
19 will be	9
in her left	9
the west really	9
we tried to	9
this male a	9
19 we're 10-8	9
he lives there	9
sure we have	9
the pickup and	9
what to do	9
dispatch car 4	9
locked in the	9
to leave he	9
for probation violation	9
way you can	9
myself and 24	9
vehicle pc for	9
didn't answer the	9
said it's not	9
couple more minutes	9
have them come	9
respond to 12405	9
12405 franklin apartment	9
to be clearing	9
we can start	9
the food order	9
show medic 2	9
is having difficulty	9
i can clear	9
can you contact	9
in time for	9
failure to comply	9
that she left	9
john x-ray henry	9
on the male	9
no deal to	9
deal to confiscate	9
heading up to	9
medic 3 you're	9
it's a 2015	9
7 i'm sorry	9
19 name and	9
cleveland 24 year	9
we are out	9
19 i'm with	9
to handle the	9
she didn't see	9
birth is going	9
male is just	9
copy bunts and	9
officers on scene	9
her vehicle was	9
would like you	9
i got here	9
have a new	9
on scene they're	9
70 go ahead	9
me a phone	9
the car that's	9
to be riding	9
rocky river medic	9
medic 1 down	9
on scene i'll	9
scene i'll be	9
couldn't get a	9
history of heart	9
refusing to go	9
head there from	9
copy 29 you	9
notes and we'll	9
that her boyfriend	9
221 and 215	9
spoke with her	9
still out there	9
he was driving	9
if there are	9
no way to	9
parked there for	9
called back said	9
can't see it	9
alameda medic 3	9
the male went	9
the vehicle description	9
that vehicle in	9
and 17 are	9
tell them to	9
having some kind	9
go ahead that's	9
a few hours	9
walking back to	9
the male that's	9
and a red	9
yes we are	9
not busy can	9
busy can you	9
i'm at detroit	9
feeling dizzy and	9
to the travel	9
a water leak	9
he's having issues	9
11849 clifton apartment	9
down to let	9
clifton with henry	9
lakehouse 11850 edgewater	9
the property owner	9
female she's having	9
and 20 are	9
a resident that	9
too far from	9
description on the	9
the vehicle at	9
1 from engine	9
205 for a	9
ask them to	9
them to move	9
that he's on	9
find the owner	9
his house and	9
and the address	9
called back she	9
2 copies back	9
we'd like to	9
out into the	9
detroit and nicholson	9
has it we'll	9
just said it	9
year old black	9
photo of the	9
the hospital with	9
phone with a	9
phone with him	9
the phone can	9
vehicle that's parked	9
the scene in	9
to her driveway	9
cars that are	9
and lake road	9
engine 3 0	9
going off on	9
gray hoodie and	9
in that parking	9
unresponsive but breathing	9
he just called	9
id card for	9
i told you	9
a squad come	9
we get an	9
get an address	9
please send me	9
detroit go ahead	9
she no longer	9
someone at the	9
in fairview park	9
tried to find	9
call i'll be	9
i sent a	9
a message to	9
west of 117	9
stall and advise	9
a elderly female	9
i copy lake	9
and it'll be	9
for a 36	9
for a snow	9
keys in a	9
not can you	9
staging switching to	9
somebody in the	9
detroit to the	9
two males in	9
arguing in the	9
franklin with henry	9
the model on	9
it to be	9
but it's a	9
now i can	9
well thank you	9
did thank you	9
very minor damage	9
got on the	9
lot off of	9
way down to	9
owner i'll be	9
the road and	9
at the mckinley	9
care of that	9
male by the	9
you do a	9
that female that	9
dci and released	9
in it so	9
also in the	9
have him come	9
medic 3 at	9
asking for help	9
to go and	9
guys still there	9
2007 18 year	9
up here with	9
car is a	9
i was checking	9
1 3 2	9
you could change	9
there is nothing	9
permit id no	9
a juvenile male	9
door is unlocked	9
car to the	9
is coming out	9
this is all	9
the emergency room	9
you be able	9
to head there	9
any of those	9
he have a	9
the caller come	9
boy robert adam	9
coming back out	9
copy in service	9
10 can you	9
it's a 2012	9
lake the envoy	9
next door to	9
now i'll get	9
at home and	9
truck parked on	9
patient was treated	9
the door we're	9
i couldn't get	9
be advised they	9
up and talking	9
message with the	9
with john ocean	9
can you create	9
quiet in the	9
apartment number again	9
to find anything	9
owner if you	9
station i can	9
and advised her	9
west end tavern	9
205 we're going	9
for traffic offense	9
i saw him	9
plate that's supposed	9
out of west	9
waiting for a	9
and send it	9
corner 18616 detroit	9
said there are	9
see if there	9
john lincoln queen	9
you set up	9
door motion alarm	9
they give a	9
the number is	9
20 i copy	9
think i got	9
inside the business	9
this male starting	9
your name and	9
for transport at	9
for my stop	9
to a valid	9
copy of that	9
atkins for a	9
copy i'm in	9
park 16900 detroit	9
lakewood park for	9
lake in the	9
come back in	9
walking westbound on	9
all black clothing	9
lincoln and madison	9
male with long	9
the haven room	9
confirm you said	9
he's not responding	9
occupants been advised	9
you run is	9
walking her dog	9
that was for	9
like officers to	9
by the back	9
alarm showing the	9
wanna talk to	9
i found that	9
an order of	9
your cross on	9
down there and	9
did you need	9
noise coming from	9
or are we	9
the stop sign	9
john sam william	9
check on madison	9
female she's out	9
to be closed	9
of the registrar	9
we're back to	9
caller on the	9
henry john robert	9
215 and 220	9
trespassed from the	9
copy detroit 1	9
just let us	9
so he's not	9
through the parking	9
walking towards the	9
get back in	9
where you need	9
now in the	9
to put you	9
3 2 1	9
211 and 213	9
he was saying	9
i was gonna	9
southbound on bunts	9
westbound at mckinley	9
go back up	9
to free up	9
number 3 medic	9
a red toyota	9
201 can you	9
for a 68	9
1 is clear	9
we'll have to	9
you check by	9
we can just	9
start heading towards	9
advised that there's	9
he said they're	9
i'll be 20	9
they just said	9
they're at the	9
on the 90	9
with john ida	9
might want to	9
old male cleveland	9
i know it's	9
the vehicle for	9
we advise them	9
to the library	9
medic is back	9
on its side	9
john victor david	9
could take that	9
to game on	9
and he's got	9
19 and 17	9
she's waiting in	9
red and black	9
called back he	9
for now and	9
outside of her	9
they were doing	9
additional owner of	9
with high blood	9
tow i'll be	9
17 i'm sorry	9
to fix it	9
i copy sir	9
we can do	9
said there's no	9
said she believes	9
a couple days	9
east of west	9
copy a dl	9
all companies be	9
henry last name	9
and we'll have	9
have a gun	9
yelling in the	9
one west of	9
be heading over	9
i sent it	9
3 in the	9
the diner bar	9
here we have	9
for a 67	9
could start heading	9
on the warrant	9
that she had	9
with the dog	9
on the curb	9
to station 3	9
picking up a	9
19 we're gonna	9
is not driving	9
a plate out	9
possibly coming from	9
1 14306 detroit	9
the basketball court	9
you start checking	9
the house that	9
5 8 1	9
clifton in detroit	9
said she doesn't	9
there they said	9
1 at the	9
it's at the	9
any of these	9
when we were	9
that call as	9
219 go ahead	9
sounded like they	9
i copy engine	9
there's a language	9
there's no traffic	9
he was leaving	9
dodge station wagon	9
no it's not	9
3 is responding	9
on the mail	9
that i just	9
all occupants are	9
of engine 2	9
go ahead do	9
that a female	9
she last saw	9
where they were	9
it's still there	9
3 i'm sorry	9
at a time	9
for about 5	9
we could just	9
display of plates	9
the two parties	9
like she has	9
to head back	9
between clifton and	9
there's gonna be	9
king william henry	9
requesting no lights	9
out of canton	9
kind of a	9
you just call	9
were out there	9
no traffic on	9
route to meet	9
of the eviction	9
card only no	9
notice to call	9
220 go ahead	9
in the dining	9
try to stop	9
pull in the	9
i copy do	9
added it to	9
80 go ahead	9
caller said he	9
go ahead are	9
222 and 214	9
can show both	9
for a 37	9
i copy bunts	9
jail medic 3	9
a female just	9
and en route	9
want to leave	9
by the playground	9
is a group	9
does not know	9
have a direction	9
we have anything	9
the area i'm	9
just making sure	9
a separate 10-4	9
john john charlie	9
i think she's	9
will meet you	9
copy en route	9
was not in	9
the manager at	9
male beginning mileage	9
28 years old	9
all set yeah	9
tree that fell	9
11 could you	9
and brown never	9
a gray jeep	9
the expiration on	9
andrews for a	9
19 could you	9
all set down	9
22 could you	9
the area i'll	9
that call to	9
and they're not	9
go ahead after	9
up to madison	9
1 are in	9
if that was	9
and it says	9
ahead spoke to	9
service engine 2	9
1 1 3	9
car 10 is	9
parkway number 2	9
used to live	9
detroit and orchard	9
it was suspicious	9
2 copy medic	9
they haven't heard	9
sale and clearance	9
and clearance prices	9
clearance prices exclusions	9
female is a	9
go speak with	9
came up to	9
male refusing to	9
be looking for	9
be speaking to	9
see what we	9
emergency there was	9
king 11790 madison	9
it's the owner	9
have him on	9
respond to 14300	9
to 14300 detroit	9
to all the	9
get the color	9
13315 detroit ennis	9
do you say	9
at the harborview	9
and brown out	9
male he's wearing	9
need to come	9
complainant says that	9
a 94 year	9
or the other	9
gonna wait for	9
there's nothing coming	9
you start that	9
the other 2	9
12 and 2	9
has a few	9
smoke detector sounding	9
3 is now	9
looking for that	9
to the rapid	9
to get ready	9
and that's the	9
if they could	9
there's no weapons	9
17 on the	9
notify the illuminating	9
1 is that	9
copy the plate	9
of birth 11	9
confirm no medical	9
2 can i	9
cove apartments 12511	9
medical or intox	9
bus stop in	9
valid there's no	9
truck 2 truck	9
can just direct	9
we'll be trying	9
on i 90	9
one's arriving at	9
10 8 for	9
1 to 2	9
4 door silver	9
engine two's en	9
white t shirt	9
c on a	9
other 1 is	9
place is gonna	9
only there's no	9
1 0 5	9
at 02 11	9
3 0 6	9
20 2 i	9
the last 3	9
1 0 out	9
respond to 20	9
toyota rav 4	9
west 1 17	9
16 c on	9
and 3 and	9
at no 1	9
birth is 04	9
1 17 for	9
you wanna come	9
17th just south	9
is gonna handle	9
car two's in	9
of 10 16	9
dispatch 3 en	9
1 4 3	9
is gonna stand	9
respond to 21	9
at 01 17	9
give me 21	9
male down on	9
that a lakewood	9
truck one's back	9
the back to	9
card no 1	9
15 10 7	9
all 10 8	9
1 1 7	9
gonna be slow	9
29 and 215	9
that'll be 108	9
straight to voice	9
with that now	9
10 16 c's	9
10 16 with	9
rebates expires 06	9
drive with a	9
at family dollar	8
can send you	8
you know we're	8
of them was	8
a 24 year	8
of this car	8
he didn't answer	8
just sent a	8
a blue nissan	8
anyone able to	8
go check the	8
on detroit for	8
copy i'm just	8
just stop by	8
get it done	8
23 i can	8
address in cleveland	8
see you guys	8
custody of the	8
need to 19	8
person in the	8
of the travel	8
be south of	8
her if she	8
king john mary	8
thank you all	8
that we had	8
we had you	8
male who was	8
a red light	8
the jail i'll	8
with him now	8
i'll let them	8
i'm on detroit	8
11 i'm going	8
check for the	8
if he's got	8
king sam tom	8
from the bar	8
parking lot so	8
assistance we'll be	8
the riverside apartments	8
odor of smoke	8
which is the	8
she could see	8
on 2 sides	8
were looking for	8
it's actually going	8
guys have a	8
i don't like	8
and 29 will	8
me out in	8
their code 3	8
lpd's out with	8
but it's going	8
thanks so much	8
may have a	8
guys can go	8
if you didn't	8
caller back and	8
them from the	8
229 i'll be	8
of bunts and	8
is this the	8
noises coming from	8
on arrival no	8
for an elevator	8
is in traffic	8
we all set	8
to the north	8
lot by the	8
you add us	8
add us to	8
gas coming from	8
10-4 car 2	8
the multi-gas meter	8
that i added	8
2 we're going	8
medic for you	8
all i can	8
here looks like	8
are you gonna	8
know where the	8
you when you	8
work in the	8
to 14755 athens	8
get a phone	8
park i'll be	8
from one of	8
the car in	8
she's at home	8
get a cat	8
dispatch to the	8
is the correct	8
attempts to pick	8
with a parking	8
yeah i believe	8
complaining that there's	8
my driver and	8
an attempt to	8
but he's in	8
of the elevator	8
king george queen	8
north on warren	8
where he went	8
and stand by	8
none of the	8
my name is	8
go i'm on	8
franklin and belle	8
from the store	8
the male said	8
11 i'm with	8
him but he's	8
doors in the	8
i'm in detroit	8
male says he	8
i left the	8
now so i'll	8
guys are all	8
of one of	8
thank you 10-7	8
the complainant to	8
female in his	8
who suffers from	8
in her house	8
king nick lincoln	8
the other's a	8
out there as	8
with a honda	8
64 can you	8
i get another	8
old male 5'7	8
source of the	8
2-car mva one	8
female she is	8
start me a	8
tow for the	8
please change the	8
just change it	8
medical 1's en	8
i cut you	8
driving under suspension	8
like a male	8
with another male	8
else can slow	8
for that address	8
at some point	8
160 brown and	8
a registered offender	8
a rocky river	8
you copy another	8
it's a 2014	8
the no parking	8
no parking sign	8
8 9 4	8
black ford fusion	8
carlisle apartment 618	8
and is refusing	8
refusing to move	8
3 front of	8
go with him	8
squad to the	8
and hit a	8
make the address	8
her and the	8
and the phone	8
male had a	8
old stone house	8
is set i'll	8
all the lights	8
1 could you	8
and she does	8
warren the kirtland	8
i copy 17	8
units are going	8
they can disregard	8
can disregard i'll	8
to be sending	8
them and they	8
can send that	8
male is calling	8
these 1600 west	8
at west clifton	8
okay it sounds	8
was a red	8
a red nissan	8
an audible alarm	8
you take a	8
sent you that	8
valid and wants	8
not desire prosecution	8
just for info	8
with the owners	8
all the other	8
female and she	8
in the train	8
is calling for	8
a call or	8
also in service	8
little closer i'll	8
on day shift	8
his wife and	8
for a key	8
the wrong number	8
9 if you	8
we haven't seen	8
up out of	8
you do that	8
to fairview for	8
on scene said	8
went up to	8
copy of the	8
with them and	8
call back for	8
station 2 medic	8
pressed her medical	8
2 copies thank	8
also on the	8
you a parking	8
for an unknown	8
he can see	8
the roof of	8
you're gonna be	8
is there anybody	8
3 are on	8
disregard from car	8
to send it	8
me to give	8
here to pick	8
sure everything's okay	8
station 3 you	8
a read back	8
they check okay	8
okay i don't	8
copy i copy	8
giving him a	8
know they can	8
back and advised	8
i'll head back	8
he was supposed	8
for him he	8
he left his	8
copy and i'm	8
me to respond	8
for now i'll	8
that are arguing	8
on the trailer	8
29 did you	8
i'll go ahead	8
should be en	8
gonna be tom	8
and a green	8
expired id card	8
out at that	8
male laying in	8
old male 6'3	8
stand by i'm	8
he's back in	8
to locate her	8
sitting on a	8
and the alarm	8
a 911 hang	8
guys can just	8
check and make	8
clifton and fry	8
guys check the	8
complainant on the	8
2001 24 year	8
and she also	8
male that i	8
show me a	8
okay we spoke	8
be 10-8 we'll	8
this is traffic	8
was a false	8
was arguing with	8
221 and 229	8
shirt black pants	8
to be right	8
here i don't	8
you might be	8
there there's a	8
truck in the	8
set up on	8
the way there	8
you check if	8
2000 25 year	8
3 mag 3's	8
west of warren	8
spoke to him	8
the phone is	8
can tell me	8
the phone was	8
we'll be speaking	8
cove in detroit	8
they're refusing to	8
copy report room	8
female wearing all	8
any police involvement	8
road apartment number	8
on franklin from	8
franklin just east	8
is the complainant	8
northbound on warren	8
a key to	8
separate and i'll	8
for truck 1	8
is that correct	8
out of river	8
know i'll be	8
franklin and hopkins	8
back to an	8
old female 5'2	8
getting into a	8
he ran out	8
like he's just	8
medic 2 this	8
might be the	8
were in a	8
had some notes	8
minutes ago a	8
10-4 looks like	8
i copy disregard	8
a 53 year	8
call me please	8
an alarm going	8
issue with the	8
manor apartments apartment	8
in relation to	8
door should be	8
no answer to	8
out of my	8
and 29 you	8
he went on	8
10-4 17 disregard	8
226 and 217	8
on the wall	8
the wall and	8
medic 1's are	8
2 beats clear	8
his vehicle and	8
16 i got	8
of the ordinary	8
you call station	8
you still all	8
can give you	8
of the white	8
start a check	8
warren and victoria	8
able to take	8
when i asked	8
all set 24	8
number for damage	8
think we have	8
he's gonna try	8
a box truck	8
and on the	8
to urgent care	8
have the dog	8
a male named	8
14401 detroit number	8
i asked her	8
run the name	8
letting you know	8
with the building	8
none of them	8
male who lives	8
some of these	8
the father of	8
with henry sam	8
26 i'm all	8
29 he's all	8
24 do you	8
can assist on	8
the street said	8
and tell him	8
with no answer	8
be 10-8 if	8
a little more	8
like they're in	8
think it's going	8
something about a	8
alarm coming from	8
detroit and edwards	8
officers out with	8
this female to	8
29 stall door	8
going off for	8
all the vehicles	8
wearing a dark	8
in the backseat	8
i'm at 19	8
203 go ahead	8
222 go ahead	8
them to go	8
of this is	8
at lakewood ed	8
i have this	8
mike 3 is	8
23 i'm out	8
on the hill	8
of the person	8
he's not feeling	8
they are on	8
way to a	8
10-4 medic 2	8
by a train	8
and she's unable	8
she needs assistance	8
vehicle that's been	8
her way out	8
for the train	8
call the owner	8
one's arrived at	8
and the driveway	8
doing follow-up on	8
them if you	8
to start the	8
where he is	8
try and call	8
to you later	8
one of her	8
204 can you	8
what is the	8
king mike x-ray	8
id's valid no	8
in or out	8
he locked himself	8
have her come	8
i copy hilliard	8
franklin with a	8
22 will be	8
she spoke to	8
please start heading	8
all these parking	8
these parking lots	8
the female she	8
1527 west clifton	8
there they have	8
was briefly detained	8
park with a	8
and edwards with	8
the house the	8
a civil issue	8
the tracks king	8
longer in the	8
26 i'm set	8
229 and 226	8
hyundai station wagon	8
you're checking on	8
wants to come	8
stand by i	8
the jail ending	8
sure if there's	8
any phone numbers	8
what's your cross	8
to the complaint	8
said she got	8
she got into	8
into an argument	8
argument with her	8
to the tracks	8
has a warrant	8
female is having	8
he checks ok	8
answer on call	8
on call back	8
name on the	8
a traffic detail	8
clifton and andrews	8
for both of	8
a set of	8
a hold on	8
a squad this	8
all of a	8
i'm not able	8
arthur and madison	8
back to ian	8
male that is	8
lincoln lincoln adam	8
so we're just	8
up here i'll	8
you come up	8
having an allergic	8
an allergic reaction	8
answered the door	8
sure i can	8
i'm coming up	8
you put a	8
said her boyfriend	8
22 do you	8
the apartment the	8
and madison john	8
on for a	8
there's no issue	8
west clifton clifton	8
just put in	8
is walking up	8
another one out	8
stewart out of	8
up here at	8
henry charlie victor	8
29 madison 117	8
he's not there	8
there to pick	8
was detained in	8
he's advised of	8
also spoke to	8
with his girlfriend	8
my driver can	8
vehicle moved 10-8	8
park medic 3	8
i transfer him	8
back of a	8
24 25 25	8
at the bottom	8
to help him	8
way from the	8
that traffic stop	8
think it's the	8
yes i do	8
from the male	8
i don't believe	8
call for the	8
you clear from	8
from the roadway	8
your cell phone	8
head out to	8
you know we	8
a way to	8
25 i have	8
got a vehicle	8
8 9 3	8
right now it	8
ida last name	8
be advised we	8
this is cleveland	8
can have it	8
lake house 11850	8
was a couple	8
he hasn't heard	8
this female a	8
we get there	8
and that vehicle	8
that it is	8
a warm pickup	8
you could raise	8
ongoing issue between	8
216 we're 10-8	8
has a permit	8
i copy 13	8
you can discharge	8
detroit and woodward	8
all the units	8
209 could you	8
you try a	8
day of birth	8
resident from the	8
from the street	8
lake and nicholson	8
of the males	8
asked for a	8
key to the	8
looking in the	8
the protection order	8
call me on	8
possibly has a	8
medic 1 responds	8
no evidence of	8
check started we'll	8
i'm sorry you're	8
get her out	8
out with 29	8
showing on the	8
cleveland heights for	8
me that plate	8
the driver's seat	8
out of them	8
respond with traffic	8
10-4 that's the	8
we'll be going	8
of her she's	8
called said he	8
old female 5'1	8
and said he's	8
they want him	8
out of missouri	8
heights on a	8
the west shore	8
on i'll be	8
house for a	8
copy i just	8
we're checking on	8
disregard stall door	8
vehicle registered to	8
also has an	8
squad assist we're	8
copy madison and	8
have the car	8
10-4 13 disregard	8
hear it from	8
sorry i got	8
was a silver	8
a silver chevy	8
he also said	8
king nora lincoln	8
on the madison	8
can make contact	8
there any history	8
let me try	8
cove apartments apartment	8
10 for a	8
employee called said	8
asked her to	8
floor in the	8
2b is clear	8
is a mental	8
you here in	8
call on the	8
i ran him	8
just before mckinley	8
yeah i don't	8
10-8 and we're	8
me the phone	8
the door he	8
to be slow	8
moved we'll be	8
here no emergency	8
last name david	8
i'm out here	8
we have charges	8
we'll be clearing	8
10-8 we're going	8
print that out	8
dispatch from medical	8
for madison and	8
2's in the	8
at the envoy	8
registered owner was	8
here for the	8
hold up alarm	8
she is in	8
medic 4 medic	8
number for us	8
now i think	8
about a female	8
can just get	8
10-8 i copy	8
there was someone	8
of the van	8
bunts and hilliard	8
copy warren and	8
to the 12	8
john king victor	8
front of all	8
west of 117th	8
please advise the	8
said you were	8
have that one	8
can you write	8
and then can	8
a white gmc	8
in touch with	8
to be just	8
or if you	8
to the details	8
it's not cycling	8
with the separate	8
60 years old	8
then if you	8
coming from that	8
madison and belle	8
14701 detroit suite	8
here car 2	8
up for the	8
be at lunch	8
thought you were	8
22 i'm all	8
up by the	8
detroit o'neill room	8
ocean robert adam	8
it we're 10-8	8
back unless there's	8
get that listing	8
and dark pants	8
west of cove	8
lake and hurd	8
be checking out	8
to be taking	8
charles with king	8
this is not	8
agreed to separate	8
and it just	8
running in the	8
you have this	8
have a history	8
that they had	8
to stand up	8
on the screen	8
wagon plates expiring	8
90 eastbound at	8
a call when	8
the cars are	8
go ahead engine	8
i copy in	8
male having trouble	8
from drug mart	8
okay let me	8
you come to	8
okay do you	8
the area over	8
white male is	8
if there was	8
area for the	8
didn't see him	8
can you sign	8
bring him back	8
in service entry	8
service entry was	8
clifton and thoreau	8
driver was not	8
0 7 traffic	8
get him madison	8
to have an	8
id was verified	8
north of athens	8
i'll have another	8
have another unit	8
i'm out 24	8
myself and 16	8
on and off	8
on foot patrol	8
copy i'll head	8
mckinley south of	8
can figure out	8
27 i'm going	8
i'm still trying	8
said he would	8
next to him	8
i advised him	8
the valid id	8
a squad here	8
look for that	8
riverside and hilliard	8
adam tom edward	8
a city tree	8
he's in there	8
charles and franklin	8
engine 3's back	8
medic 1 i'm	8
in service in	8
guys start heading	8
a favor and	8
out 24 i'm	8
be on my	8
it was possibly	8
6 is in	8
brown she has	8
the next one	8
year old white	8
up here not	8
3 for a	8
just got back	8
and causing a	8
but they're not	8
it's probably going	8
medic 1 transporting	8
already can you	8
for you if	8
from car 4	8
the caller she	8
cad we'll be	8
john john union	8
does not believe	8
other male is	8
but he didn't	8
in the white	8
this was just	8
229 and 213	8
over at the	8
and find out	8
want another car	8
to be stopping	8
if he's a	8
hazel she's valid	8
are you ready	8
last name robert	8
madison and 117th	8
id card expired	8
jail food order	8
for dangerous drugs	8
to confirm the	8
17 if you	8
make this a	8
he's still there	8
to each other	8
you can change	8
at the southwest	8
1292 cove apartment	8
back on it	8
a ford fusion	8
and now they're	8
any issues with	8
one to the	8
west clifton just	8
a vehicle partially	8
female has been	8
3's in route	8
on to lakewood	8
detroit the walgreens	8
cited and released	8
any sort of	8
mail in the	8
file we'll be	8
she's a mental	8
go up and	8
command switching to	8
copy that and	8
this morning he	8
get a car	8
can call her	8
you could speak	8
212 i'll be	8
is king adam	8
to check okay	8
10-7 we'll be	8
can't see him	8
now we can	8
bunts with king	8
there's a verbal	8
covered a car	8
them checked on	8
wanted to speak	8
no problem here	8
that are out	8
the city of	8
it's for a	8
name is sam	8
sam tom edward	8
cars at the	8
available for a	8
they're out of	8
this male has	8
be transported to	8
sighted i'll be	8
have an ai	8
in i'll be	8
at the school	8
can't find a	8
phone number please	8
3 of them	8
that vehicle we're	8
said she could	8
red and white	8
there'll be a	8
28 i'm out	8
seemed to be	8
and dangerous and	8
while he was	8
as well from	8
scene medic 3	8
yeah we'll be	8
is there anything	8
you grab a	8
5 will be	8
be picked up	8
get him if	8
lodge 11837 edgewater	8
221 24 i'm	8
stated that they	8
carabel and delaware	8
at the entrance	8
an 81 year	8
up off the	8
the female there	8
copy i can	8
the watch list	8
i can grab	8
hilliard with king	8
detroit the manager	8
here i'll head	8
not valid has	8
it this is	8
and hazel valid	8
cautions armed and	8
gonna be victor	8
can issue me	8
as you can	8
transferring to lakewood	8
soon as you	8
there for that	8
in cleveland and	8
be clearing lakewood	8
in west clifton	8
city center parking	8
center parking lot	8
king adam zebra	8
202 i copy	8
the downstairs unit	8
the area there	8
you can mark	8
to westerly 14312	8
they come back	8
there's a homeless	8
and i'll take	8
go for a	8
and franklin for	8
5 on the	8
not cycling properly	8
they tried to	8
that's all the	8
stand by until	8
adam robert tom	8
i believe we	8
see that vehicle	8
10-3 respond to	8
ridgewood for a	8
a medical alert	8
looks to be	8
that he lives	8
5 can i	8
alarm is going	8
lake complainant said	8
a gas leak	8
madison number 2	8
on arrival there	8
showing on 3	8
on 3 sides	8
3 sides we'll	8
the alarm panel	8
on his warrant	8
king sam charlie	8
trying to stop	8
on this please	8
the dl for	8
just walked in	8
of us are	8
are clear from	8
number for me	8
i was at	8
the area he	8
she said you	8
him of the	8
the upstairs neighbor	8
him from the	8
i'm out 211	8
a garbage can	8
any more information	8
copy that we'll	8
and i checked	8
of the units	8
at hilliard and	8
i'm still in	8
want him to	8
be sure to	8
of warren and	8
was a gray	8
company said they	8
be riding in	8
working on that	8
in the other	8
you start the	8
side of madison	8
in the center	8
the road in	8
there with the	8
thanks very much	8
same last name	8
few more minutes	8
adam robert adam	8
that you have	8
just be a	8
in between the	8
can you leave	8
in the southbound	8
to send the	8
a call in	8
my car and	8
residential there's nothing	8
advise on the	8
first one's out	8
that building and	8
does not live	8
in need of	8
parking lot i'm	8
are out there	8
on the fourth	8
advised them to	8
registered to a	8
you look up	8
the number back	8
the drive through	8
the car or	8
partially black in	8
is blocking the	8
him in front	8
a silver honda	8
got a little	8
a local address	8
in the door	8
stay on scene	8
the stall ending	8
2 copy back	8
1's out on	8
just wait for	8
can clear the	8
en route shortly	8
lights are on	8
lobby of the	8
1 copy medic	8
able to walk	8
can stay in	8
alert and conscious	8
a female was	8
1381 bunts road	8
a family member	8
like she might	8
on the main	8
going with the	8
hospital for a	8
send me your	8
address and the	8
is a false	8
and find a	8
medic 1 take	8
224 and 229	8
to shut it	8
any other calls	8
playing live music	8
gonna come in	8
come in for	8
on the stop	8
and is not	8
we've got an	8
comes back with	8
weren't able to	8
fedor 12400 madison	8
her head she's	8
medic 3 12400	8
3 12400 madison	8
on scene it's	8
a single story	8
211 i can	8
the caller to	8
answering her phone	8
and they had	8
half of the	8
they spoke with	8
copies in service	8
the detail if	8
he's suspended has	8
280 or 282	8
you send engine	8
black jacket black	8
to come here	8
221 i'll be	8
just you know	8
i'll talk to	8
haven medic 1	8
she has not	8
for a car	8
a male lakewood	8
cleveland should be	8
to the first	8
behind the wheel	8
unable to move	8
male's name is	8
at the window	8
any description of	8
the lights on	8
on the case	8
complainant said he's	8
help getting out	8
be there soon	8
where you guys	8
stuck in a	8
38 years old	8
can't see the	8
parking lot to	8
to the ina	8
and harassing her	8
possible structure fire	8
franklin and newman	8
little bit longer	8
that he does	8
and i sent	8
2 can handle	8
cleveland 33 year	8
in the window	8
out here in	8
that way too	8
the call on	8
1 responding to	8
for this car	8
can have there	8
newman for a	8
to see the	8
central companies car	8
co detector is	8
i'll try it	8
just make a	8
out of middleburg	8
if they come	8
respond to signature	8
10-8 en route	8
for an 80	8
run a cch	8
a cch on	8
dispatch 23 is	8
12943 clifton apartment	8
arguing with the	8
the way out	8
copy that we're	8
respond to 14306	8
to 14306 detroit	8
service party was	8
stopped in front	8
parked too far	8
200 brown brown	8
she was supposed	8
original charge is	8
an odor in	8
to 12405 franklin	8
2 copies dispatch	8
she needs help	8
on scene the	8
out with this	8
king mary king	8
added notes we're	8
traffic stop at	8
for contempt of	8
lincoln and franklin	8
all day and	8
just off of	8
pick up that	8
worry about it	8
you have somebody	8
her driveway and	8
of franklin king	8
i'm sorry 19	8
did you hear	8
license was confiscated	8
d u s	8
be doing a	8
3 we're taking	8
okay car 2	8
1 would you	8
in his left	8
her car is	8
he's been advised	8
where it was	8
at a residence	8
it says that	8
1 copy truck	8
that vehicle break	8
was a little	8
shut off the	8
you don't mind	8
owner of a	8
for a back	8
she hit her	8
lakewood club apartments	8
tom edward robert	8
and she needs	8
a minute for	8
the female i	8
i tried the	8
the resident called	8
need to respond	8
right side of	8
of heart problems	8
respond with medic	8
at them and	8
of avon lake	8
trying to open	8
that in the	8
female who lives	8
check started i'll	8
few days and	8
times there's no	8
the number for	8
3 we are	8
says that the	8
i copy 19	8
there in just	8
brown black it's	8
out of detroit	8
was driving by	8
there are any	8
for about 30	8
needs to leave	8
us to come	8
that's the male	8
go on a	8
1277 cove number	8
and she would	8
i was a	8
sure it's not	8
in a dark	8
can you hand	8
you just try	8
there's an elderly	8
219 and 221	8
winchester for a	8
assist medic 1	8
a female named	8
medic 2's taking	8
that comes in	8
we cleared the	8
as well i'll	8
attempt to lock	8
by the car	8
2 would you	8
male has been	8
13 what's the	8
route to lake	8
king henry mary	8
the owner they're	8
out looks like	8
26 are you	8
the driveway i	8
12 year old	8
he's having trouble	8
that fell in	8
need help getting	8
female was not	8
the owner's on	8
a few months	8
white male gray	8
this morning she	8
now can you	8
to the street	8
on the water	8
1 copies we'll	8
that address and	8
resident said there's	8
and if not	8
time for information	8
thank you bye	8
start kufner's to	8
an mva in	8
a black mercedes	8
cove and clifton	8
there's a disabled	8
they have to	8
else can return	8
no good numbers	8
to all these	8
set off the	8
if he can	8
downstairs medic 3	8
had a male	8
a 56 year	8
when you're clear	8
you back on	8
a silver volkswagen	8
a squad respond	8
for the passenger	8
that is on	8
2 you guys	8
phone with them	8
they told me	8
new york state	8
king ida george	8
edgewater on the	8
floor for a	8
yeah i just	8
edgewater towers 11720	8
no smoke no	8
north olmstead for	8
a 42 year	8
1 second service	8
from a female	8
a number to	8
should have been	8
to look at	8
up there i'm	8
need a squad	8
i believe so	8
and they're on	8
yes thank you	8
trying to talk	8
thank you this	8
have a fire	8
all companies can	8
you're at the	8
to turn in	8
george zebra lincoln	8
to contact us	8
1 is also	8
over to lpd	8
to 1341 marlowe	8
past few days	8
there's no record	8
so it's a	8
i'll be taking	8
sounds like you	8
just got the	8
king victor union	8
miles per hour	8
and the car	8
dog that's been	8
5 go ahead	8
station 1 to	8
that we're going	8
of them have	8
it as well	8
see if anything	8
1 can i	8
a second i'll	8
for a flush	8
her at the	8
me the vin	8
so they have	8
of the scene	8
just want them	8
could you meet	8
having a mental	8
a snow check	8
up to her	8
on the stove	8
debris in the	8
medic 2 the	8
that was hit	8
plate's not coming	8
as a vehicle	8
he just had	8
out right now	8
break into the	8
child in the	8
will be going	8
down to lakewood	8
calls about a	8
if you're in	8
for a 90	8
17 i'm with	8
just showed up	8
and they're just	8
the bar and	8
you do me	8
i could hear	8
could hear a	8
number for property	8
he was coming	8
edgewater marine towers	8
clear of lakewood	8
added notes to	8
notes to the	8
3 will also	8
of birth when	8
adam henry last	8
be returning to	8
been having problems	8
gave me the	8
from the truck	8
and see where	8
we'll be right	8
did not come	8
post office john	8
edgewater the berkshire	8
female states she	8
we found a	8
john frank adam	8
he's waiting for	8
suspended with privileges	8
i'm closer than	8
it's a hazard	8
heavy front end	8
i was talking	8
on st charles	8
need a tow	8
problem with the	8
the complainant lives	8
no issues with	8
no longer on	8
found in the	8
that he fell	8
king henry paul	8
to double check	8
phone number is	8
get off the	8
you could let	8
female starting miles	8
customer has a	8
a neighbor called	8
is our caller	8
that back if	8
have the other	8
calling in the	8
3 patient was	8
to it and	8
they live in	8
was refusing to	8
and detroit i	8
at the walgreens	8
back hill for	8
parking lot he	8
that for 18	8
if that helps	8
all lakewood cars	8
care 14800 madison	8
clifton and brockley	8
117th can you	8
23 respond to	8
traffic light at	8
listing come back	8
and phone number	8
you in service	8
old female named	8
cleveland it's on	8
truck parked in	8
you create a	8
respond to 12	8
have to wait	8
look at this	8
head to madison	8
copy medic in	8
for the expired	8
the vehicle we	8
cited for parking	8
they're supposed to	8
was out walking	8
if she needs	8
10-4 they said	8
15 on the	8
just said he	8
leave for the	8
24 i'm checking	8
through the window	8
seem to be	8
weapons under disability	8
set the alarm	8
32 years old	8
listing for me	8
the u s	8
i copy just	8
you see anything	8
the plate that's	8
a parking zone	8
madison i can	8
bunts with john	8
this mail to	8
the male to	8
not need any	8
she left her	8
up to lakewood	8
called for a	8
a car and	8
southwest corner of	8
i gave it	8
have engine 2	8
like she's going	8
westbound from the	8
14 i didn't	8
in violation of	8
that it's been	8
of it and	8
around the back	8
john david henry	8
medic 3 i'm	8
12900 lake the	8
if the owner	8
a blue hyundai	8
the lakewood cliffs	8
guys are gonna	8
for a check	8
a new jersey	8
you added to	8
service as well	8
gonna come out	8
block in the	8
for a 3	8
transport 1 over	8
anyone else is	8
gonna be henry	8
up on scene	8
alarms going off	8
said she'll be	8
as well you	8
couple minutes ago	8
his female friend	8
apartment number 303	8
me the number	8
park 2 engine	8
20 and 2	8
12 and 3	8
should be clear	8
get a couple	8
and some other	8
and i spoke	8
him know that	8
unable to provide	8
lives on the	8
does not need	8
number 206 medic	8
are you taking	8
3 can i	8
i asked if	8
walking southbound on	8
station can you	8
heading over there	8
fell down the	8
male was cited	8
of lpd on	8
get the report	8
my driver is	8
to them now	8
on the 5th	8
i believe they're	8
ok we're 10-8	8
in the future	8
the area said	8
10-4 12 you	8
lakewood 1 stop	8
to her residence	8
he has the	8
truck 1 responding	8
just tell me	8
come over to	8
1 are on	8
was left on	8
call for medic	8
medic is on	8
avenue in cleveland	8
and female are	8
for a 64	8
of the high	8
of the first	8
be a police	8
get them detroit	8
it on camera	8
where did you	8
car 8 if	8
need to make	8
a 52 year	8
standing out front	8
the house she	8
that may be	8
worried about her	8
didn't get a	8
can call him	8
1341 marlowe unit	8
in color the	8
a book bag	8
king victor sam	8
the apartment complex	8
to the driver	8
the side streets	8
for an order	8
to move out	8
are you there	8
will be slow	8
i will call	8
victor edward robert	8
male who needs	8
who needs a	8
couple calls about	8
and they've been	8
that he did	8
you might want	8
she saw a	8
temp permit no	8
last name king	8
there i'll be	8
and brown id	8
said she thinks	8
hoodie and a	8
copy your traffic	8
the white suv	8
to emergency there's	8
he's still on	8
just talking to	8
1381 bunts apartment	8
a house drop	8
add a plate	8
gonna let you	8
you repeat it	8
the vehicle they	8
said there's some	8
this might be	8
we checked all	8
yelling at the	8
times in the	8
4 i'll get	8
my partner is	8
to that location	8
edgewater apartment 908	8
like a white	8
you right now	8
male in custody	8
name for the	8
white tank top	8
she believes she	8
the tracks john	8
the last two	8
turned it off	8
are you out	8
the key to	8
the area checked	8
of the home	8
to the original	8
can clear it	8
just a minute	8
for a 78	8
a 78 year	8
en route dispatch	8
lot she said	8
king frank william	8
and lincoln with	8
could please add	8
engine 2 if	8
assist parking enforcement	8
standing by at	8
standing outside the	8
over here to	8
in his pocket	8
from the tracks	8
and he's on	8
be 19 in	8
call the alarm	8
route from detroit	8
just hung up	8
wearing a green	8
be related to	8
any information on	8
the store he's	8
to reinstate no	8
driver is not	8
ida nora edward	8
for a lift	8
the area they	8
traffic is moderate	8
start coughing please	8
medic 1 14306	8
a 4 year	8
couple weeks ago	8
209 i'm 10-8	8
medic 1 just	8
say they were	8
year old friend	8
a female resident	8
to meet me	8
couple of cars	8
to get checked	8
1 we'll be	8
the complainant at	8
1255 west clifton	8
when she called	8
10-8 go ahead	8
10-8 from this	8
11 we're all	8
madison and lakewood	8
officer about a	8
any of that	8
trying to pull	8
one lpd officer	8
for a report	8
just send it	8
wanna give me	8
from the post	8
the mckinley on	8
copy and they're	8
8 back in	8
right now that	8
to any of	8
mckinley and riverside	8
male did not	8
her left arm	8
female to metro	8
lobby medic 3	8
back to your	8
there refusing to	8
202 medic 3	8
female that i	8
1 will take	8
try to run	8
ahead do you	8
you guys wanna	8
lakewood garden center	8
the pickup out	8
the owner to	8
with a gun	8
be parked in	8
it with the	8
and said there	8
can show all	8
go ahead did	8
on blood thinners	8
over on the	8
go up there	8
the metro parks	8
the resident here	8
the mark twain	8
down into the	8
that call we're	8
we're all clear	8
head down there	8
out of mayfield	8
they have some	8
the urgent care	8
on the map	8
advised i'll be	8
show me arriving	8
a 44 year	8
also said that	8
saying that he's	8
back up there	8
vehicle owner is	8
days inn for	8
they're advised of	8
be out the	8
west 117 from	8
the coral rock	8
ahead 117th and	8
front of mcdonald's	8
11855 edgewater apartment	8
female she's suspended	8
wants copy thank	8
and black valid	8
shirt and jeans	8
and 27 are	8
him checked out	8
officer about her	8
about five minutes	8
ahead i didn't	8
the car i	8
got the call	8
for open container	8
medic 2 responds	8
208 go ahead	8
ahead you can	8
them back to	8
ahead this was	8
here i'll have	8
blue shirt and	8
ahead there was	8
respond to cove	8
is on fire	8
found the owner	8
cars respond code	8
that was involved	8
working in front	8
they were not	8
out at cvs	8
1 1 2	8
go ahead male	8
with one patient	8
11839 clifton the	8
male is under	8
go ahead he's	8
ahead i checked	8
ahead we spoke	8
24 years old	8
summer's greatest hits	8
our lowest prices	8
lowest prices of	8
prices of the	8
224 and 214	8
73 do you	8
us out on	8
white female she's	8
he's valid he	8
private property tree	8
on that plate	8
set here we'll	8
said this is	8
they didn't see	8
sam sam tom	8
lakewood park on	8
to days inn	8
could just let	8
area i'll be	8
does not see	8
for the caller	8
and i'll give	8
from the park	8
at all these	8
arrest for felony	8
dl is not	8
what are we	8
for public service	8
could you stop	8
3 in truck	8
there's a tree	8
3 engine 2	8
there's nothing further	8
unable to reset	8
that was my	8
a young black	8
and orchard grove	8
is there and	8
in the grass	8
side of it	8
the time to	8
advised that that	8
detroit the jail	8
got flagged down	8
of the river	8
that are in	8
frank edward robert	8
said they got	8
sleeping on the	8
green out of	8
east end pub	8
go ahead frank	8
on his own	8
burger king 11790	8
4 are you	8
credit union our	8
union our members	8
our members are	8
members are the	8
are the mission	8
insured by ncua	8
picked it up	8
stop was expired	8
on her phone	8
sounded like a	8
you still need	8
is to be	8
227 and 215	8
male is wearing	8
fireworks in the	8
houses north of	8
vehicle possibly a	8
john tom queen	8
and we will	8
but there are	8
black male he's	8
at 12511 clifton	8
assist the medic	8
there said he	8
name is adam	8
1 6 0	8
be clearing shortly	8
flagship credit card	8
detector that was	8
117 for a	8
female she's wearing	8
225 can you	8
he has been	8
truck park 16900	8
and release for	8
can you set	8
a pretty good	8
from the parking	8
saw a black	8
that for the	8
lost sight of	8
dl is suspended	8
stand by here	8
he appears to	8
a white chrysler	8
the area no	8
now i'm gonna	8
it but it	8
route with traffic	8
like it's an	8
everything else checks	8
any medical or	8
25 what's the	8
the building on	8
screaming in the	8
he's unsure if	8
in detroit i'll	8
david last name	8
of the caller	8
11839 clifton number	8
you spoke to	8
quiet place of	8
place of day	8
of day one	8
is a 47	8
old female he	8
female he believes	8
that she drives	8
drives a 2014	8
a 2014 toyota	8
in our system	8
lights no sirens	8
ridgewood apartment 1	8
to 19 with	8
clifton and marlowe	8
it's a valid	8
so i'm gonna	8
1 1 1	8
in reference to	8
for a hit	8
is a great	8
and hilliard for	8
14 to 20	8
white male 6	8
6 1 1	8
15 on 10	8
10 4 i'm	8
we have 1	8
have 1 more	8
wanna see if	8
at 10 16	8
17 on 10	8
is no 1	8
11 i'm gonna	8
the city 10	8
hold on please	8
engine medic 3	8
be 10 08	8
two's in service	8
beginning mileage 1	8
we'll be connect	8
1 0 8	8
front of 20	8
i'm gonna stop	8
20 i didn't	8
0 4 and	8
one's transporting to	8
22 on set	8
also gonna respond	8
20 9 10	8
1 0 4	8
male 5 11	8
on that 1	8
1 for the	8
8 and can	8
1 80 brown	8
02 can you	8
assist the male	8
5 1 1	8
of birth 04	8
are 10 8	8
the last 1	8
for this mail	8
detroit it's gonna	8
station wagon place	8
the 12000 building	8
1 30 brown	8
of the 1	8
1 4 2	8
the 24 hour	8
birth is 05	8
on the on	8
show me 10	8
1 from the	8
back to hurd's	8
the 1 that	8
start coughing for	8
gonna be 108	8
1 of her	8
2 20 9	8
storm command from	8
gonna be able	8
respond to 16	8
truck 2 engine	8
03 can you	8
1 4 5	8
male is gonna	8
12 and 222	8
3 4 1	8
that 10 16	8
gonna be giving	8
10 16 f	8
and it's gonna	8
me 10 8	8
8 copy detroit	8
there's a dark	8
the 1 oak	8
you wanna send	8
her a callback	8
detroit and saint	8
it's probably gonna	8
29 and 222	8
dispatch truck one's	8
like she's gonna	8
has a 10	8
the only 1	8
clifton cove apartment	8
between nicholson and	8
all set 108	8
1 2 8	8
find a obt	8
19 and 222	8
mileage is 5	8
call at 14760	8
2026 chevy silverado	8
retired courtesy 2026	8
finance with dealer	8
and 2 19	8
7 on 10	8
issue us a	7
that mail for	7
you to go	7
i'll do the	7
229 we'll be	7
think it's gonna	7
for a 32	7
she came out	7
call us if	7
13 did you	7
were on scene	7
a 26 year	7
the other female	7
you're on it	7
doesn't know who	7
but this is	7
i'm clear now	7
outside in a	7
black honda civic	7
it out for	7
is anyone able	7
the ones who	7
number when you're	7
22 we'll be	7
of the pick-up	7
the vehicle if	7
our department for	7
calling for his	7
please respond to	7
blonde blue valid	7
211 will be	7
from dispatch you	7
dispatch you guys	7
22 can i	7
13 do you	7
advised the owner	7
good i'm good	7
that'll be 10-8	7
if you find	7
can we just	7
we just get	7
giving them a	7
okay i'll call	7
male he's got	7
who it is	7
of cleveland so	7
he took off	7
to the bar	7
any police assistance	7
no odor of	7
was calling from	7
the top floor	7
the fourth floor	7
a cable wire	7
be pulling into	7
lincoln date of	7
a roll call	7
were just there	7
and 18 are	7
with the warrant	7
have their code	7
know if anyone	7
six of them	7
back over there	7
to hilliard and	7
female is calling	7
in saying that	7
wanted to make	7
minor damage to	7
vin for the	7
you that's a	7
him to go	7
the complainant in	7
you please call	7
the caller back	7
take her to	7
of berea king	7
i have my	7
my driver to	7
complainant said she's	7
suspended no one	7
by the tracks	7
of the noise	7
downstairs car 2	7
edgewater and cove	7
to be standing	7
to you when	7
left westbound on	7
henry young king	7
listing comes back	7
male should be	7
a cat number	7
is that you	7
respond to 1381	7
number 309 medic	7
was a blue	7
a blue kia	7
two white males	7
to a couple	7
a blue subaru	7
has it on	7
uto we'll be	7
find an ovt	7
his way back	7
king ida victor	7
be detroit and	7
on the lookout	7
were advised we'll	7
him that he	7
that he wants	7
in an attempt	7
i copy he	7
that she fell	7
10-8 we'll be	7
pursuit of a	7
a possible intox	7
117 for you	7
wearing all dark	7
all dark clothing	7
he was last	7
somewhere on the	7
at lakewood center	7
it was her	7
you can disturb	7
a juvenile female	7
the way i'll	7
and belle king	7
17 i'm closer	7
get him up	7
walked in and	7
about a half	7
he said a	7
that's not going	7
13 notes added	7
st charles detroit	7
3 i'm out	7
but looks like	7
i'll make sure	7
want them to	7
the building we'll	7
us we'll be	7
some ongoing issues	7
extremely loud music	7
i came back	7
and now she's	7
refusing to get	7
gray toyota camry	7
me the i-x	7
can you maintain	7
someone called and	7
mva one's a	7
both of the	7
175 brown and	7
check on those	7
henry ida william	7
truck 1 you're	7
ennis court assisted	7
court assisted living	7
assisted living 13315	7
living 13315 detroit	7
10-2 can you	7
you can meet	7
you over there	7
to a regular	7
i'll return it	7
spoke with them	7
have a great	7
a male who's	7
for driving under	7
10-4 i've got	7
back if anything	7
said he'll be	7
and they're doing	7
10-4 20 disregard	7
we check on	7
of you give	7
and franklin king	7
the third party	7
third party caller	7
you copy medic	7
a temp permit	7
set can you	7
you want those	7
black and color	7
one of them's	7
be with that	7
for an hour	7
can go on	7
213 are you	7
medic 3 front	7
at his house	7
to let the	7
know that the	7
that they didn't	7
male said there's	7
are the numbers	7
3 did you	7
unit number 2	7
red in color	7
have the truck	7
kirtland house 1480	7
she has been	7
not here yet	7
thank you so	7
they have it	7
my car so	7
mag 3 is	7
a cit report	7
a gun on	7
now she's saying	7
don't need those	7
she's valid and	7
can also add	7
up there in	7
detroit a male	7
gladys for a	7
a female having	7
nature of this	7
get a good	7
find an obg	7
there doesn't appear	7
to be any	7
a motor vehicle	7
i haven't found	7
i was looking	7
i wasn't sure	7
station wagon gray	7
the owners of	7
police involvement at	7
involvement at this	7
being very loud	7
104 medic 3	7
desire any further	7
i'm being flagged	7
her medical button	7
the female just	7
13900 detroit o'neil	7
me he was	7
of the hill	7
i'm not at	7
i had the	7
9 i have	7
south marginal just	7
madison with henry	7
john young william	7
heard what sounded	7
when he went	7
he went to	7
inside we'll be	7
i found her	7
64 i'll be	7
on the move	7
state of earth	7
thanks a lot	7
4 medic 3	7
on a minute	7
fairview for follow-up	7
for an ambulance	7
the home depot	7
talked to her	7
the car on	7
i'm clear i'm	7
the hospital to	7
and let us	7
we'll take the	7
2 what's the	7
what's the nature	7
told them that	7
it's a 2017	7
be coming down	7
old female they	7
an unknown reason	7
to be henry	7
that he can	7
that he believes	7
to you over	7
6 is on	7
car 6 and	7
6 and car	7
don't know who	7
dispatch for engine	7
just check around	7
service returning from	7
didn't get anything	7
mva minor damage	7
you guys up	7
of the snow	7
figure out where	7
it's a match	7
out at lakeshore	7
be giving him	7
believes he's having	7
i mean i	7
on the hilliard	7
it's for the	7
said the vehicle	7
but the male	7
this is vance	7
and meet us	7
getting on the	7
4 for a	7
female that are	7
house she said	7
g o a	7
that she would	7
saying that a	7
wearing all gray	7
there's an open	7
10-7 standing by	7
don't think i	7
he'll be coming	7
have that mail	7
male's gonna be	7
male for dci	7
around the station	7
to kill herself	7
respond to around	7
the road on	7
be 10-7 with	7
and 5 you	7
he's saying that	7
at the vehicle	7
female that's in	7
and he'll be	7
3 8 3	7
do some follow-up	7
her if you	7
can you enter	7
24 i'm close	7
an area of	7
transporting that male	7
i have multiple	7
it and the	7
him back here	7
was at a	7
has no idea	7
not have an	7
that i ran	7
did not need	7
need our assistance	7
you said she	7
called back to	7
shore towers 12506	7
arguing with a	7
the room number	7
on arrival we'll	7
threatening to kill	7
all of his	7
phone right now	7
there do you	7
it's a 2019	7
can we go	7
you look for	7
aldi parking lot	7
10-4 21 you	7
she was saying	7
209 i can	7
thanks for calling	7
you got me	7
the rta bus	7
tell me is	7
station 1 this	7
there and i'll	7
walking northbound on	7
don't need any	7
up i'll be	7
on warren and	7
herself in the	7
she's coming out	7
be 10-8 in	7
a high heart	7
high heart rate	7
me when you	7
all set now	7
out on lakewood	7
i had some	7
sorry i copy	7
on in a	7
want any police	7
you can describe	7
king ocean adams	7
no one has	7
2 i have	7
have a possible	7
is a traffic	7
can we try	7
with them they	7
walgreens 117-01 detroit	7
the brookfield manor	7
banging on her	7
he can't get	7
on lunch list	7
that's been barking	7
picked up a	7
answer to the	7
on franklin and	7
i'm coming down	7
birth for me	7
was having some	7
from her and	7
her and she's	7
en route could	7
route could you	7
garage for a	7
to the pole	7
the owner moved	7
have a black	7
the owner if	7
car 4 from	7
hit her medical	7
1450 coutant apartment	7
have another one	7
that i'm sorry	7
checked okay she	7
detroit and heard	7
229 and 224	7
fire on the	7
she advised she	7
she didn't know	7
and that she	7
like one of	7
king queen yesterday	7
is on flash	7
sam sam henry	7
wants and he	7
detroit if you	7
the public service	7
4 and just	7
16 i'm out	7
checked in the	7
2's on the	7
there to see	7
the truck is	7
barking dog complaint	7
the plate it's	7
dispatch medical one	7
any other information	7
his car is	7
car is in	7
just letting you	7
the building manager	7
i get back	7
and in the	7
of lakewood he's	7
nicholson for a	7
for a mva	7
mva involving a	7
old he's valid	7
start cuffing her	7
some absorbent on	7
difficulty breathing and	7
2 will handle	7
asking for a	7
all right thank	7
the listing back	7
with new jersey	7
checking as well	7
up the street	7
id verified engine	7
22 i'm out	7
complainant back and	7
he will not	7
talked to them	7
with king nick	7
gonna be george	7
back in here	7
15 i'm set	7
checking on it	7
24 copy that	7
15 and 29	7
lying on the	7
i checked on	7
be utl we'll	7
the other way	7
he was with	7
flex drive services	7
15 we're 10-8	7
who does that	7
cleveland 25 year	7
the apartment she	7
13 i'm with	7
you call them	7
advised and they're	7
to call cleveland	7
this is at	7
226 and 229	7
john young john	7
6 can you	7
be the driver	7
drug paraphernalia and	7
ending mileage 7	7
last name paul	7
refused transport medic	7
another car no	7
are on their	7
house we'll be	7
give it back	7
at lakewood here	7
need a fax	7
only able to	7
way out to	7
kind of like	7
with them on	7
the 17 year	7
can just go	7
there and check	7
she didn't want	7
205 notes added	7
sir can you	7
to move in	7
he's set 10-8	7
on a 24-hour	7
silver toyota camry	7
her vehicle she	7
thinks he might	7
him and then	7
stop on the	7
he says that	7
add a listing	7
want to stand	7
could you change	7
said his name	7
name is michael	7
said he went	7
no longer there	7
side of her	7
going out of	7
get more information	7
she has her	7
at the edge	7
10-4 5 you	7
for the kia	7
i can handle	7
you do not	7
there you go	7
i love it	7
music was moderate	7
it's a civil	7
here on clifton	7
18 i'm out	7
213 and 224	7
like they're on	7
from nicholson and	7
12 i'm on	7
you can disperse	7
to get any	7
the area everything	7
clifton and detroit	7
to the residence	7
just called her	7
number did you	7
a second we're	7
emergency no license	7
as well for	7
tendencies known to	7
sure i'll be	7
squad this way	7
in for felony	7
madison can you	7
come talk to	7
20 i'm out	7
lincoln adam robert	7
be the owner	7
the female who	7
dropped off i'll	7
we're all going	7
remainder of the	7
thinks he's having	7
allergic reaction to	7
know we have	7
tried calling her	7
need someone to	7
you see this	7
with the american	7
if he wants	7
took a report	7
the stall advise	7
an rta bus	7
for the bus	7
so we have	7
one has an	7
a 2018 ford	7
i copy he's	7
he's on parole	7
still want to	7
a female officer	7
and the driver	7
out i copy	7
to transport him	7
owner showed up	7
showed up and	7
who's going to	7
move it i'll	7
and back pain	7
that vehicle moved	7
it's car 2	7
odor coming from	7
keeps passing out	7
gonna be 10-8	7
this is sgt	7
1 are out	7
to be around	7
to the water	7
jailer ending mileage	7
en route the	7
scene car 2	7
can you actually	7
for a tow	7
is starting to	7
in the far	7
the bridge right	7
1 there's a	7
what it is	7
that's the car	7
so i think	7
the exit ramp	7
in the fire	7
to be one	7
is this a	7
and i need	7
it's not the	7
respond to crestmont	7
to give this	7
service returning car	7
to be doing	7
sorry what's the	7
out with union	7
15 i'm going	7
see what i	7
nissan station wagon	7
that for 22	7
east of bunts	7
get in front	7
9 what's the	7
be king adam	7
scott out of	7
of cleveland 18	7
cleveland 18 year	7
in your car	7
can meet us	7
house 11850 edgewater	7
on the building	7
my way to	7
call came in	7
the female left	7
going to look	7
for a warm	7
there's a small	7
the car for	7
ahead of me	7
yes it's a	7
went north on	7
the call please	7
that they've been	7
on arrival the	7
can take care	7
and jackson with	7
is closed from	7
there in about	7
in about 10	7
a silver vehicle	7
and arthur with	7
209 go ahead	7
on that name	7
have a valid	7
madison apartment 1001	7
24 and i	7
parking lot right	7
back for you	7
south of there	7
can see it	7
that for 21	7
i copy 21	7
chrysler 4 door	7
to need you	7
it'll be 10-8	7
we're with the	7
in for the	7
want to send	7
break for unit	7
stop in and	7
one's closer could	7
for a panic	7
detail we'll be	7
an officer regarding	7
he had some	7
3 copies we're	7
called said his	7
in the lakewood	7
is not feeling	7
and a hat	7
get the vehicle	7
parties have been	7
at the property	7
clifton manor park	7
10-4 24 you	7
in the westbound	7
unsure if she	7
now but he	7
i'm coming in	7
229 and 216	7
lake there's a	7
said he's still	7
notes will be	7
in the river	7
he's breathing but	7
hoodie with a	7
west shore apartments	7
8 4 2	7
the address please	7
just to verify	7
can give her	7
just double check	7
service there's no	7
sitting at the	7
4-door plates expiring	7
have a protection	7
respond on that	7
26 stall door	7
to help you	7
for a 75-year-old	7
314 medic 2	7
a chevy malibu	7
me up there	7
she's gonna call	7
26 go ahead	7
dc for the	7
we are eastbound	7
of car is	7
you give that	7
give that back	7
that back to	7
gunshots in the	7
it could have	7
can see that	7
did have a	7
a male walked	7
and advise them	7
you please add	7
year old mother	7
you know how	7
i'll check on	7
southbound on warren	7
218 are you	7
24 i have	7
harm himself and	7
a car on	7
to respond for	7
saying he has	7
up here no	7
you have someone	7
into the station	7
hopkins for a	7
detroit and lakeland	7
call them and	7
this male and	7
on our list	7
that out for	7
me i'll be	7
4 is out	7
thank you thanks	7
10-7 i copy	7
temporarily out of	7
of service on	7
numbers for that	7
left we'll be	7
stop in the	7
just print that	7
1 we are	7
and we're 10-8	7
i'm sending you	7
a minor mva	7
the vehicle has	7
down and the	7
000 edgewater apartment	7
parking lot they	7
tell me that	7
1 out at	7
of all the	7
on detroit just	7
in west 117	7
an unknown male	7
on his porch	7
advise the jail	7
number i'll be	7
was from the	7
of 117th with	7
the i x	7
get in touch	7
be talking to	7
black honda crv	7
for a pedestrian	7
if you're going	7
and it appears	7
for a plate	7
is for the	7
and he's gonna	7
be closed between	7
where they're at	7
3 station 3	7
detroit and grace	7
with caution on	7
number 2 medic	7
a 10 year	7
a cell phone	7
phone if you	7
run her through	7
up can you	7
notes can you	7
the call to	7
on orchard grove	7
king mary george	7
of the north	7
you get any	7
you check me	7
a 10-16 that's	7
name henry ocean	7
had a notice	7
by the squad	7
handle the tow	7
has it we're	7
the clifton bridge	7
on the clifton	7
26 will be	7
cleveland 35 year	7
arrested for criminal	7
i'll be over	7
adam robert robert	7
19 at this	7
the stall any	7
copies can you	7
franklin st charles	7
you can destroy	7
is for a	7
service returning patient	7
it was quite	7
on 117th just	7
on the fairview	7
what they want	7
everyone's out of	7
gain entry into	7
into her vehicle	7
said they're in	7
the fast lane	7
i'm clear i	7
clear i can	7
all companies this	7
medic 2 if	7
car 2 do	7
ahead engine 3	7
up ahead of	7
the listing for	7
and i did	7
the iax number	7
in the trucks	7
be on set	7
detroit and parkwood	7
customer has that	7
copy i'm sorry	7
that house is	7
so it was	7
yeah i have	7
disregard they just	7
you're ready for	7
the same one	7
to the light	7
in the second	7
to grab the	7
i would like	7
i'm coming i'm	7
coming i'm coming	7
welfare check at	7
i'm 10-7 if	7
i'm a bit	7
like he's going	7
i can also	7
brown brown for	7
here with me	7
with him 10-4	7
she appears to	7
to the rock	7
going on and	7
at 19 with	7
out on foot	7
24 on the	7
and get it	7
i'm checking on	7
having thoughts of	7
down there to	7
i'll have them	7
of the fedor	7
the hospital we'll	7
sam first name	7
he hasn't seen	7
post office 1475	7
11 do you	7
be 10-8 we're	7
a party at	7
at belle and	7
2 we're all	7
this time medic	7
get him i'll	7
know this is	7
clear the scene	7
the waterford 12500	7
to be fine	7
talking to a	7
charles with john	7
7 9 8	7
for a 39	7
in the head	7
en route also	7
229 and 205	7
so it's probably	7
her son is	7
a poll number	7
of the tree	7
i'm on fire	7
me if you	7
copy and can	7
the cad we'll	7
suv that's parked	7
10-4 from the	7
for a squad	7
1 wearing a	7
sure where the	7
advised to turn	7
over by a	7
back by the	7
the 1 on	7
have a location	7
of the patient	7
adam nora tom	7
is having trouble	7
copy i think	7
11 i'll have	7
of north olmsted	7
see you tomorrow	7
lists to a	7
out of ccso	7
there's a few	7
could just make	7
going to madison	7
i have them	7
having trouble with	7
having some trouble	7
924 for a	7
female locked out	7
first one's going	7
has one out	7
the owner's coming	7
of the haven	7
a text to	7
20 years old	7
engine 2 check	7
scene going to	7
the highland place	7
he's going through	7
severe stomach pain	7
squad for this	7
step up here	7
throwing up blood	7
i'm sorry 2	7
25 is all	7
wearing dark clothing	7
set of keys	7
a power outage	7
a female outside	7
go down and	7
we'll get you	7
it had a	7
everything checked out	7
checked out okay	7
with george paul	7
be clearing in	7
clifton in front	7
show me en	7
goa will be	7
clifton i'll get	7
listing back please	7
and detroit with	7
paid a drop	7
was sighted and	7
on medic 3	7
i covered a	7
215 and 217	7
she's concerned because	7
10-4 and you	7
to reach out	7
information on the	7
i'll be waiting	7
trying to put	7
in there in	7
dispatch the car	7
pickup radius on	7
south marginal mckinley	7
car 10 are	7
franklin and lincoln	7
on the 1	7
23 years old	7
of you available	7
yes i have	7
the warrant is	7
here we go	7
to the drive	7
stop in please	7
front counter with	7
a 2019 black	7
harding middle school	7
of the fire	7
to move to	7
residents in the	7
manager said there's	7
is complaining of	7
should be here	7
you i'm out	7
said the door	7
his door and	7
off and the	7
for a prisoner	7
as i get	7
here with us	7
we'll go to	7
were the numbers	7
for the location	7
me real quick	7
for dci i'll	7
dci i'll be	7
19 for pickup	7
what's the traffic	7
parked for over	7
a 10-16c out	7
170 brown and	7
221 i can	7
for an 81	7
old male they	7
we're gonna try	7
clifton number 31	7
19 this is	7
office parking lot	7
me for a	7
show me your	7
24 stall door	7
to leave she	7
disregard for now	7
a male walking	7
respond to detroit	7
permit valid no	7
and i am	7
copy detroit nicholson	7
valid has an	7
29 rush hour	7
medic 2 at	7
out medic 1	7
and 12 are	7
have his phone	7
to the ground	7
to commit suicide	7
and i'll send	7
riverside west clifton	7
should be okay	7
ask him if	7
to meet them	7
an obt if	7
pc for my	7
him he's not	7
turned around and	7
up to him	7
everything was okay	7
to remove the	7
and his mother	7
were advised that	7
3 for the	7
madison for the	7
take a report	7
for station 1	7
216 are you	7
one patient and	7
last few days	7
standing on the	7
injuries one should	7
head west to	7
the building said	7
on i copy	7
to stop by	7
you happen to	7
need me anywhere	7
7 0 1	7
a 2017 toyota	7
in a brown	7
blood pressure is	7
shows that he	7
have been on	7
you for a	7
little bit closer	7
me out here	7
they can't get	7
is a large	7
with king and	7
with john charles	7
just called to	7
2 he's all	7
is the fire	7
department for a	7
to walk up	7
out car 2	7
is that female	7
19 i think	7
hooked and rolling	7
the description one	7
at a house	7
no smoke or	7
smoke or flames	7
detector going off	7
the madison side	7
have any more	7
over here and	7
between warren and	7
didn't say anything	7
last seen in	7
prior to the	7
riding in the	7
he got a	7
house and the	7
it came from	7
down here in	7
set back up	7
for all the	7
is in his	7
him over here	7
the car to	7
back for a	7
can do that	7
in this area	7
hook for that	7
am i needed	7
to see what	7
and the one	7
cars up here	7
transporting to metro	7
and go to	7
franklin and robinwood	7
for unauthorized use	7
the house i	7
second one is	7
the building she's	7
he said she's	7
was waiting for	7
to get down	7
detroit code 3	7
patient was assessed	7
transport ama medic	7
yeah it sounds	7
it is on	7
wants to be	7
you change it	7
me that parking	7
the care of	7
to the executive	7
complainant's in a	7
show me in	7
like the other	7
to do the	7
to the lakehouse	7
there quite a	7
was quiet upon	7
cleveland 31 year	7
took possession of	7
both parties they	7
on your work	7
cleveland side of	7
i guess i	7
and wait for	7
couldn't copy your	7
one female to	7
male that needs	7
lake avenue for	7
check for you	7
the lake shore	7
fell and broke	7
outside on the	7
in severe pain	7
the building in	7
the fire department's	7
lewis out of	7
no wants she	7
want to start	7
copies medic 1's	7
for a phone	7
found a phone	7
for a family	7
years of age	7
have the proper	7
211 i'm close	7
there's no wires	7
is clear of	7
of the berkshire	7
en route car	7
for medic 4	7
service car 2	7
at the shoreham	7
a white and	7
in service i'll	7
you the address	7
they were able	7
is locked and	7
mike 3's on	7
to a traffic	7
eye on it	7
it in his	7
this is our	7
stating that he	7
central companies engine	7
have the code	7
24 is all	7
there's no hazard	7
the front seat	7
female will be	7
they're set here	7
assist in the	7
that she's in	7
we can't get	7
fedor manor number	7
i copy station	7
clear from this	7
hazel he's valid	7
the water off	7
broke into his	7
the door on	7
said they spoke	7
and said it	7
that's the sound	7
joe's quick mart	7
throwing things around	7
3 copies direct	7
26 27 28	7
27 28 29	7
28 29 30	7
29 30 31	7
30 31 32	7
31 32 33	7
32 33 34	7
33 34 35	7
34 35 36	7
35 36 37	7
36 37 38	7
engine 3 driver	7
burning in the	7
call if you	7
or if he	7
to contact their	7
she is not	7
leave and he	7
know there's a	7
not heard from	7
on and a	7
bunch of items	7
road engine 2	7
warren lakewood heights	7
that vehicle that	7
they think it's	7
trying to turn	7
mars medic 1	7
belle and madison	7
was assaulted by	7
an alarm company	7
was released from	7
he's up and	7
knocking on her	7
i x number	7
you could stand	7
you check a	7
218 i'll be	7
respond to 11820	7
to 11820 edgewater	7
and is unable	7
to see a	7
i thought it	7
us know when	7
known to carry	7
be a few	7
where she's at	7
hang out here	7
at the booking	7
sleeping in a	7
her back in	7
is that vehicle	7
from three sides	7
three sides we'll	7
will be establishing	7
for a 79	7
male laying on	7
you can all	7
john george john	7
it with a	7
a probate warrant	7
don't see it	7
black female black	7
the female half	7
stated it was	7
3 to handle	7
in when you	7
all back in	7
unsure if he's	7
if this male	7
believes it's a	7
i'll get another	7
car in front	7
you could show	7
advise him to	7
medic 1 arriving	7
for there's a	7
have there for	7
with the phone	7
her co detector	7
outside the residence	7
and 2 are	7
okay i'll try	7
he needs a	7
let me just	7
come back up	7
the street the	7
out if you	7
the way for	7
coming off the	7
of the pole	7
to block the	7
going to hit	7
edgewater car 2	7
it's medic 1	7
to signature health	7
reset car 2	7
appear on a	7
to 12943 clifton	7
it's a third	7
got another call	7
companies are responding	7
out switching to	7
to take him	7
the permit file	7
of you is	7
please check the	7
the promise file	7
her checked out	7
area of bunts	7
male says his	7
to the envoy	7
causing a problem	7
the lobby and	7
i'm out 10-4	7
19 i'm on	7
he needs help	7
check was started	7
with a change	7
this is to	7
if he's there	7
17 what's the	7
got him on	7
10-4 i'm sorry	7
brown black for	7
and i'm just	7
if it's occupied	7
a 2026 kia	7
be up there	7
if it's in	7
i'll wait for	7
that female she's	7
get a cad	7
you're still on	7
in her leg	7
property room for	7
have that listing	7
can't get into	7
just wanted the	7
in the handicapped	7
the handicapped spot	7
can just send	7
ix number please	7
1b is clear	7
back there and	7
out of st	7
pulled out of	7
to respond as	7
i copy 16	7
elevator on the	7
able to talk	7
the source of	7
it's showing a	7
a consumer he	7
and when she	7
right outside the	7
there's any injuries	7
a white subaru	7
can cancel that	7
they were talking	7
please check on	7
and blue she's	7
a 7 year	7
the lakewood club	7
lakewood cove apartments	7
station wagon the	7
station i'll be	7
you can please	7
lake just east	7
just confirm that	7
know if they're	7
19 we're out	7
a dog and	7
male valid id	7
and swearing at	7
they're having a	7
be waiting downstairs	7
madison medic 2	7
company it's medic	7
didn't copy you	7
silver toyota corolla	7
i'm on set	7
in the lunch	7
last week and	7
drive for a	7
there and then	7
male appears to	7
be out king	7
concerned about the	7
was flagged down	7
to have her	7
requesting a check	7
of the laser	7
with a caller	7
to can you	7
i'm gonna add	7
is missing from	7
we are back	7
front counter please	7
we know the	7
was the first	7
with her son	7
to tell you	7
to get an	7
into the bar	7
way to get	7
that date of	7
low blood sugar	7
in his hand	7
sedan with a	7
into a vehicle	7
eastbound on lakewood	7
a male i	7
dispatch could you	7
that belongs to	7
female needs a	7
at the desk	7
on she said	7
to put the	7
12019 lake room	7
front desk call	7
call she said	7
supposed to have	7
that he needs	7
a lunch list	7
you start covering	7
meet me over	7
about 2 hours	7
said he found	7
yeah that's the	7
upstairs medic 1	7
she's stuck in	7
can't find her	7
a little girl	7
white female in	7
did you make	7
to have someone	7
you hand me	7
me that he	7
i'll be also	7
can probably disregard	7
very weak and	7
was an issue	7
fairview engine 3	7
fairview engine 2	7
when that comes	7
is calling in	7
dispatch station 2	7
she'll be in	7
car 2 just	7
1 we're all	7
complainant says there's	7
and a silver	7
i gave her	7
of the track	7
resident in the	7
in some sort	7
came in at	7
4 do you	7
and no one's	7
and car 4	7
205 medic 3	7
we can't find	7
phone number that	7
your phone number	7
smell of gas	7
pulled over to	7
it and i'll	7
standing by switching	7
by switching to	7
3 are going	7
to the alarm	7
complaint says there's	7
all these 1600	7
run out of	7
copy clifton cove	7
just if you	7
has a dog	7
doesn't see any	7
need to send	7
possibly trying to	7
a resident at	7
guys are at	7
of the same	7
it up there	7
out at a	7
of pain in	7
he's conscious and	7
have lpd en	7
set up the	7
a male prisoner	7
can you clear	7
and cook with	7
loop back around	7
out to you	7
1 copy thank	7
there's a fire	7
floor of the	7
see anything from	7
she just had	7
you contact the	7
me a picture	7
hang out in	7
old female possibly	7
copy 19 disregard	7
to code 3	7
have pd en	7
she suffers from	7
meet me in	7
company engine 3	7
to handle all	7
have the squad	7
to the lakeshore	7
called said her	7
on with the	7
it's a rental	7
detail if you	7
to see him	7
to clear up	7
john henry paul	7
of a fire	7
are you looking	7
you looking for	7
be on that	7
northbound on bunts	7
if there's another	7
on scene truck	7
scene truck 1	7
a 61 year	7
she's not here	7
he drives a	7
argument between two	7
between two parties	7
me to get	7
john boy george	7
with 2 members	7
be taking the	7
what was going	7
and bunts with	7
id card as	7
card as valid	7
okay she was	7
a traffic complaint	7
at cove park	7
a dog barking	7
a male they	7
tow for a	7
have them for	7
can you back	7
south carolina plate	7
cell phone on	7
female said there	7
was just upset	7
listing is union	7
customer has it	7
parking lot but	7
i couldn't understand	7
19 with her	7
19 i'm all	7
complainant said a	7
call him and	7
have him meet	7
it doesn't show	7
heading down to	7
could have the	7
everything checks fine	7
edwards for a	7
says that he	7
model on that	7
number in the	7
the same location	7
was advised for	7
a parking spot	7
said he can't	7
you generate a	7
a medical call	7
into the front	7
out front he	7
she's still in	7
the right hand	7
very well thank	7
the driveway she	7
copy we're in	7
called said she	7
to get off	7
i did thank	7
19 there's no	7
male walking in	7
may be in	7
to his vehicle	7
took care of	7
out of favor	7
up an order	7
nora edward lincoln	7
my way back	7
at kitty park	7
we didn't get	7
just came back	7
or the back	7
of the owners	7
still going to	7
he's a consumer	7
henry edward william	7
hold of them	7
clifton in the	7
place a holder	7
wanted to let	7
you're in the	7
14401 detroit the	7
at the southwesterly	7
her right now	7
members of engine	7
medical 1's out	7
on that female	7
sam ocean nora	7
heart is racing	7
asking if you	7
can give them	7
to the family	7
that there's no	7
copy it please	7
fine you can	7
and there's nobody	7
okay it was	7
has been drinking	7
check with the	7
to call in	7
be for the	7
they're gonna call	7
sometime last night	7
aristocrat assisted living	7
got a female	7
the i'll be	7
he was also	7
11820 edgewater the	7
with a toyota	7
i'll get that	7
a gray hyundai	7
the street i'm	7
they just had	7
edward robert date	7
shut it down	7
would you be	7
charles and detroit	7
her head she	7
don't need this	7
out on madison	7
do you respond	7
have any info	7
that she's a	7
you just have	7
11849 edgewater apartment	7
stated that she	7
has a gun	7
guys head back	7
king x-ray david	7
6 for a	7
high school for	7
her heart is	7
also back in	7
member of engine	7
we added notes	7
playing on the	7
we're still going	7
220 i copy	7
into the business	7
a blue suv	7
from the first	7
then he said	7
home and the	7
and the dog	7
and just wanted	7
ahead spoke with	7
with his neighbor	7
detroit and sloan	7
making a pickup	7
her car was	7
and what was	7
king david king	7
can get anywhere	7
protective person is	7
that's all i	7
entrance of the	7
the tracks for	7
have a first	7
that listing come	7
an 83 year	7
road and clifton	7
the info for	7
can you help	7
involved in the	7
when they get	7
to add to	7
on a taurus	7
the expired plates	7
alarm keeps going	7
that vehicle if	7
an obt and	7
117 with a	7
4 or 5	7
the building here	7
1 8 2	7
locate the owner	7
i'm 10-7 in	7
his dog and	7
king frank frank	7
to leave for	7
that there's some	7
male if you	7
medic 3 could	7
me out the	7
29 i'll take	7
the house for	7
the driveway he	7
have to do	7
that from detroit	7
of cleveland 41	7
go ahead check	7
209 i copy	7
the citation number	7
14 if you	7
calls for the	7
mail to the	7
house 11839 clifton	7
was advised he	7
and had a	7
in the residence	7
did not get	7
can stop up	7
1 south of	7
on madison i	7
please tell me	7
on scene there's	7
companies stand by	7
was looking at	7
here there's a	7
female that needs	7
the house at	7
to the bus	7
en route i'm	7
start responding to	7
old male needs	7
is yelling at	7
no weapons in	7
a second and	7
1 0 3	7
23 is on	7
the marine towers	7
coutant and madison	7
white male brown	7
came in and	7
that mail to	7
no history of	7
from madison park	7
cars parked in	7
my stop was	7
you by the	7
10-4 14 you	7
you see it	7
you can locate	7
don't know what's	7
know what's going	7
of franklin john	7
code for the	7
is the driver	7
in the line	7
gold coast with	7
1-8900 detroit the	7
tag in a	7
of court for	7
that she heard	7
calls that her	7
2008 18 year	7
said when he	7
having severe pain	7
description of them	7
that female has	7
making a delivery	7
know the address	7
expires march of	7
male locked his	7
1381 bunts o'neill	7
dodge ram truck	7
old male difficulty	7
refused to give	7
a dog in	7
for the dog	7
i may have	7
the vehicle moved	7
know where he's	7
and tell her	7
run the serial	7
anything back with	7
the street it's	7
just a heads	7
that they left	7
able to tell	7
they say they	7
the company was	7
to provide a	7
actually in the	7
to file a	7
severe pain in	7
the owner on	7
the street he	7
we're probably going	7
a complaint that	7
be on our	7
disregard it was	7
to stop at	7
on the vin	7
parking signs posted	7
breathing or not	7
i be out	7
now there's a	7
patient evaluated refusal	7
i'll check for	7
has a flat	7
of the church	7
a medical pendant	7
she's out at	7
7 we'll be	7
on arrival and	7
about a black	7
the driver's license	7
he had the	7
that the owner	7
on the outside	7
a female by	7
adam nora david	7
robert ida adam	7
with the black	7
noise was moderate	7
in her right	7
copy from franklin	7
19 what was	7
the tracks henry	7
off of madison	7
searching the area	7
male looks like	7
and kufner has	7
1 4 4	7
on the city	7
can notify the	7
said a female	7
a white mazda	7
a black cadillac	7
here in about	7
that she does	7
copy and the	7
the parking deck	7
in the the	7
signature health 14701	7
health 14701 detroit	7
of the accident	7
he spoke with	7
not answering his	7
answering his phone	7
2 we can	7
we able to	7
and 8 you	7
7 if you	7
let me go	7
property manager called	7
be advised this	7
229 and 214	7
on to fairview	7
over here by	7
back to their	7
black male white	7
at a female	7
ida date of	7
were talking about	7
john victor boy	7
disregard thank you	7
manor park with	7
15 i'm with	7
gonna check the	7
like a black	7
for a 52	7
a male standing	7
20 medic 3	7
what is that	7
wanting to harm	7
has chest pains	7
he attempts to	7
madison at the	7
lpd they're out	7
is transported to	7
way we can	7
male fell in	7
to you on	7
and back to	7
i'm just right	7
3 from the	7
have him for	7
we're still not	7
arrival they were	7
so i have	7
noise in the	7
at the scene	7
224 and 211	7
looked like they	7
on car 2	7
common spelling middle	7
failure to id	7
they want us	7
17 and 20	7
dispatching all companies	7
and he left	7
respond to 1277	7
just checked the	7
madison number 1	7
medic 1 service	7
old male i	7
pounding on the	7
king robert nick	7
office with john	7
6 2 2	7
say you were	7
the jail i'm	7
card for my	7
able to send	7
marlowe for a	7
punched him in	7
18900 detroit extension	7
brown id card	7
the mail is	7
issued myself a	7
of that female	7
spoke with those	7
from that stop	7
to 1277 cove	7
heading his way	7
if you had	7
to set up	7
as i was	7
continue to check	7
were sent on	7
was random registration	7
no license to	7
sure what the	7
the male lives	7
giving this male	7
going to pull	7
of something burning	7
fire ground upon	7
ground upon arrival	7
was walking around	7
male is goa	7
there said that	7
after a light	7
wanted to go	7
the employee said	7
is suspended id	7
me primary and	7
in to the	7
copies i'll be	7
myself and 11	7
a police officer	7
once we get	7
was talking about	7
male sitting on	7
lot for the	7
last night at	7
that male at	7
place for a	7
way up to	7
king edward robert	7
edward lincoln last	7
18 years old	7
shot himself in	7
one male in	7
it needs to	7
of north ridgeville	7
for criminal damaging	7
on this for	7
the haven medic	7
into his house	7
front counter and	7
to the meridian	7
and said she's	7
will have to	7
said that female	7
to head down	7
in the main	7
when she was	7
ongoing issue with	7
he has one	7
edward victor adam	7
can do a	7
speak to her	7
warren and detroit	7
and it is	7
appear on traffic	7
out you can	7
speaking with them	7
they are going	7
it out and	7
copies we're in	7
parties they were	7
24 valid no	7
in 19 with	7
and she feels	7
that are on	7
still inside the	7
in over a	7
clifton the lakewood	7
engine 2 i	7
was hit skipped	7
a knife and	7
got eyes on	7
call dispatch please	7
was a lot	7
is out in	7
and was advised	7
can just return	7
power in the	7
i'll send it	7
old white male	7
related to this	7
with him at	7
to westerly apartment	7
a female complainant	7
15 to 20	7
off for me	7
on on the	7
she had to	7
detroit number 924	7
looked like it	7
i'll check with	7
up from the	7
he's a mental	7
if we get	7
three of them	7
said it sounded	7
a 51 year	7
right now at	7
he doesn't need	7
out of pickup	7
assisted no need	7
at franklin gas	7
traffic in front	7
2 in the	7
further issues we'll	7
issues we'll be	7
of the hilliard	7
exchanged information and	7
yelling at him	7
is under the	7
he hit his	7
you showed me	7
a second 10-4	7
the front and	7
you cut out	7
there's no way	7
her way back	7
last time i	7
medic 1 we'll	7
health issues and	7
while they were	7
3 is around	7
the area as	7
of giant eagle	7
edgewater medic 3	7
a male outside	7
said the back	7
over there as	7
parking violation at	7
didn't know the	7
2 i'm sorry	7
else is coming	7
can you stand	7
cad number for	7
it could possibly	7
should be open	7
224 i copy	7
urgent care at	7
take him to	7
detroit to franklin	7
the temp tag	7
between mckinley and	7
to wait until	7
he was up	7
the station now	7
south of lakewood	7
over the wheel	7
and is on	7
and pants and	7
id card number	7
was the caller	7
southeast corner of	7
1450 coutant number	7
is the caller	7
the cell phone	7
i just drove	7
received a couple	7
222 and 217	7
back here with	7
come back out	7
to let her	7
i'll check it	7
into a tree	7
in case they	7
give a description	7
trying to give	7
to stay there	7
a couple plates	7
my driver i	7
the light detroit	7
of people in	7
same date of	7
pickup out of	7
me on that	7
female is on	7
we'll go for	7
she was sent	7
house and she	7
you have anything	7
the back seat	7
female by the	7
requesting to speak	7
only refusal obtained	7
the doors that	7
be on with	7
west of bunts	7
walked up to	7
but would like	7
6 9 2	7
on arrival he	7
if he is	7
to break in	7
down here to	7
you check that	7
had to run	7
advised that it	7
29 cars are	7
the key for	7
you notify the	7
the lakewood park	7
was the description	7
sure which way	7
the back and	7
nora edward last	7
a dealer plate	7
from across the	7
the complainant that	7
a 2023 black	7
old female cleveland	7
117 to madison	7
parked car and	7
from the lakewood	7
a few people	7
henry union frank	7
this is actually	7
to contact her	7
to family dollar	7
to call it	7
the caller that	7
sam tom robert	7
have any weapons	7
1 i have	7
one south of	7
we're turning on	7
here i'll just	7
between athens and	7
athens and lakewood	7
a 5 minute	7
5 minute delay	7
ready go ahead	7
dollar general 15311	7
general 15311 detroit	7
ahead are you	7
i guess they're	7
to the travelodge	7
bunts the downstairs	7
9-1-1 hang up	7
there's a truck	7
with henry edward	7
205 go ahead	7
list you can	7
ahead the male	7
we'll respond to	7
guys set we're	7
out with those	7
be car 2	7
truck when you	7
tattoos on his	7
10-7 at 1341	7
the detroit bridge	7
i'm 10-7 10-4	7
2 responds to	7
put the fire	7
the fire out	7
car is still	7
show car 2	7
clifton road and	7
i'll be responding	7
a black t-shirt	7
few minutes ago	7
was evaluated no	7
john adam frank	7
but i'm not	7
a couple other	7
long brown hair	7
14 do you	7
ahead the owner	7
that address is	7
where he lives	7
marlowe car 2	7
a trapped groundhog	7
someone on the	7
of the child	7
from giant eagle	7
of the people	7
12015 clifton number	7
state no wants	7
plate of the	7
it was back	7
it's a 2011	7
the backyard and	7
is she in	7
13201 madison madison	7
madison madison park	7
up there's no	7
executive house department	7
to be confused	7
with the white	7
advised and sent	7
be waiting on	7
the second time	7
i checked from	7
ahead madison and	7
it says the	7
an 18 year	7
she'd like us	7
they were walking	7
at macy's savings	7
macy's savings off	7
henry victor george	7
check okay we'll	7
to be aware	7
says she's having	7
was reunited with	7
the address that	7
he's by the	7
a license but	7
checks out okay	7
ohio on a	7
12 i'm sorry	7
in this regard	7
on him he's	7
73 go ahead	7
upstairs 37 year	7
to retrieve her	7
male is utl	7
1 0 7	7
disregard the tones	7
a license no	7
go down to	7
they're advised to	7
1 station 1	7
sure if i	7
evaluated declined transport	7
ahead i added	7
of the water	7
over the fence	7
10-7 at 1481	7
at 1481 st	7
1481 st charles	7
11 we copy	7
a burglary alarm	7
report number in	7
19 you guys	7
male not valid	7
make sure they	7
plate it's going	7
and took a	7
brown has a	7
the back stall	7
ahead they're all	7
go ahead david	7
have a serial	7
ahead it was	7
the shady cove	7
that's down on	7
you stop by	7
211 and 224	7
detroit the dollar	7
brown brown dl	7
lake the days	7
old male 5-10	7
you could find	7
of this male	7
go ahead a	7
park by the	7
ahead it's going	7
212 could you	7
dispatch from car-10	7
regards to a	7
10-8 from that	7
young black male	7
knocking on his	7
time to save	7
to save on	7
use your coupon	7
your coupon or	7
coupon or macy's	7
or macy's card	7
macy's card and	7
card and take	7
shop father's day	7
father's day specials	7
give love today	7
love today at	7
tree branch that	7
7 will be	7
you could probably	7
you make it	7
in the scene	7
1 from command	7
2 from command	7
hilliard and mckinley	7
like there might	7
that the other	7
verbal argument and	7
for an injured	7
ahead robert robert	7
he was hit	7
riverside medic 2	7
white ford van	7
try to see	7
ahead if you	7
was no driver's	7
to parking enforcement	7
go ahead second	7
18915 detroit extension	7
was expired plates	7
color of that	7
go ahead so	7
clifton and ramona	7
of the situation	7
report room please	7
11 to 22	7
a green honda	7
mary adam henry	7
female advised that	7
said they believe	7
need to speak	7
she's walking back	7
over there in	7
a male refusing	7
the building there's	7
in the premise	7
202 could you	7
no answer the	7
they'd like to	7
i covered the	7
you check i	7
out for that	7
vehicle was towed	7
for the property	7
and i know	7
we're gonna 19	7
check northbound on	7
on 1 of	7
go ahead okay	7
be checking 10-4	7
points on travel	7
a 2017 silver	7
and west of	7
a private tree	7
ahead i just	7
at home at	7
with truck 1	7
that plate is	7
she's not responding	7
go ahead she	7
on my work	7
that was assaulted	7
6 foot 200	7
arrest for obi	7
a few phone	7
property room 10-4	7
her house and	7
was advised he's	7
original charge of	7
area of lake	7
the bus shelter	7
the residents at	7
corner of detroit	7
you can hold	7
black brown dl	7
to him he's	7
sound of a	7
a follow-up at	7
no i got	7
we'll meet you	7
cleveland 21 year	7
valid in the	7
and he didn't	7
are you also	7
there will be	7
i can help	7
the lakewood ohio	7
lakewood ohio police	7
ohio police and	7
police and fire	7
and fire scanner	7
fire scanner dispatch	7
out of for	7
1 with the	7
shows suspended no	7
it's time to	7
ready for summer	7
for summer at	7
the mail from	7
what sounds like	7
you could see	7
low hanging wire	7
the flying rib	7
will be today	7
with her at	7
boy edward lincoln	7
we couldn't find	7
this female she's	7
asked to leave	7
mckinley exit ramp	7
now with the	7
in color and	7
else checks okay	7
is that for	7
valid with a	7
over there with	7
2014 toyota rav4	7
who they are	7
to be intoxicated	7
west clifton arlington	7
number i found	7
a second can	7
second can you	7
over here i'll	7
an officer on	7
be wearing a	7
try to figure	7
with a neighbor	7
12 can i	7
26 could you	7
clifton king david	7
1586 coutant unit	7
coutant unit 2	7
what we got	7
blocking the road	7
the house on	7
nora date of	7
your radio is	7
with your phone	7
225 and 214	7
gonna head up	7
in the blackbird	7
at no wants	7
1 2 1	7
at home now	7
we have 2	7
id is valid	7
clifton number 16	7
19 on the	7
lakewood avenue for	7
south lane number	7
come in from	7
either 1 of	7
just wanna check	7
2 5 1	7
how you doing	7
19 we're 10	7
1 17 just	7
i'm gonna 19	7
gonna have charges	7
place a hold	7
south lane apartment	7
17 to madison	7
for a 6	7
and 2 22	7
male 5 7	7
is the 1	7
dallas no 1	7
to 2 hours	7
out with 20	7
1990 35 year	7
of 20 6	7
birth is 10	7
said 1 of	7
4 door black	7
2 are gonna	7
mileage 1 0	7
i'm not gonna	7
in 01 17	7
medic one's around	7
birth is 08	7
204 and 203	7
station at 2	7
gonna be 1	7
will be done	7
the info attached	7
no 1 has	7
card only there's	7
7 8 1	7
3 4 6	7
5 10 1	7
8 i'll head	7
give me 20	7
to 20 9	7
11 10 7	7
10 a with	7
10 8 can	7
with an expiration	7
of birth 06	7
1 60 brown	7
8 i can	7
we'll be today	7
15 we're 10	7
give me 1	7
companies at medic	7
saint charles king	7
you wanna let	7
2 0 5	7
birth is 11	7
that i'm gonna	7
104 do you	7
on the the	7
25 we're clear	7
is gonna remain	7
15 back to	7
you wanna just	7
check i 90	7
if they wanna	7
we're gonna leave	7
here is gonna	7
2 5 6	7
the feeder manner	7
the on ramp	7
10 7 install	7
to 20 1	7
0 3 can	7
got you from	7
4 door the	7
from storm command	7
from car 3	7
truck two's en	7
8 for now	7
2 15 dl	7
20 1 and	7
you had to	7
1 comes back	7
i have 1	7
it's not gonna	7
20 9 disregard	7
i got 1	7
vehicle brake for	7
engine 2 000	7
of 1 17th	7
'20 8 copy	7
detroit apartment 206	7
16 on a	7
do want me	7
of cleveland 08	7
female 5 6	7
and 2 04	7
3 taking 1	7
madison saint charles	7
14 on 108	7
male 5 8	7
gonna be 2	7
2 1 7	7
we're all 10	7
20 2 disregard	7
we are 10	7
15 name date	7
02 15 name	7
wanna speak to	7
listed vehicle owner	7
is 1 1	7
4 6 1	7
2 1 5	7
have another 1	7
male check's okay	7
0 2 and	7
gonna need to	7
to en route	7
nicholson and jackson	7
saint charles detroit	7
dispatch make sure	7
there's a older	7
29 is gonna	7
limited time offers	7
time offers available	7
offers available now	7
available now lease	7
now lease the	7
lease the 2026	7
a month for	7
month for 39	7
for 39 months	7
39 months 10	7
months 10 000	7
10 000 miles	7
000 miles per	7
miles per year	7
per year or	7
year or save	7
credit retired courtesy	7
tax title license	7
at signing must	7
signing must trade	7
upon available rebates	7
2 7 3	7
15 name and	7
mileage is 2	7
at hy vee	7
20 5 20	7
5 20 8	7
at nebraskamed com	7
credit 299 dock	7
with dealer based	7
dealer based upon	7
okay we're 10	7
with king william	7
to 15 year	7
year old harper	7
old harper buying	7
harper buying an	7
buying an 80	7
an 80 vintage	7
80 vintage rock	7
vintage rock t	7
rock t shirt	7
t shirt is	7
shirt is a	7
a great investment	7
great investment to	7
investment to harper's	7
to harper's mom	7
harper's mom this	7
mom this logic	7
this logic has	7
logic has a	7
a few holes	7
few holes in	7
holes in it	7
it so she	7
so she helped	7
she helped harper	7
helped harper open	7
harper open a	7
open a wells	7
a wells fargo	7
wells fargo clear	7
fargo clear access	7
clear access banking	7
access banking account	7
banking account with	7
account with no	7
with no overdraft	7
no overdraft fees	7
overdraft fees and	7
fees and tools	7
and tools to	7
tools to track	7
to track spending	7
track spending harper's	7
spending harper's learning	7
harper's learning 1	7
learning 1 heavy	7
1 heavy metal	7
heavy metal t	7
metal t at	7
t at a	7
a time however	7
time however you	7
with that terms	7
that terms apply	7
terms apply visit	7
apply visit wellsfargo	7
visit wellsfargo com	7
wellsfargo com slash	7
com slash deposit	7
slash deposit disclosures	7
deposit disclosures for	7
disclosures for fees	7
for fees and	7
fees and details	7
be 6 7	7
and 2 07	7
male 5 10	7
to park there	6
domestic violence and	6
male left prior	6
him we'll be	6
don't see the	6
you guys got	6
a second to	6
getting a call	6
the suspect is	6
not on scene	6
assaulted by her	6
on scene i'm	6
was the driver	6
a female requesting	6
yelling and throwing	6
this female on	6
log back in	6
in and see	6
a suspicious vehicle	6
lot in a	6
is the story	6
the story of	6
story of the	6
of the one	6
com or just	6
or just stop	6
stop by grainger	6
by grainger for	6
grainger for the	6
for the ones	6
ones who get	6
who get it	6
a couple 10-16s	6
westcliff in detroit	6
him i'm closer	6
you've been disregarded	6
in cleveland on	6
thank you we	6
i copy at	6
take me out	6
alright copy that	6
a 2015 chevy	6
in a legal	6
out i have	6
i have all	6
pickup entering agency	6
22 we're 10-8	6
on the lot	6
have radio clearance	6
jail i'll be	6
get into that	6
i'm good i'm	6
at west 117th	6
vehicles will be	6
a special attention	6
17 i'm on	6
male black jacket	6
that's why i'm	6
i'll call him	6
walker out of	6
that's it for	6
see where he	6
fine i'll be	6
mazda station wagon	6
took off running	6
think he was	6
with this guy	6
working on getting	6
need any police	6
there's no odor	6
calling from the	6
car 2's responding	6
frank adam henry	6
get further from	6
they say that	6
like it's just	6
a male requesting	6
good you can	6
run a couple	6
copy that's the	6
will give you	6
the company is	6
the numbers again	6
from madison to	6
all parties are	6
for the jeep	6
you didn't get	6
make your way	6
a 91 year	6
complainant in the	6
edgewater number 206	6
please call the	6
the right lane	6
to stay here	6
the left lane	6
bunts and athens	6
madison and richland	6
17 we're 10-8	6
set i'm going	6
10-8 and you	6
has a severe	6
will continue with	6
returning to service	6
29 detroit 117	6
john zebra mary	6
an ongoing problem	6
detroit room 239	6
in the living	6
the living room	6
2's transporting one	6
on the multi-gas	6
o'clock this morning	6
all set over	6
here we're just	6
we're just checking	6
just get one	6
were you trying	6
on it i'll	6
by a minute	6
we're 10-7 in	6
complainant and his	6
male needs a	6
you have been	6
202 we'll be	6
respond to 2148	6
you like to	6
his left leg	6
got a note	6
in the mcdonald's	6
notes for 10-8	6
14600 detroit lakewood	6
detroit lakewood center	6
center north number	6
someone might have	6
requesting we stand	6
by at the	6
were no readings	6
17 i'm in	6
he has it	6
is king king	6
do it again	6
to him i	6
mart east to	6
east to pick	6
listening to music	6
saying that his	6
male his name	6
24 you're on	6
wasn't sure of	6
the parties are	6
the elevator we	6
that welfare check	6
old male that's	6
guys can respond	6
up the stairs	6
to start checking	6
here i'm just	6
you print the	6
to fix the	6
the traffic signal	6
of the traffic	6
will be riding	6
out with 22	6
male walked in	6
the caller just	6
hung up and	6
and now the	6
10-4 i'll head	6
and they believe	6
they believe he	6
with the people	6
the rear entrance	6
get it back	6
name of that	6
door in the	6
meet us in	6
go knock on	6
over the air	6
can go we're	6
checked the building	6
john walter lincoln	6
this appears to	6
o'neal 13900 detroit	6
calling on the	6
she was given	6
the i-x number	6
220 i can	6
and see the	6
listing for unit	6
and i'll need	6
23 they're all	6
add him please	6
copy break for	6
a back door	6
to secure the	6
black and green	6
for traffic out	6
release due to	6
with low blood	6
a medic 2	6
dispatch mac 2's	6
229 are you	6
a legal spot	6
didn't have the	6
1443 newman apartment	6
newman apartment 107	6
his phone is	6
sorry i cut	6
he's suspended valid	6
they said you	6
is arguing with	6
everyone else can	6
it was last	6
he shows valid	6
we'll call back	6
can we check	6
117 on the	6
13 we'll be	6
he's having difficulty	6
can start the	6
male to metro	6
arguing with each	6
all set can	6
the dl is	6
want those back	6
heights it's a	6
a white bmw	6
13 we're all	6
car 2 en	6
that happened in	6
clifton and summit	6
partner's on the	6
dispatch i'm car	6
i'm car 2	6
been holding for	6
and a couple	6
22 they're all	6
i'll be telling	6
she just needs	6
went with the	6
medic 3's at	6
kufner says the	6
29 and 22	6
and 22 can	6
she's a valid	6
can make the	6
of the officers	6
called her and	6
neither of them	6
we found the	6
the old stone	6
medic 1 could	6
you make contact	6
other units are	6
could you actually	6
state valid id	6
you so much	6
in his 50s	6
that to my	6
them i'll be	6
dispatch mag 3	6
plaintiff said there's	6
on spring garden	6
with that car	6
picture of that	6
they say he	6
sending you a	6
if we're going	6
to have charges	6
or what's going	6
going on here	6
we're good to	6
to the business	6
on the complaint	6
does anybody have	6
have a drone	6
checking on that	6
confirm that warrant	6
it it's a	6
eye on the	6
them know we're	6
cleared from the	6
said the female	6
coming from her	6
the haven for	6
a car that	6
for now until	6
we know what	6
his last name	6
that his wife	6
she took a	6
and i see	6
15 cars are	6
you run was	6
copy from warren	6
only have a	6
and i asked	6
south marginal king	6
marginal just east	6
entrance to the	6
medic 2 responding	6
12 i'm close	6
transport to lakewood	6
i'm with it	6
owner is my	6
testing the fire	6
car 6 from	6
wants to check	6
who lives there	6
the music is	6
trying to knock	6
the apartment door	6
all he could	6
he could tell	6
i guess i'll	6
need me for	6
by a white	6
for a nuisance	6
copy 117th and	6
that'll be the	6
for live music	6
12 detroit apartment	6
15 to 29	6
them and the	6
henry victor young	6
be advised there's	6
number 4 for	6
for male and	6
female arguing and	6
can clear from	6
30 minutes ago	6
was just gonna	6
we deal with	6
one with a	6
to you all	6
the complaint they're	6
you a landline	6
a 2017 ford	6
5 we're going	6
with a refusal	6
medics at the	6
henry adam lincoln	6
you guys outside	6
34 years old	6
to move his	6
is transporting the	6
transporting the liquid	6
you come down	6
elmwood for a	6
the house we're	6
no one is	6
we got one	6
me the i	6
the stall please	6
this is out	6
just want me	6
address is going	6
just to check	6
male was turned	6
find anything for	6
he comes back	6
don't need them	6
need them back	6
back for the	6
them to get	6
have a sec	6
back for that	6
in his head	6
guys up there	6
hook for the	6
at north coast	6
you guys see	6
called in and	6
there's a possible	6
him a courtesy	6
from here with	6
talking about the	6
or just the	6
check our portion	6
a second call	6
have the patient	6
complainant he said	6
info on the	6
vehicle you can	6
our portion of	6
can find it	6
did he say	6
have the dl	6
go ahead please	6
at the business	6
for the complainant	6
10-16c on a	6
i'll be behind	6
adam nora last	6
i'm sorry he	6
i just heard	6
all right i'll	6
few minutes and	6
i can be	6
robinwood for a	6
an obg for	6
1's transporting to	6
with two members	6
i want you	6
217 can you	6
can send a	6
please i'll be	6
be right out	6
adam david edward	6
david edward lincoln	6
he was by	6
he doesn't see	6
you guys come	6
just added to	6
added to detail	6
i'll get with	6
be 10-7 in	6
client said there's	6
they're about to	6
alarm and the	6
in the oven	6
you make a	6
and wind up	6
the medics are	6
think she might	6
you look at	6
is a valid	6
one has a	6
to the mail	6
but she has	6
8 and a	6
and 9 you	6
be over there	6
her phone is	6
have the complainant	6
took her phone	6
she's still there	6
19 and see	6
all right we	6
called she was	6
to kill himself	6
house he said	6
in service they	6
he has to	6
like he's on	6
black suv parked	6
i copy lakewood	6
euclid on a	6
old female shows	6
can you be	6
hear me lewis	6
mag 3's on	6
and give us	6
21 can i	6
the aldi parking	6
to pay for	6
hoodie and jeans	6
and he should	6
a cage car	6
towers west 12540	6
just screaming at	6
again we'll be	6
to go speak	6
go speak to	6
is suspended with	6
can i give	6
if she returns	6
the place of	6
delaware and warren	6
copy dispatch medic	6
get in there	6
to retrieve his	6
it it was	6
i'll need to	6
19 for vehicle	6
heart rate and	6
and is feeling	6
that's coming back	6
temporary permit is	6
and have a	6
was the owner	6
i'm coming back	6
the owner i'm	6
that sounds like	6
i copy 14	6
i don't get	6
yeah we have	6
ran out the	6
this male he's	6
a gray sedan	6
possibly had a	6
3 mag 3	6
she's gonna have	6
of him for	6
a list of	6
like they might	6
on the walls	6
10-4 i'm not	6
alarm's going off	6
other than the	6
a pickup truck	6
what he said	6
is stuck on	6
the number i	6
it's blocking the	6
much thank you	6
for over an	6
say that he	6
to say that	6
1-8900 detroit apartment	6
speaking to her	6
you have them	6
15 i'll get	6
now i'm trying	6
be a 2025	6
he's valid break	6
her options we'll	6
done with that	6
10-4 comes back	6
they need assistance	6
6 i'm out	6
fairview i copy	6
please see if	6
call station 1	6
female hit her	6
10-4 15 i	6
station 1 10-4	6
sorry it's a	6
if you call	6
notes you can	6
and victoria court	6
that same male	6
me comes back	6
so she was	6
with a complaint	6
looks like one	6
41 valid no	6
property i'll be	6
16 i'm coming	6
3 1 of	6
said he's gonna	6
soon as he	6
send an officer	6
over there to	6
him down to	6
like it's the	6
henry lincoln sam	6
i'm still looking	6
for a number	6
of them being	6
clifton king frank	6
old valid id	6
vehicle into a	6
station 1 car	6
dl for a	6
that is correct	6
you start cuffing	6
we cleaned up	6
moore out of	6
16 i'm all	6
riverside and archdale	6
lake can you	6
have the listing	6
with him i'll	6
26 i'm 10-8	6
and 26 are	6
for someone to	6
that on the	6
door for us	6
mac 3's on	6
out medic 3	6
dispatch from medicare	6
with george robert	6
plates gonna be	6
and color expires	6
go i'll be	6
that's not a	6
plate is going	6
and webb with	6
in here for	6
not giving me	6
25 i'm checking	6
who does the	6
get any more	6
a female i'm	6
the traffic is	6
we can check	6
henry ida lincoln	6
last name george	6
where i'm at	6
and a baseball	6
it was his	6
male in that	6
i will give	6
24 i'm going	6
go 24 i'm	6
i was with	6
him i'm going	6
front of aldi	6
out of david	6
i do i	6
have one male	6
doesn't want him	6
him back in	6
west 117th street	6
disorderly conduct and	6
please i don't	6
by while they	6
lobby right now	6
the detail that	6
able to pull	6
soon as they	6
passenger in the	6
advised to go	6
able to pick	6
to pick it	6
responding over to	6
them know the	6
you find an	6
set off by	6
owner is going	6
a red jeep	6
will be under	6
females in the	6
16407 detroit for	6
a red subaru	6
transport medic 3	6
their way to	6
john edward young	6
you give it	6
can come back	6
to move her	6
held up by	6
up by a	6
parked for 3	6
for 3 days	6
was only able	6
222 and 215	6
but she didn't	6
and so far	6
the park for	6
transporting a lakewood	6
a suspended ccw	6
you copy this	6
to work on	6
on a 2011	6
might be going	6
someone to come	6
owner lives at	6
owner we'll be	6
24 i'm coming	6
of clifton john	6
24-hour check started	6
to a private	6
the elderly female	6
when i arrived	6
male he's a	6
a valid no	6
access gained 10-8	6
her door she	6
he's not supposed	6
if you copy	6
the dog is	6
east of cove	6
here i'll take	6
female she's in	6
gas on the	6
they advised they	6
copy you're all	6
28 go ahead	6
number for cit	6
no threats made	6
parties are advised	6
their options we'll	6
in her chest	6
the edge of	6
to respond back	6
with frank paul	6
frank paul henry	6
can just leave	6
an 88 year	6
old female nurse	6
was no music	6
be king ocean	6
and i'm out	6
around detroit and	6
detroit and granger	6
got in the	6
for a call	6
13 same traffic	6
11 i'm in	6
and went to	6
sorry what's your	6
out on this	6
up to detroit	6
to her house	6
211 we're out	6
like to get	6
on the rest	6
just looking for	6
corky's 13302 detroit	6
on our arrival	6
of birth but	6
10-8 with separate	6
and the only	6
called her back	6
her back she	6
you ask the	6
26 i'm on	6
send them to	6
them to your	6
times no answer	6
to appear in	6
of bedford heights	6
violent tendencies known	6
them for a	6
i'm telling you	6
ocean ocean robert	6
ocean robert edward	6
going to want	6
want to put	6
like it just	6
now the complainant	6
me right now	6
plate when you're	6
to ian holdings	6
11 i'm clear	6
27 years old	6
have a firearm	6
female should be	6
in her name	6
is dropped off	6
before we got	6
the remainder of	6
i ran it	6
people walking around	6
he thinks he's	6
nora david adam	6
with his wife	6
i knocked on	6
okay i'll let	6
voicemail for the	6
lakewood do you	6
for you for	6
northland medic 2	6
nothing like platinum	6
like platinum learn	6
platinum learn more	6
alarm showing rear	6
showing rear door	6
last night she	6
left for the	6
she doesn't think	6
if the male	6
to bring him	6
car wash please	6
is not at	6
in parking lot	6
17 i'll get	6
clear for the	6
i'm here with	6
a text message	6
are you really	6
you really buying	6
really buying a	6
a car online	6
car online on	6
right now really	6
and you just	6
you can really	6
can really have	6
really have it	6
have it delivered	6
kid is walking	6
buy your car	6
your car online	6
car online really	6
said to advise	6
making it difficult	6
and i also	6
if he's valid	6
said she's having	6
having severe stomach	6
216 and 229	6
check southbound from	6
she was okay	6
have enbridge respond	6
fell yesterday and	6
2 will also	6
medic 1 has	6
has returned to	6
pick up some	6
the city i	6
i'll be attending	6
90 eastbound near	6
eastbound near mckinley	6
the far right	6
in lane 4	6
was with a	6
heading your way	6
don't believe so	6
put him in	6
sorry are you	6
right now to	6
to fairview ed	6
13330 detroit crestmont	6
detroit crestmont north	6
please pick up	6
to your cell	6
and we did	6
not see any	6
the car out	6
car 8 will	6
males on the	6
17th in front	6
i need it	6
no sign of	6
copy as well	6
on 17th and	6
i copy riverside	6
vin on this	6
station wagon blue	6
henry adam mary	6
under us for	6
mitchell out of	6
female suspended valid	6
the vehicle she	6
was the only	6
you we're going	6
car for a	6
looked like a	6
40 years old	6
26 in traffic	6
else in the	6
yeah this is	6
could raise the	6
4 failure to	6
dispatch medical i'm	6
is also on	6
issue between the	6
the last three	6
lakewood laser wash	6
dealer plate series	6
for a third	6
set it off	6
common spelling first	6
assist only no	6
and it's on	6
3rd party from	6
that they need	6
taking a male	6
she's having difficulty	6
2 south of	6
phone they said	6
wearing a long	6
said he wants	6
the detail we'll	6
notes check started	6
of south carolina	6
14819 clifton number	6
can't get her	6
thank you disregard	6
whenever you have	6
king queen zebra	6
in the driver's	6
seat of the	6
mercury's on scene	6
get a tow	6
lakeland medic 1	6
dispatch medicare is	6
205 and 217	6
the westbound lanes	6
came from the	6
29 he said	6
tracks i'll get	6
are you inside	6
6 7 6	6
just in front	6
10-4 i just	6
clifton king ida	6
henry zebra queen	6
nicholson and detroit	6
i copy we	6
29 1 17	6
both parties are	6
breathing but he's	6
3 will first	6
male from the	6
advised he was	6
the property and	6
1 will handle	6
order against the	6
person is a	6
call back in	6
she was inside	6
front of kfc	6
10-4 16 disregard	6
a vehicle registered	6
assist lfd at	6
before i go	6
217 i can	6
17 he's all	6
response to the	6
i'm out there	6
car he said	6
the call for	6
all set or	6
off the side	6
in the red	6
car is it	6
an exact location	6
the apartment now	6
could have been	6
parked near the	6
walking with a	6
what color was	6
he no longer	6
keep trying to	6
out at walgreens	6
with her since	6
me to take	6
sighted we'll be	6
10-4 9 you	6
there or do	6
get the number	6
him over the	6
phone and he	6
vehicle's been moved	6
run a ds	6
he has his	6
his id card	6
3's in the	6
come into the	6
and i'll just	6
franklin and lewis	6
at the shelter	6
a 10-16 fc	6
the squad at	6
him up he's	6
have an ems	6
an ems call	6
we can respond	6
at the ina	6
cited for nol	6
and advised of	6
added to lunch	6
there's no further	6
detroit i have	6
service on a	6
been added to	6
have the driver	6
swerving all over	6
medic 1 patient	6
medic 4's en	6
4's en route	6
on nicholson and	6
224 and 216	6
with the upstairs	6
in the process	6
separated we'll be	6
to the officers	6
using this car	6
in an mva	6
of the travelodge	6
this is fetch	6
parked for two	6
because it was	6
a few seconds	6
6 7 3	6
7 3 5	6
cleveland 27 year	6
her through the	6
say that they	6
special attention to	6
of road rage	6
into a driveway	6
know what kind	6
them in front	6
heights west of	6
sorry i'm all	6
everyone else will	6
how it was	6
it was from	6
get him for	6
have a lot	6
17 stall door	6
car 2 i'm	6
to check out	6
the original call	6
female locked her	6
a pedestrian struck	6
and look for	6
yeah we just	6
can remain in	6
117th and lake	6
he's gonna call	6
car into a	6
clear thank you	6
it in front	6
the listed address	6
lakewood with traffic	6
her through ohio	6
you run her	6
this out for	6
down here at	6
been out of	6
with car 2	6
wanted to talk	6
1374 west 117th	6
couldn't tell me	6
seen or heard	6
2 we're in	6
back in route	6
king george zebra	6
disregard 24 i'm	6
he'll be out	6
and get them	6
you can update	6
henry ocean robert	6
partially blocked in	6
72 on 10-8	6
male locked out	6
detroit and park	6
need those back	6
henry young john	6
i copy lincoln	6
in the hole	6
to the harborview	6
we got her	6
add to that	6
if he comes	6
16 on the	6
the address in	6
i'll have you	6
a name date	6
king tom young	6
license plate john	6
just having a	6
get to him	6
deal with him	6
bunts and the	6
right to the	6
was quite an	6
the residents there	6
i'm on this	6
with a chevy	6
chevy express van	6
to fedor manor	6
want to confirm	6
said they should	6
with her for	6
car up there	6
of us will	6
us will be	6
is with me	6
copy i'm out	6
with a warrant	6
216 can you	6
set here on	6
her vehicle and	6
mercedes station wagon	6
sure if this	6
in regard to	6
eastbound at mckinley	6
in the fast	6
us to commit	6
we're headed to	6
3 from truck	6
1's arrived at	6
cartoons in service	6
thank you guys	6
ahead of us	6
to that mva	6
medic 2 just	6
medic 3 if	6
evaluated refuse transport	6
carabel for a	6
gonna take the	6
miller out of	6
10-8 can i	6
a 80 year	6
detroit the wesley	6
the wesley apartment	6
you copy 2	6
of cleveland 2012	6
of the lane	6
place of the	6
i will try	6
1's arriving on	6
and grace with	6
parking lot john	6
a time delay	6
time delay on	6
trying to look	6
908 medic 3	6
they got the	6
okay they were	6
back down here	6
down here and	6
is the one	6
was the same	6
edgewater apartment 703	6
minute time delay	6
between both parties	6
we're pulling in	6
listening come back	6
pull up the	6
here and if	6
now they said	6
a bit closer	6
owner of unit	6
out with 18	6
can head west	6
who does this	6
no one closer	6
lakewood for a	6
24 we're going	6
yeah it's going	6
9 or 10	6
king henry sam	6
i guess you	6
be at 19	6
from the fire	6
to find obt	6
back and get	6
27 i'm on	6
way for now	6
to leave it	6
copy did you	6
a squad stop	6
we got there	6
alright i copy	6
west on 17th	6
manager called said	6
i'm madison and	6
a license valid	6
come up there	6
that vehicle the	6
clear we'll be	6
office 1475 warren	6
she's supposed to	6
to call for	6
at the lakehouse	6
out at metro	6
mutual aid to	6
road car 2	6
in bay village	6
can you first	6
you first respond	6
to 12506 edgewater	6
dispatch engine 2's	6
on scene in	6
the mutual aid	6
29 you said	6
go over the	6
guys still on	6
engine 3 has	6
mva with a	6
day we'll be	6
the voice mail	6
be giving a	6
in medic 1	6
red and green	6
wearing a hat	6
detroit and clarence	6
i got another	6
violent tendencies escape	6
tendencies escape risk	6
first and last	6
and last name	6
she called back	6
because they were	6
and took off	6
see anything in	6
we get one	6
12700 lake for	6
that vehicle you	6
west 117th in	6
29 we'll take	6
to his car	6
black chevy equinox	6
she had an	6
belle for a	6
my arrival i'll	6
with my partner	6
a tree in	6
north nursing home	6
on scene until	6
that he's going	6
need to check	6
and they need	6
caller she said	6
a ticket for	6
related to the	6
18 if you	6
from the basement	6
couldn't find a	6
was minor damage	6
put that in	6
against the wall	6
i was flagged	6
can go there	6
to turn the	6
i guess there's	6
guess there's a	6
side or the	6
want to miss	6
this right now	6
in bonus bets	6
see why it's	6
out your welcome	6
your welcome offer	6
welcome offer after	6
offer after you	6
after you apply	6
you apply which	6
apply which could	6
which could be	6
could be as	6
be as high	6
as high as	6
high as 175	6
as 175 000	6
175 000 points	6
park there's a	6
be to the	6
that mail i	6
and hazel she's	6
be king union	6
was evaluated and	6
and brown black	6
i'm off it	6
117 in clifton	6
buzz us in	6
not answer the	6
valid no on	6
the jail food	6
probation violation for	6
don't know i'll	6
a minute on	6
the final whistle	6
vehicles parked on	6
are heading to	6
talking to each	6
to clear for	6
of them they	6
around the parking	6
of the women's	6
you tell the	6
a separate if	6
separate if you	6
the 14306 detroit	6
detroit apartment 924	6
and warren with	6
head east to	6
in a ford	6
going to match	6
the first one's	6
to the registered	6
vehicle partially blocking	6
old male possibly	6
medic 1's taking	6
on scene going	6
sure i have	6
know we'll be	6
10-4 17 you	6
going through alcohol	6
meet you out	6
you out front	6
might possibly be	6
11701 detroit the	6
i'm in traffic	6
be transporting the	6
of the neighbors	6
male he checked	6
a blue coat	6
be advised she	6
the male you	6
harris out of	6
the female said	6
file for the	6
failure to peer	6
21 could you	6
respond to 118	6
in her 20s	6
lake car 2	6
fire department responding	6
on scene go	6
over here as	6
to turn off	6
229 and 212	6
14 000 detroit	6
does not wish	6
to keep you	6
just hit a	6
7 9 6	6
on clifton in	6
days inn with	6
this list back	6
with henry paul	6
john mary zebra	6
was just an	6
color on that	6
and she's having	6
she's having trouble	6
of last year	6
the same complaint	6
answer we'll be	6
the complainant a	6
we're out there	6
up to warren	6
king queen victor	6
spelling first name	6
male is in	6
in possession of	6
3 station 1	6
lakewood heights medic	6
but they're out	6
the same female	6
10-8 i'm gonna	6
wearing a light	6
that female at	6
and we're not	6
2 stand by	6
the resident of	6
the marks parking	6
his car was	6
on madison for	6
vehicle we're going	6
the drug mart	6
last couple of	6
asking for the	6
on her own	6
premise file please	6
be a lift	6
show us responding	6
agreed to stay	6
just confirm the	6
found the resident	6
associated with this	6
217 and 205	6
loud on arrival	6
on arrival she	6
for a burglary	6
on his face	6
we're in route	6
number 1 for	6
to handle this	6
use the address	6
anything up there	6
2 is at	6
copy that'll be	6
last name jones	6
male was released	6
was released on	6
she's able to	6
emergency no dl	6
of the shoreham	6
king ida henry	6
taco bell on	6
out at clifton	6
that way i'm	6
has a 10-16c	6
about to get	6
party from the	6
of the window	6
out of brook	6
of brook park	6
the vehicle parked	6
stop and see	6
need assistance getting	6
the lakewood community	6
detroit department 314	6
a dark grey	6
complainant said it	6
outstanding parking tickets	6
has a tpo	6
his name was	6
to the unit	6
6 go ahead	6
are you responding	6
on it right	6
you said he	6
the second plate	6
sure there's no	6
in the corner	6
of the lakehouse	6
king adam edward	6
and advised the	6
difficulty breathing the	6
is on it	6
once you get	6
to go code	6
that address again	6
please stand by	6
there's a protection	6
first one's gonna	6
be transporting that	6
have to 19	6
12 what's the	6
is special medic	6
to gain access	6
for an obt	6
was not a	6
have truck 1	6
hurt his back	6
parma for failure	6
he likes to	6
we'll be taking	6
the door there	6
issued a citation	6
a citation for	6
in an uber	6
clear as well	6
we're still eastbound	6
terminate the pursuit	6
i'm sorry and	6
a listing when	6
listing when you're	6
an ovt for	6
up to 3	6
he turned it	6
turned it down	6
her car she	6
car she said	6
he left eastbound	6
can you transfer	6
a transport to	6
apartment 1 for	6
arrive at lakewood	6
for an older	6
you copy and	6
shows he's a	6
he's a registered	6
104 for a	6
the notes we'll	6
no wires involved	6
he had to	6
1 is responding	6
station 1 go	6
be king henry	6
a run number	6
to the garage	6
have them go	6
the front window	6
now at the	6
be on their	6
unable to gain	6
for a quick	6
respond to 2216	6
at rocky river	6
we did a	6
that vehicle just	6
with her mother	6
see you next	6
already you can	6
and i'm on	6
making it hard	6
of her driveway	6
before the mckinley	6
her blood pressure	6
female just got	6
said that we	6
last time he	6
driver's side door	6
and detroit to	6
out on lake	6
and 16 you	6
cited i'll be	6
gonna handle the	6
she believes the	6
you check madison	6
check madison and	6
a good night	6
john zebra young	6
in south lane	6
29 they're all	6
apartment 2 for	6
and just for	6
person on the	6
on the patio	6
call for us	6
out on lakeland	6
moved to the	6
owner he said	6
where you are	6
you from the	6
without id card	6
22 if you	6
if you give	6
19 real quick	6
an unknown direction	6
for a ride	6
a male screaming	6
king george young	6
attention to medic	6
about it and	6
you have him	6
2 3 4	6
saying there's a	6
responding code 3	6
be checking that	6
checking right now	6
there and he	6
have one of	6
i'm sure it's	6
hilliard and victoria	6
the other two	6
to have one	6
guys need me	6
you want him	6
where you're at	6
i guess it's	6
of my car	6
so i can't	6
pull out of	6
know the name	6
we're not finding	6
the mother of	6
i have here	6
out with you	6
back door of	6
the car at	6
you down there	6
henry tom union	6
yeah looks like	6
get somebody to	6
so they were	6
we're heading back	6
to the cars	6
to check to	6
or do we	6
a contact number	6
no i can	6
to him on	6
are we good	6
10-4 and i	6
nicholson can you	6
they need transported	6
need transported out	6
just passed me	6
head his way	6
it can be	6
he was calling	6
vehicle and i	6
1431 to detroit	6
i do have	6
on the follow-up	6
is king david	6
2 on 10	6
right outside of	6
the female on	6
she's a white	6
in that building	6
lake medic 3	6
live in the	6
the neighbor is	6
to work out	6
detroit can you	6
in the next	6
in the first	6
get down there	6
should be henry	6
in service thanks	6
female that's been	6
making contact with	6
you send it	6
out of place	6
if he's been	6
king boy boy	6
on front of	6
like in the	6
12 copy disregard	6
kufner's on the	6
you can buzz	6
home for the	6
the richard hilliard	6
the whole house	6
talking to you	6
correction on the	6
on the last	6
16900 detroit for	6
he's got it	6
at 10-16 with	6
pains and difficulty	6
how many occupants	6
guys are on	6
here and they're	6
male he shows	6
he shows suspended	6
we'll be leaving	6
guys can clear	6
showing from the	6
lakewood heights female	6
at the cleveland	6
they received proper	6
in service release	6
i will check	6
pressed their medical	6
fell unable to	6
they may be	6
in service to	6
a side door	6
be at 10-8	6
we have is	6
checked the surrounding	6
anyone matching that	6
and he needs	6
i'm close 211	6
close 211 i'm	6
1 is returning	6
to verify that	6
we go to	6
we get on	6
we're just trying	6
the gold coast	6
1 copies back	6
it there's no	6
2002 23 year	6
and the name	6
at one of	6
smoke alarm showing	6
minutes ago he	6
advised that her	6
can just change	6
worried about him	6
4 is in	6
will be able	6
alarm that's going	6
to the construction	6
there's any other	6
hurd with king	6
is not answering	6
for the mail	6
we weren't able	6
have for the	6
can't get it	6
not show up	6
was towed by	6
scene it's a	6
4 en route	6
berea i'll be	6
note if you	6
keep me on	6
229 and 202	6
be the upstairs	6
25 26 27	6
checks okay the	6
call me at	6
not to be	6
the cvs parking	6
the circle k	6
with an mva	6
to be okay	6
now he's going	6
don't see a	6
clifton east of	6
for the truck	6
they said a	6
1341 marlowe apartment	6
she lives on	6
a police matter	6
across the sidewalk	6
sorry i think	6
transfer it to	6
i copy 26	6
music in the	6
of cleveland should	6
which apartment number	6
male that's passed	6
can you detail	6
17th and franklin	6
to be from	6
he came in	6
the garage and	6
run that plate	6
21 will be	6
10-4 i don't	6
them to stay	6
and 21 are	6
at station 1	6
for a sec	6
was a lift	6
said he's at	6
stop off here	6
got a number	6
know that we	6
clifton and the	6
come out with	6
the back window	6
go with the	6
if there's anybody	6
she's at work	6
just to let	6
clifton and donald	6
that and then	6
224 and 219	6
calling and harassing	6
meter car 2's	6
to be having	6
like them checked	6
on it i	6
for a patient	6
full of smoke	6
returning car 2	6
there's no cause	6
cause for concern	6
engine 2's are	6
lobby she said	6
alarm from the	6
that car on	6
was also advised	6
back on a	6
180 brown and	6
4 and 2	6
him and the	6
at his apartment	6
get up there	6
still have the	6
on it now	6
have it in	6
of cleveland 2010	6
out at mcdonald's	6
can hold off	6
15 and 19	6
of cleveland 33	6
factory's on scene	6
that for 13	6
look like it	6
out with 5	6
a car in	6
not see it	6
card no one	6
a good number	6
called said he's	6
detector is sounding	6
not appear to	6
at lakewood cars	6
we were here	6
a smith and	6
smith and wesson	6
and 15 you	6
you can print	6
25 i'm going	6
also dispatch engine	6
is car 2	6
can disregard he	6
the line at	6
the address you	6
were added i'll	6
light is out	6
cove and lake	6
come from the	6
gonna need you	6
you to head	6
power line down	6
we're heading to	6
check that out	6
copy we're going	6
the alarm system	6
screaming at her	6
know what to	6
is breaking up	6
detroit a female	6
the sidewalk in	6
and she's on	6
detector in the	6
on a welfare	6
the squad we'll	6
squad we'll be	6
they've asked him	6
violent tendencies drug	6
mckinley south marginal	6
call of a	6
party was evaluated	6
customer in there	6
to 125 06	6
female with severe	6
and she's gonna	6
on to madison	6
and the complainant's	6
dispatch mac 3	6
i'm ready to	6
there she was	6
she didn't answer	6
responding from bunts	6
you open this	6
male is being	6
up the food	6
a list assist	6
a white buick	6
we found it	6
female that she's	6
ending mileage 1	6
15 we're out	6
know if any	6
all of those	6
of those are	6
on code 3	6
the female for	6
waiting for his	6
clearing here in	6
there's no parking	6
i'll be home	6
street i'll be	6
white female date	6
want to stop	6
from my stop	6
213 and 219	6
don't think it's	6
2-8 i'll be	6
what's her name	6
29 i'm not	6
what apartment number	6
the downstairs male	6
history for that	6
did not observe	6
not observe any	6
a ride home	6
10-4 and she	6
i've got multiple	6
1 we have	6
over there for	6
i can bring	6
we'll be transferring	6
1 from medic	6
he said i'll	6
it's registered to	6
you hear anything	6
119th can you	6
find an obd	6
he was doing	6
a video of	6
now and she's	6
getting a little	6
male states there's	6
states there's a	6
clear and i'll	6
18 respond to	6
he's complaining of	6
damage we'll be	6
truck 1 would	6
detroit room 116	6
near the station	6
been advised to	6
and i could	6
opposite side of	6
concerned for her	6
quiet we'll be	6
has been advised	6
alarm at a	6
off of it	6
in the bedroom	6
to 14701 detroit	6
another rush hour	6
and left in	6
check to make	6
a copy from	6
at 12506 edgewater	6
has both those	6
3 on a	6
as a precaution	6
calling in a	6
ds for the	6
lake on the	6
200 brown and	6
10-7 go ahead	6
219 and 216	6
call and have	6
we copy you	6
for a 59	6
edward robert first	6
have a moment	6
for a mutual	6
how are we	6
medic 2 second	6
parking lot they're	6
you can shoot	6
can shoot me	6
11837 edgewater room	6
to get their	6
the street male	6
en route now	6
a few of	6
attempting to get	6
the past couple	6
car 2's going	6
and the resident	6
lakewood catholic academy	6
to respond with	6
copy detroit west	6
no injuries one's	6
west 117th with	6
lake the winton	6
westbound on athens	6
by the parking	6
up medic 3	6
car is at	6
out of brunswick	6
can do it	6
okay and the	6
1381 bunts room	6
37 38 39	6
that for 16	6
and thinks he's	6
drives a white	6
see if anyone	6
i can't remember	6
blue nissan rogue	6
feeling a little	6
radio can you	6
that the resident	6
it says it's	6
a few different	6
winchester 12112 madison	6
try to go	6
yeah i copy	6
just about to	6
bond on the	6
so it'll be	6
walked into the	6
she was with	6
the area is	6
female who has	6
has low blood	6
said it looked	6
went northbound on	6
happen to see	6
have any contact	6
on bunts just	6
them to stop	6
professional company is	6
9 2 7	6
there was just	6
them we'll be	6
the medic 3	6
checked out at	6
in a room	6
to leave i	6
on scene 24	6
and ask him	6
he's walking back	6
male checks okay	6
do they want	6
like to see	6
to 12511 clifton	6
23 medic 3	6
be a mental	6
just put a	6
right there in	6
don't think he's	6
with a resident	6
female feeling dizzy	6
sure who it	6
it belongs to	6
the door or	6
and the caller	6
we got another	6
like they have	6
is locked out	6
the people in	6
and he wants	6
17 you guys	6
but they said	6
all three of	6
with henry zebra	6
owner's on the	6
on the couch	6
earlier this morning	6
you see what	6
see what you	6
en route if	6
a seizure and	6
lot of people	6
ida lincoln lincoln	6
lincoln lincoln ida	6
14701 detroit signature	6
she called the	6
but he did	6
he's been trespassed	6
for a criminal	6
a criminal trespass	6
she also said	6
you just go	6
that the front	6
him to stop	6
myself and 20	6
13 cars are	6
check your lights	6
back they said	6
to be staying	6
thompson out of	6
a male saying	6
comes back as	6
of his gray	6
resident that fell	6
ridgewood and franklin	6
he could be	6
it was issued	6
she was talking	6
comes in please	6
jacket black pants	6
advised on the	6
said she's unable	6
copy are you	6
not sure of	6
and give me	6
now do you	6
apartment 205 for	6
go to fairview	6
apartment and she	6
we can locate	6
if no one	6
63 years old	6
said she needs	6
to a black	6
in this vehicle	6
us out at	6
the boiler room	6
area of west	6
like to talk	6
of gas and	6
command in the	6
on the driveway	6
a parking permission	6
on company medic	6
respond to all	6
he feels like	6
feels like he's	6
and it should	6
need to do	6
or anything of	6
with this gentleman	6
16 with the	6
adam robert king	6
the female she's	6
there last night	6
all of you	6
was the vehicle	6
vehicles registered to	6
he was being	6
the door so	6
us primary on	6
she passed out	6
like the owner	6
something in the	6
being harassed by	6
phone can you	6
us a landline	6
the owner i	6
o'neill health care	6
in place of	6
that come back	6
and i've got	6
she's having pain	6
on the rear	6
a blood clot	6
cited driveway still	6
returning to city	6
going to talk	6
it out but	6
you get back	6
mutual aid medic	6
of the gas	6
medic 1 you're	6
like it's possibly	6
unable to tell	6
3 same traffic	6
so we don't	6
90 west just	6
of the main	6
by the elevator	6
refused treatment transport	6
19 i'm clear	6
i just pulled	6
a match for	6
towers 11720 edgewater	6
stage on arrival	6
they say where	6
she's unresponsive but	6
she's going through	6
a female saying	6
her daughter is	6
time we're back	6
19 i'm in	6
anybody in the	6
arrested for trespassing	6
clifton king sam	6
the stair chair	6
it i copy	6
and they got	6
she's been there	6
to the elevator	6
they found a	6
i'll have him	6
that male detained	6
squad come up	6
what do we	6
10-4 are you	6
while i was	6
copy out of	6
to franklin and	6
mva unknown injuries	6
on bunts from	6
truck 1 back	6
be telling you	6
i'll give him	6
a seizure disorder	6
last seen wearing	6
driver we'll be	6
scene in service	6
guys a message	6
he wanted to	6
29 and 203	6
sent a message	6
could head code	6
hair and a	6
franklin and bunts	6
29 i'm gonna	6
traffic speeds are	6
its hazards on	6
at the meridian	6
and 17 you	6
you guys clear	6
belle and detroit	6
a red sedan	6
for a smell	6
has a bad	6
be at it	6
10-4 can i	6
just get a	6
14032 lakewood heights	6
lakewood heights i'm	6
got a valid	6
very hard to	6
the phone again	6
a second if	6
the time we	6
we were up	6
were up there	6
and i believe	6
4 will be	6
and left a	6
contact information for	6
20 they're all	6
madison number 4	6
lincoln and delaware	6
a flush detail	6
what's the color	6
on bunts south	6
adam lincoln adam	6
tried a few	6
a few numbers	6
has any warrants	6
notified they said	6
it she said	6
gonna go with	6
copy detroit edwards	6
are we still	6
because they have	6
1 front of	6
a parked vehicle	6
i'll be assisting	6
of unit 2	6
the lakehouse 11850	6
showing from 2	6
from 2 sides	6
we'll have that	6
reset all companies	6
white ford truck	6
robert robert adam	6
name mary adam	6
responding from detroit	6
with henry king	6
the berkshire number	6
is short of	6
old male had	6
no patient found	6
route with them	6
on the tow	6
what's the model	6
one can you	6
1 14300 detroit	6
6 3 2	6
answer i left	6
be on in	6
on the alarm	6
and we'll head	6
you check clifton	6
1 i'm sorry	6
victor frank 4	6
you could run	6
those vehicles and	6
olivewood for a	6
waiting out front	6
missing out of	6
924 medic 1	6
is transferring on	6
smells like gas	6
up if you	6
the highway and	6
she's concerned for	6
copy i will	6
be a great	6
say that again	6
madison and spring	6
multiple calls about	6
know who it	6
now i'm not	6
id for my	6
219 and 205	6
they put it	6
is threatening to	6
an order for	6
it for now	6
complainant called said	6
from this address	6
to this male	6
they'll meet you	6
20 i'm sorry	6
i see traffic	6
adam lincoln david	6
on private property	6
did the complainant	6
coming from any	6
i'll be pulling	6
the front or	6
front or the	6
to call and	6
head of the	6
him last night	6
for a green	6
i had enough	6
he believes it's	6
parking lot it's	6
you can stage	6
i have for	6
to 19 and	6
can find her	6
14312 detroit for	6
her friend who	6
she went down	6
birth when you	6
go with you	6
was not able	6
you grab the	6
we can give	6
she believes it	6
dispatcher medic 1	6
had to leave	6
to leave but	6
in service attorney	6
can check in	6
old female out	6
clifton number 5	6
travel lodge 11837	6
and he's suspended	6
i'm gonna send	6
were talking to	6
to the emergency	6
detroit and madison	6
from athens and	6
got a lot	6
update the location	6
one's a black	6
have been towed	6
pull it up	6
a 46 year	6
you swing by	6
full of items	6
medics are on	6
who has a	6
male saying that	6
gonna call you	6
speaking to that	6
it was for	6
and coutant with	6
pickup on a	6
female saying that	6
his medical alert	6
the hospital he's	6
at medic 2	6
has mental health	6
11811 lake the	6
it's not over	6
on flock at	6
and it's just	6
white male about	6
company truck 1	6
can change the	6
and a backpack	6
the vehicles in	6
male was not	6
214 and 219	6
lake the highland	6
just adding some	6
of king queen	6
believes she's having	6
an asthma attack	6
i copy she's	6
plate is george	6
the 14300 detroit	6
the car he's	6
was the plate	6
14 i'm set	6
it's going back	6
15 to radio	6
door we're 10-8	6
alarm has been	6
guys need a	6
back lot of	6
in the doghouse	6
not a problem	6
standing outside of	6
near the entrance	6
meet me on	6
okay there's no	6
are able to	6
because there was	6
if you're trying	6
john walter king	6
verify the plate	6
a possible disabled	6
is king henry	6
who's that listing	6
female 5 foot	6
and would you	6
and clifton road	6
lewis and madison	6
name and phone	6
it's not showing	6
i'm turning around	6
just out of	6
go to lakeshore	6
was the one	6
to wait to	6
our 4 gas	6
you're not on	6
with king charles	6
are no good	6
old female never	6
female never had	6
at her apartment	6
you can title	6
to remain anonymous	6
area we didn't	6
hear or see	6
on warren in	6
towards the back	6
he last saw	6
the second out	6
second out of	6
sounded like he	6
back him up	6
report number from	6
of lakewood she's	6
years old no	6
me know who	6
10-4 and it's	6
notes for the	6
let's go to	6
call came out	6
3 1 2	6
with those two	6
having high blood	6
vehicle i have	6
me in a	6
of cleveland 11	6
henry victor x-ray	6
to leave they	6
10-4 we're going	6
other party involved	6
and 25 are	6
that she wants	6
can handle it	6
goes back to	6
214 are you	6
let him in	6
see you later	6
not in a	6
blocking a driveway	6
you try that	6
the first federal	6
middle name is	6
going to pick	6
the complaint will	6
complaint will be	6
had a black	6
get me a	6
lake number 301	6
sure if she	6
one was a	6
you said king	6
bunts in front	6
you to play	6
play in a	6
front and back	6
number or anything	6
the lobby right	6
can call them	6
last time we	6
she asked him	6
just found a	6
go for 20	6
car 8 medic	6
had a couple	6
the detail i'll	6
old female had	6
vehicle in a	6
to the corner	6
the last four	6
i didn't notice	6
check the southwest	6
on the watch	6
the 19 for	6
him not to	6
29 and 217	6
female called from	6
and a lot	6
occupied by a	6
confiscate and the	6
for her to	6
she just left	6
17600 detroit apartment	6
old female was	6
it's a 2024	6
aware of it	6
it or not	6
belle with king	6
i'll be today	6
close the door	6
it's not like	6
him from detroit	6
for a 10	6
probably the same	6
co detector that's	6
treatment or transport	6
and possession of	6
both out of	6
this is detroit	6
229 go ahead	6
right now for	6
12540 edgewater marine	6
they're moving it	6
have you added	6
car 8 you	6
and is going	6
heard a loud	6
looks like an	6
rocky river pd	6
of birth the	6
going to separate	6
male and the	6
not in violation	6
and his girlfriend	6
medic 1 transport	6
to go inside	6
ida sam adam	6
traffic stop with	6
at marine towers	6
just called out	6
to take off	6
the edgewater towers	6
you guys about	6
3 is at	6
from around the	6
9 did you	6
no violations observed	6
starbucks parking lot	6
out the door	6
to taco bell	6
still in there	6
an apartment building	6
doesn't know the	6
adam robert edward	6
205 and 203	6
maybe we can	6
so they don't	6
him for the	6
unit on the	6
atkins medic 2	6
the parked vehicle	6
john lincoln robert	6
there's a young	6
house on the	6
showed up on	6
was just sleeping	6
call and tell	6
out it's a	6
number 1 and	6
they saw him	6
got into the	6
that's what she	6
open container and	6
provide a description	6
warren road for	6
figure out if	6
the driveway it's	6
and did you	6
didn't come back	6
to get here	6
clifton new york	6
can start to	6
have to stand	6
trying to contact	6
to 117th and	6
out of wisconsin	6
for a 7	6
back towards the	6
you bring the	6
be added for	6
2 members of	6
no one can	6
in the side	6
just checking on	6
209 and 215	6
side we'll be	6
the station can	6
a single car	6
i'm right behind	6
right behind you	6
a male fell	6
the stairs and	6
was found on	6
in a while	6
you copy to	6
i'm sorry king	6
like it may	6
214 i'll be	6
the cat number	6
they didn't hear	6
have that vehicle	6
madison spring garden	6
i updated cad	6
passed out on	6
henry tom sam	6
the detail he's	6
with henry john	6
said her heart	6
get a squad	6
car can you	6
i'm sorry thank	6
sorry thank you	6
an ai available	6
and it's the	6
male having some	6
franklin and winchester	6
for a 54	6
for the building	6
driver's license on	6
a caller on	6
back hill if	6
a listed owner	6
on madison at	6
a 2014 black	6
station 2 from	6
a message if	6
and let him	6
it seems to	6
and go back	6
plate in the	6
not being very	6
being very cooperative	6
haven't heard anything	6
vehicles on the	6
go to a	6
in 10 minutes	6
23 will be	6
would be a	6
with john adam	6
just check if	6
0 1 detroit	6
for a 9	6
that was walking	6
had a verbal	6
that's on the	6
coming back as	6
back as a	6
and cannot get	6
can see a	6
the fence in	6
in their backyard	6
able to start	6
in service if	6
we'll take care	6
detroit for the	6
station 1 do	6
george john edward	6
2026 35 year	6
i'm sorry madison	6
have a 3	6
at that location	6
i copy it	6
6 feet tall	6
are we able	6
of vehicle was	6
3 is all	6
and the staff	6
i get you	6
adams out of	6
a code for	6
and 14 are	6
the jail starting	6
jail starting mileage	6
will be turning	6
requesting officers to	6
there's any issues	6
to the school	6
we copy and	6
they are in	6
the information for	6
was that a	6
the southwest really	6
robert tom 6	6
that call and	6
gonna come down	6
she said when	6
said when she	6
where she is	6
11850 edgewater the	6
for ems here	6
and released on	6
the store causing	6
at the rapid	6
the door open	6
and that they	6
group of about	6
and she thought	6
and madison king	6
213 and 211	6
things being thrown	6
will let you	6
detroit room 124	6
orchard grove for	6
6 6 9	6
on 90 westbound	6
mckinley on the	6
a pretty bad	6
be 19 back	6
gray hoodie black	6
gonna see if	6
13 i'll have	6
copy 117 franklin	6
on her porch	6
her in front	6
not could you	6
while he attempts	6
left the house	6
the child was	6
file a report	6
did you go	6
start heading there	6
as well if	6
this is that	6
feels like it's	6
3 is transported	6
she's got the	6
house for the	6
that we got	6
okay we're going	6
car 8 and	6
in at the	6
registered owner if	6
please give me	6
get the traffic	6
of clifton king	6
king nora mary	6
it doesn't appear	6
at her house	6
madison and mckinley	6
you check up	6
to leave his	6
19 madison 117	6
female passed out	6
at the winchester	6
a different car	6
respond to edgewater	6
detroit and spring	6
me to bring	6
come back for	6
he's been having	6
advised that his	6
two black females	6
apartment number was	6
in cleveland the	6
the area in	6
i know we	6
set i'm just	6
the person who	6
i'm right in	6
us to meet	6
companies from engine	6
i sent the	6
there from the	6
be at madison	6
they may have	6
heading towards the	6
we located the	6
with him he	6
in apartment 1	6
the mom and	6
female screaming and	6
73 we're 10-8	6
for number 1	6
on the trip	6
old male the	6
offense caution for	6
for possession of	6
okay in the	6
just flagged me	6
where was that	6
you send medic	6
john ocean frank	6
and that female	6
taylor out of	6
have an id	6
right here you	6
female with copd	6
to 1381 bunts	6
reset the alarm	6
year old husband	6
vehicle with the	6
3 frank adam	6
clifton and hathaway	6
they told her	6
but they didn't	6
19 we're going	6
i'm gonna get	6
into the city	6
to have any	6
and release on	6
she was the	6
in order to	6
start heading his	6
2 to truck	6
lake and gold	6
and gold coast	6
15 i'll head	6
they were sent	6
warren and delaware	6
anything out of	6
make sure she's	6
the in the	6
at walgreens for	6
he's having chest	6
haven't heard from	6
look for him	6
and i tried	6
just pulled in	6
down some wires	6
you give a	6
difficulty walking and	6
old male complaining	6
route to carlisle	6
been parked on	6
franklin and ridgewood	6
talk to somebody	6
a trailer attached	6
the sidewalk on	6
it to our	6
to our car	6
has high blood	6
that can come	6
primary and issue	6
no driver license	6
just called me	6
called me back	6
the female has	6
what they were	6
5 or 6	6
call about a	6
fell last night	6
and he's refusing	6
can head down	6
a call i	6
released from our	6
street from the	6
10-4 and i'm	6
the tow i'll	6
henry x-ray david	6
on that for	6
i'll respond to	6
a regular response	6
disabled in the	6
said they didn't	6
out there's a	6
not blocking the	6
to the stop	6
that they received	6
in place for	6
10-8 we'll head	6
said he ran	6
refused transport at	6
10-4 medic 1	6
they have him	6
east on detroit	6
in the crosswalk	6
6 7 9	6
in this call	6
a white tank	6
tank top and	6
202 for a	6
winter haven in	6
2 responding to	6
tried to open	6
the building it's	6
looking for her	6
just finishing up	6
and that is	6
out from the	6
can go over	6
back to station	6
gonna call back	6
they'll have to	6
first name adam	6
at 11839 edgewater	6
to hold on	6
member of truck	6
caller just wanted	6
move out of	6
george henry x-ray	6
can open this	6
she's a protected	6
i know the	6
me back up	6
301 for a	6
sure if that	6
adam first name	6
a blue or	6
black pickup truck	6
fine we'll be	6
arrival she was	6
have the right	6
been unable to	6
address here in	6
it went to	6
the notes to	6
they came out	6
out to her	6
copy your radio	6
and it's been	6
that medic 3	6
working in the	6
the back in	6
to understand what	6
said she can't	6
detroit the last	6
parma on a	6
for at least	6
information we'll be	6
lakewood park the	6
harm herself she	6
on the premise	6
old female so	6
to talk about	6
the dog and	6
2 i don't	6
we just want	6
just to see	6
front of 12	6
out can you	6
is that in	6
and the south	6
with him here	6
screaming at him	6
and be advised	6
contact info for	6
yes i'm sorry	6
edgewater the waterford	6
and we got	6
west on the	6
engine 3 you're	6
to put his	6
the power went	6
their way out	6
it's right in	6
right in his	6
in his backyard	6
the city hall	6
at this location	6
speak with that	6
here for that	6
11 same traffic	6
that i gave	6
will not be	6
to move along	6
that there's someone	6
she calls back	6
reinstate no wants	6
go for him	6
lobby for a	6
the door they	6
doesn't feel safe	6
just wanted a	6
a black mazda	6
he lives on	6
front of station	6
from her apartment	6
like the last	6
front door and	6
down medic 3	6
the bus and	6
there's a hispanic	6
franklin and 117	6
got on a	6
female that called	6
get any calls	6
of these kids	6
for that complaint	6
you see me	6
and if i	6
9 i'm in	6
of the er	6
name is william	6
wearing a purple	6
he's gonna move	6
a better description	6
of detroit i'll	6
a caution on	6
just gonna wait	6
8 3 3	6
at the wrong	6
from the care	6
11 and 20	6
the owner called	6
it and she	6
no it's added	6
is not running	6
dispatch my 3's	6
she said to	6
he fell at	6
go and check	6
that for him	6
at the base	6
copy there's a	6
not see anything	6
at the hilliard	6
guys need another	6
cars headed to	6
like you said	6
be advised there	6
15 there's no	6
the exterior of	6
female is trying	6
no longer wants	6
you guys available	6
if not you	6
light i'll be	6
shows it expires	6
says the male	6
for a 55	6
doing follow-up at	6
but she thinks	6
area as well	6
you 19c dispatch	6
19c dispatch for	6
parking lot there's	6
fry overlook apartments	6
he was unable	6
put in the	6
and check the	6
male also has	6
scene medic 1	6
medic 2 we'll	6
i didn't have	6
27 i can	6
be waiting by	6
to her or	6
respond to lake	6
detroit the west	6
right before the	6
of birth out	6
birth out of	6
him to your	6
is his name	6
show us tonight	6
no history for	6
detroit room 126	6
conditions are good	6
close to a	6
house north of	6
and 202 are	6
a white hyundai	6
my caller said	6
she just told	6
out with lpd	6
rocky river bridge	6
on the traffic	6
truck 1 just	6
me the public	6
all black with	6
a male from	6
they were looking	6
message if you	6
we had any	6
like we're gonna	6
at burger king	6
was a small	6
i'm gonna clear	6
and female in	6
been arguing for	6
they need you	6
with the medics	6
117 from detroit	6
me the report	6
19 standing by	6
the door the	6
you to plate	6
12500 edgewater apartment	6
has a change	6
no contact with	6
dl for you	6
there's no plate	6
contact with anyone	6
the bed and	6
by the library	6
14567 madison apartment	6
and the mom	6
waiting by the	6
male is still	6
was notified they	6
able to retrieve	6
on the mckinley	6
the mckinley overpass	6
to run it	6
copy from station	6
72 are you	6
maybe you can	6
not i can	6
saw it on	6
first one was	6
no one in	6
the complainant thinks	6
to the dollar	6
see or hear	6
spring garden and	6
a black dodge	6
wanted me to	6
first name charles	6
detroit should be	6
detroit she said	6
copy clifton nicholson	6
the entrance to	6
could just get	6
in he was	6
11701 clifton the	6
covered you can	6
have the ro	6
station at 229	6
was sitting in	6
copy from lakewood	6
pull into the	6
now it's a	6
detroit an employee	6
said she would	6
and they're unable	6
in apartment 2	6
is valid break	6
a black pickup	6
to keep an	6
i was told	6
area that vehicle	6
you i think	6
was just sitting	6
it off and	6
just pulled into	6
who he is	6
tried to break	6
john john robert	6
parking lot henry	6
that's on fire	6
black hooded sweatshirt	6
red shirt and	6
driver's license number	6
1 4300 detroit	6
on your end	6
said his wife	6
on it it's	6
checked okay they	6
in case there's	6
center for a	6
the road with	6
my computer is	6
you i don't	6
area if you	6
advised to complain	6
tell me about	6
line in the	6
on a different	6
to westerly number	6
madison the feeder	6
burger king parking	6
king parking lot	6
king lincoln paul	6
believes that the	6
the plate was	6
shows not on	6
of mayfield heights	6
set with that	6
92 year old	6
you respond for	6
with their hazards	6
their hazards on	6
a female states	6
i'll actually be	6
detail and i	6
18915 detroit apartment	6
need a couple	6
is he still	6
lakewood one stop	6
can clear that	6
at all i	6
the back center	6
more car up	6
you come over	6
if she's still	6
out of cincinnati	6
there for 2	6
2-8 can you	6
number when you	6
of university heights	6
of some type	6
she was coming	6
up there now	6
a commercial burglar	6
possibly broke her	6
add a deal	6
i am 10	6
am 10 8	6
jail with that	6
lakewood park to	6
to meet with	6
213 go ahead	6
is sighted and	6
to the dl	6
out front and	6
13 could you	6
go ahead we've	6
the female got	6
there that was	6
he should have	6
edge on clifton	6
card and a	6
of the structure	6
now we have	6
in there but	6
cad i'll be	6
to tow it	6
advised that a	6
he thought that	6
and 222 can	6
go ahead 10-7	6
hurd for a	6
to push it	6
can log back	6
to lakewood 10-4	6
detroit right now	6
she believes he	6
apartment number 203	6
a motorized wheelchair	6
agent 2 is	6
assist medic 2	6
copy and she	6
2 is transferring	6
out she said	6
you to respond	6
that plate back	6
through new york	6
it's quiet on	6
and she did	6
from the school	6
be aware of	6
1 responds to	6
responds to the	6
lobby medic 1	6
if they're not	6
medic 1 14312	6
westerly apartments building	6
all set yes	6
transport we're back	6
wants break go	6
a whole lot	6
dark brown hair	6
madison from the	6
see or smell	6
or smell any	6
smell any smoke	6
year old child	6
you a dl	6
a dl i	6
repeat that please	6
224 respond to	6
219 and 214	6
need a report	6
214 can i	6
by the bathroom	6
that apartment number	6
from last night	6
go 10-4 thanks	6
of lake road	6
the windows and	6
here so i'm	6
banner guarded the	6
line that is	6
to value world	6
214 and 212	6
we're 10-7 ending	6
ahead kufner's has	6
her vehicle is	6
the basketball courts	6
right now 10-4	6
hold of somebody	6
said they went	6
to 11839 clifton	6
227 respond to	6
the haven apartment	6
have no other	6
like to make	6
back up on	6
meet up with	6
on a dl	6
if you're available	6
the sally port	6
out of lake	6
you get 14	6
that address for	6
ahead kufner says	6
19 i sent	6
to talk with	6
a lot on	6
was just getting	6
that male beginning	6
3 to 4	6
edgewater complainant said	6
he's not allowed	6
said she wasn't	6
at around the	6
madison and alameda	6
juveniles in the	6
you had the	6
warren in lakewood	6
to her mom	6
have that plate	6
john victor william	6
go ahead paul	6
24 traffic go	6
it was sighted	6
show all units	6
for that and	6
vehicle it was	6
and they did	6
both of these	6
an 82 year	6
the richland cafe	6
or if it's	6
a black chrysler	6
the wrong plate	6
go ahead 10-16	6
273 go ahead	6
black hat and	6
the medic unit	6
and detroit a	6
will be waiting	6
white t-shirt and	6
door trying to	6
was trespassed from	6
garage she said	6
clifton apartment 202	6
the madison park	6
a black backpack	6
i know he	6
male came in	6
go ahead they	6
half story wood	6
but i believe	6
set down here	6
you could give	6
park 15424 detroit	6
the baseball field	6
no one's in	6
valid id never	6
id never had	6
there it's a	6
if they know	6
old male 5-8	6
it off for	6
it's the last	6
you just tell	6
of the pool	6
gave me is	6
like it's probably	6
the correct plate	6
arrival there's no	6
212 and 211	6
would be the	6
in apartment 5	6
from her in	6
be madison and	6
it's a 2004	6
lincoln edward sam	6
hung up i	6
got to go	6
that it's not	6
the complaint is	6
try to give	6
you a couple	6
of cleveland it	6
with henry young	6
a baseball cap	6
if there is	6
female that is	6
be a female	6
the solstice steps	6
3 to lakewood	6
under a tree	6
i just found	6
ahead i'm sorry	6
an address for	6
they exchanged information	6
it may have	6
description of this	6
an hour there's	6
on a 117	6
gmc station wagon	6
go ahead no	6
detroit engine 3	6
for rocky river	6
tree down in	6
10 minutes and	6
argument they were	6
there there's no	6
9 do you	6
be up here	6
can see you	6
the alpha side	6
go ahead lincoln	6
1 5 8	6
also advised that	6
they stated that	6
cars be advised	6
in athens with	6
father's day is	6
day is this	6
is this sunday	6
this sunday so	6
sunday so now's	6
so now's the	6
now's the time	6
save on the	6
on the perfect	6
the perfect gift	6
perfect gift at	6
gift at macy's	6
day sale use	6
sale use your	6
and take 25	6
take 25 off	6
25 off great	6
off great gift	6
great gift ideas	6
gift ideas or	6
ideas or shop	6
or shop father's	6
day specials like	6
specials like 50-60	6
like 50-60 off	6
50-60 off designer	6
off designer suits	6
designer suits blazers	6
suits blazers and	6
blazers and pants	6
pants and 40	6
and 40 off	6
40 off belts	6
off belts wallets	6
belts wallets and	6
wallets and travel	6
and travel accessories	6
travel accessories plus	6
accessories plus find	6
plus find watches	6
find watches from	6
watches from citizen	6
seiko and more	6
and more give	6
more give love	6
off regular sale	6
regular sale and	6
his way and	6
12650 detroit the	6
207 are you	6
was knocking on	6
the street they	6
like it expired	6
can just start	6
there or not	6
ahead i don't	6
the park we're	6
and let her	6
over here in	6
19 i'll head	6
just got flagged	6
him a few	6
on a dodge	6
open and the	6
at dollar general	6
they're just going	6
yeah that's fine	6
cart 2 engine	6
that we need	6
be easier to	6
some of her	6
i be able	6
a 45 year	6
black shorts black	6
at days inn	6
king ida william	6
off his bike	6
couldn't tell if	6
on the dog	6
be on madison	6
117 with king	6
an 85 year	6
just leave this	6
219 could you	6
to o'neill 1381	6
on belle and	6
inside for the	6
name is mary	6
no further information	6
outside the door	6
madison and wyandotte	6
a stray dog	6
you get 19	6
by the cleaning	6
with her on	6
back through ohio	6
on this male	6
frank sam david	6
because we have	6
go ahead 1	6
with john walter	6
male sitting in	6
for a group	6
and being loud	6
12 to 3	6
break for dl	6
for a 58	6
10 i'll be	6
a valid permanent	6
lot with the	6
a red buick	6
were there on	6
back hill i	6
okay and they	6
a jean jacket	6
2400 madison apartment	6
he hit a	6
out front with	6
a noise complaint	6
saying he was	6
the upstairs apartment	6
205 and 212	6
male in apartment	6
is a faulty	6
an expired ccw	6
grove for a	6
this female and	6
a red ford	6
the ground but	6
8 and 2	6
emerald necklace marina	6
on her apartment	6
detroit from bunts	6
and blue suspended	6
possibly in his	6
out and take	6
they don't desire	6
me to head	6
to sign up	6
madison number 106	6
7 6 8	6
the staff was	6
number 1 in	6
you send truck	6
she doesn't believe	6
to do anything	6
is now open	6
of her warrant	6
wearing black shorts	6
a red van	6
adam nora edward	6
with john edward	6
on a 07	6
at the rear	6
smoke detector that	6
is a private	6
2 is returning	6
4 to 5	6
on some follow-up	6
you get your	6
giving you a	6
that can stop	6
the floor and	6
outside for a	6
the squad with	6
she was there	6
to her she's	6
the shell gas	6
the manager there	6
you spoke with	6
few phone numbers	6
80 brown and	6
said it's good	6
number to call	6
a middle name	6
could check at	6
have a white	6
have me to	6
old male there	6
aware of the	6
to the commodore	6
for out of	6
cleveland 42 year	6
9 and 2	6
you still there	6
he was talking	6
his way we're	6
go ahead disregard	6
send a message	6
game on 17103	6
on 17103 detroit	6
stop and i	6
there any way	6
back over here	6
208 could you	6
could you print	6
number in a	6
afraid to go	6
her apartment she's	6
working at the	6
13302 detroit for	6
ahead there's a	6
he's valid on	6
the mail at	6
14300 detroit unit	6
medic 3 dispatch	6
5 foot 1	6
by the train	6
was transferred to	6
i just passed	6
send you his	6
car is checking	6
fireworks going off	6
able to handle	6
me primary on	6
responding with traffic	6
was yelling and	6
a older white	6
apartment number 9	6
the area here	6
copy that you	6
summer at macy's	6
at macy's memorial	6
macy's memorial day	6
memorial day sale	6
myself and 2	6
male black male	6
west 117 north	6
able to come	6
sitting out front	6
lane for a	6
212 and 225	6
a few houses	6
got home from	6
1 3 5	6
male fell on	6
clifton apartment 5	6
6 0 1	6
this time but	6
they were arguing	6
at a strong	6
call on clifton	6
you start us	6
go see if	6
john nora adam	6
blocking the street	6
all black and	6
he saw the	6
i said the	6
due to a	6
park 15730 madison	6
can hear what	6
18645 detroit the	6
it's a 2007	6
from the gas	6
are they still	6
with the construction	6
medic is transporting	6
requesting a welfare	6
every time he	6
they've been there	6
buckeye beer engine	6
have been in	6
she asked them	6
of the executive	6
executive house 11839	6
and white striped	6
i'll be a	6
last name mary	6
male he's having	6
toyota rav4 she	6
rav4 she is	6
5 2 1	6
cleveland clinic main	6
4 6 7	6
male she said	6
advised that there	6
building 11 apartment	6
the car the	6
and if they	6
need a female	6
think it's just	6
is right behind	6
drug mart and	6
adam lincoln edward	6
229 and 219	6
there to assist	6
and everything checks	6
a loose dog	6
detroit check for	6
male black shirt	6
0 1 0	6
medic 3 roger	6
respond to 15	6
checking for the	6
the road for	6
george out of	6
dispatch car 8	6
have the report	6
can't get ahold	6
a voice mail	6
1 1 6	6
5 and 2	6
left side of	6
what the issue	6
there's a semi	6
mars for a	6
you hear that	6
and tell them	6
there i can	6
like there was	6
i'm sorry do	6
sorry do you	6
that needs a	6
nothing further attached	6
cove apartment number	6
have a vin	6
number 6 for	6
cove apartments number	6
back on radar	6
211 and 225	6
be transporting 1	6
medic 3 take	6
involved in this	6
they believe that	6
need any of	6
i got flagged	6
you read the	6
with the lights	6
copy your plate	6
no parking spot	6
you start responding	6
copy 15 you	6
at 02 15	6
2 days ago	6
09 03 2002	6
showing on 2	6
male 6 1	6
gonna come back	6
17 just north	6
for a 94	6
a couple 10	6
wanna place a	6
be in 02	6
2 19 traffic	6
0 6 traffic	6
1 copy we're	6
1 4312 detroit	6
ballad no wants	6
19 o 7	6
license valid id	6
1 20 brown	6
can i take	6
4 door expired	6
8 2 8	6
city 10 8	6
you on a	6
a callback and	6
the light pole	6
two's back in	6
4 0 4	6
medic two's in	6
dispatch to parking	6
i 90 east	6
start conference please	6
gonna return to	6
should be also	6
pull me back	6
17th in detroit	6
detroit in 01	6
squad assist for	6
1 2 4	6
20 9 or	6
white male green	6
copy 1 17	6
car mva in	6
assist the female	6
it's valid no	6
0 8 will	6
and 2 08	6
we're gonna clear	6
2 4 6	6
1 17 and	6
8 1 6	6
female she's at	6
a with a	6
out at 20	6
1 respond for	6
you still out	6
in 02 25	6
9 1 1	6
at 02 10	6
an expiration of	6
male 05 10	6
8 1 0	6
20 9 we'll	6
respond to i	6
back in serve	6
17 o 6	6
george king 8	6
engine 20 medic	6
road medic 1	6
the elbur apartment	6
no 1 in	6
104 i just	6
also gonna be	6
of cleveland 09	6
male 5 6	6
25 i'm gonna	6
the 10 16	6
5 5 1	6
1 copy back	6
22 and 229	6
29 to 15	6
birth is 03	6
20 5 i	6
1 you could	6
and 1 of	6
center ridge road	6
it'll be 108	6
be 108 with	6
108 with a	6
you wanna call	6
claims that there's	6
they're gonna move	6
hurd in the	6
medic in service	6
a 3 car	6
of birth 03	6
have that 1	6
of birth 10	6
8 and i'm	6
detroit 1 17	6
90 eastbound east	6
eastbound east of	6
for 20 9	6
you wanna confirm	6
station at 222	6
90 eastbound by	6
1 it's gonna	6
dispatch we're gonna	6
16 o 9	6
is gonna go	6
if not could	6
fire department to	6
20 5 to	6
only no 1	6
a walk through	6
female 5 4	6
copy 10 7	6
en route 2	6
the expiration is	6
gonna be closed	6
16 in the	6
truck 2 copy	6
0 3 are	6
we've been regarded	6
2 is not	6
command from medic	6
it's gonna go	6
gonna be heading	6
2 12 to	6
the feeder manor	6
clear from my	6
25 and 213	6
20 2 2	6
male valid at	6
of birth 08	6
motion alarm 1	6
coming back through	6
engine car 2	6
gonna send you	6
gonna head down	6
is gonna have	6
car is gonna	6
0 west 1	6
2006 19 year	6
17 10 7	6
2 15 can	6
9 we can	6
listing is gonna	6
1 6 3	6
20 9 we're	6
detroit with the	6
the last 2	6
2 parties in	6
17 we're gonna	6
at 02 20	6
1 50 brown	6
with union 8	6
in no parking	6
we get 1	6
sign up for	6
on detroit now	6
the west philly	6
1 6 5	6
just the 1	6
stall any mileage	6
old female 04	6
can i do	6
from the previous	6
west 1 16th	6
of 10 8	6
11 i'm 10	6
20 hour 10	6
medic one's arrived	6
a 20 1	6
dispatch medic three's	6
2 10 4	6
8 5 1	6
9 we're gonna	6
should be wearing	6
william zebra 1	6
3 medic 12	6
2026 chevy traverse	6
up to 4	6
to 4 000	6
4 000 off	6
retired courtesy loan	6
courtesy loan tax	6
loan tax title	6
first payment 299	6
payment 299 dock	6
5 1 2	6
1 1 of	6
2 medic two's	6
madison and elbur	6
medic one's taking	6
with union 9	6
experiences like no	6
like no other	6
that resides in	6
49 a month	6
must trade at	6
trade at 2011	6
at 2011 or	6
dealer and based	6
and based upon	6
available rebates expires	6
4 door 5	6
medic 4 respond	6
on west 1	6
part of nebraska	6
of nebraska medicine	6
part of something	6
of something extraordinary	6
something extraordinary nebraska	6
extraordinary nebraska medicine	6
nebraska medicine how	6
medicine how may	6
how may help	6
may help you	6
help you because	6
you because these	6
because these are	6
are the doors	6
doors that open	6
that open doors	6
open doors how	6
doors how are	6
are you to	6
beyond what you	6
get anywhere else	6
join us at	6
us at nebraskamed	6
2 18 and	6
29 on 108	6
20 4 and	6
sound of claire	6
of claire cooking	6
claire cooking dinner	6
cooking dinner at	6
dinner at home	6
home and that's	6
of a fraud	6
a fraud alert	6
fraud alert from	6
alert from wells	6
from wells fargo	6
wells fargo flagging	6
fargo flagging a	6
flagging a charge	6
a charge for	6
charge for a	6
for a pricey	6
a pricey restaurant	6
pricey restaurant in	6
restaurant in paris	6
in paris considering	6
paris considering claire	6
considering claire isn't	6
claire isn't in	6
isn't in paris	6
in paris right	6
paris right now	6
now that seemed	6
that seemed odd	6
seemed odd to	6
odd to the	6
the bank and	6
bank and to	6
and to claire	6
to claire 2	6
claire 2 taps	6
2 taps later	6
taps later claire	6
later claire says	6
claire says nope	6
says nope to	6
nope to the	6
to the charge	6
the charge and	6
charge and wells	6
and wells fargo	6
fargo is on	6
the case however	6
case however you	6
with that wells	6
that wells fargo	6
to a small	6
fuel saver for	6
saver for every	6
for every 60	6
saturday and sunday	6
17 and 219	6
20 6 10	6
you issue us	5
court for a	5
i get one	5
george john sam	5
able to break	5
caller come out	5
is it possible	5
you could do	5
have her call	5
and talked to	5
can you break	5
copy you're on	5
the car but	5
on the freeway	5
the call back	5
male with the	5
outside for you	5
just asking for	5
have this female	5
was just talking	5
or you want	5
he and his	5
tom robert adam	5
adam victor ida	5
king lincoln mary	5
copy that call	5
showing out of	5
we have her	5
squad to lakewood	5
little bit i	5
madison and wagar	5
a person in	5
that i got	5
to be late	5
have all the	5
appear for larceny	5
violent tendencies break	5
cautions for dv	5
male calling for	5
for his friend	5
respond to 1250	5
it was out	5
you guys i'll	5
attempt a lockout	5
and franklin john	5
light it up	5
it up here	5
for a passenger	5
the way they	5
17 for a	5
you just had	5
i'll be sitting	5
oh i'm sorry	5
copy i'll let	5
203 can i	5
be 10-8 you	5
those vehicles will	5
20 i'm going	5
we see if	5
running on the	5
over there at	5
i'm back to	5
cleveland so the	5
white mazda station	5
i'm over here	5
making our way	5
and 22 you	5
gonna clear from	5
says that his	5
11 i'm 10-8	5
from here if	5
all set sir	5
20 will be	5
our arrival the	5
apartments 17540 madison	5
was going off	5
from the top	5
who is the	5
we were looking	5
she's talking to	5
to me now	5
just yelling at	5
leave the house	5
be the downstairs	5
and you guys	5
got a ride	5
her way we'll	5
for another car	5
can cancel the	5
and felony drugs	5
213 and 217	5
and then at	5
you just stop	5
217 if you	5
2 are on	5
of the jeep	5
get him i	5
complaint on the	5
the complainant can	5
211 and 202	5
says she doesn't	5
to 11 and	5
cars to go	5
line for the	5
up there i'll	5
10-4 i think	5
is closed for	5
apartments 1277 cove	5
cove car 2	5
in service there	5
18 is all	5
lakewood heights at	5
a lyft driver	5
by one of	5
having back pain	5
out at o'neill	5
meter we're back	5
parking lot that's	5
to you for	5
can disregard i'm	5
4 medic 2	5
3 from medic	5
henry mike george	5
a and beale	5
there's no visible	5
coming in from	5
that plate for	5
the residence there	5
i copy medicine	5
we're 10-7 on	5
218 radio check	5
the oic office	5
the last 30	5
the 1st district	5
of madison for	5
on a complaint	5
of the apartments	5
tried to make	5
the owner at	5
no answer i	5
by one second	5
1346 cove up	5
in a grey	5
she's requesting we	5
co detector sounding	5
advised him that	5
had to get	5
get it for	5
check the other	5
i can't even	5
a call we'll	5
to be detroit	5
to be victor	5
here in just	5
i'll have her	5
of detroit henry	5
set with him	5
the animal hospital	5
210 medic 3	5
from a vehicle	5
there i'll get	5
male's going to	5
on the cover	5
address he said	5
newman apartment number	5
the parties were	5
the correct one	5
where are they	5
think you guys	5
minutes ago she	5
guys could speak	5
have a last	5
transporting a juvenile	5
9-1-1 i'll be	5
10-4 22 you	5
and i covered	5
patio bar 15615	5
bar 15615 madison	5
said he wasn't	5
front of mr	5
just want the	5
advised of trespass	5
and not to	5
put his hands	5
his hands on	5
she came to	5
up a male	5
mary adam nora	5
female is advised	5
13 st charles	5
medic on the	5
able to secure	5
go we're good	5
to re-secure the	5
water leaking from	5
leaking from the	5
it's from the	5
that vehicle i'm	5
i'm 10-8 can	5
please and see	5
mckinley and south	5
a grey toyota	5
of the registered	5
up for me	5
thank you to	5
you to do	5
no wants i'm	5
secure the door	5
have a 19	5
and release due	5
dispatch mike 2's	5
of the odor	5
and warren for	5
guys still all	5
there just to	5
will call back	5
for manpower please	5
13 will be	5
iii out of	5
said you could	5
the lake erie	5
2 it looks	5
a black subaru	5
gonna be utl	5
you could still	5
a temporary permit	5
the check i'll	5
john nick mike	5
henry ocean adam	5
i believe she's	5
lake medic 2	5
copy that's a	5
to this vehicle	5
owner arrived on	5
2 close to	5
try the other	5
clifton from webb	5
the suspect's vehicle	5
the line with	5
with us and	5
don't see that	5
alright you can	5
a severe alcoholic	5
just needs to	5
of the carlisle	5
was moved prior	5
you go with	5
on it i'm	5
plate for unit	5
the door no	5
to be home	5
violation i'll be	5
answer any of	5
to go off	5
215 i copy	5
king henry boy	5
a silent panic	5
there for 3	5
breathing 1381 bunts	5
bunts medic 1	5
2's gonna be	5
okay are you	5
responded to the	5
no i think	5
i'll give them	5
up here just	5
returning with 3	5
at the east	5
if not i'll	5
you just got	5
car so i	5
could i have	5
about an incident	5
incident that happened	5
to report it	5
a little confused	5
okay i'm sorry	5
spring garden with	5
threatened to shoot	5
at a north	5
cleveland 23 year	5
he was detained	5
thinks he has	5
he has frostbite	5
to turn on	5
i'm on site	5
anybody have a	5
you coming from	5
southbound from there	5
caller is saying	5
she just saw	5
the owner just	5
one as well	5
i ran that	5
if one of	5
out on her	5
them right now	5
you guys make	5
warrant for the	5
male no wants	5
very loud and	5
the female and	5
drive services llc	5
call and let	5
ed we'll be	5
20 we're 10-8	5
in her bedroom	5
that female checks	5
the noise is	5
to respond out	5
to haven 1341	5
now until we	5
know what we	5
male says he's	5
that live there	5
his wife is	5
told me he	5
the driveway but	5
copy i'm not	5
they only have	5
the lakewood family	5
in the van	5
sure you're all	5
good we'll be	5
john king frank	5
my partner's on	5
you let us	5
to be moving	5
over the weekend	5
of her and	5
not answering and	5
apartment door and	5
alger and lakewood	5
complaintant said he	5
checked the residence	5
and he's unable	5
dispatch i'm at	5
14300 detroit to	5
said they can	5
yelling for help	5
we copy from	5
1480 warren road	5
he's at his	5
and thank you	5
hang on a	5
a minute please	5
we're 10-8 with	5
on route to	5
a second floor	5
to a party	5
a party on	5
1's in the	5
westerly 143 12	5
15322 detroit for	5
room smoke detector	5
the fire was	5
ahold of somebody	5
we're 10-8 i	5
a two-car mva	5
9 i got	5
3 211 and	5
and 15 if	5
just gonna go	5
618 medic 3	5
11 and 15	5
so this is	5
squad assist 10-8	5
complaint they're going	5
at the winton	5
them that she	5
arriving at the	5
all companies returning	5
service with a	5
ida adam last	5
her she's not	5
have to move	5
5 i can	5
roof of the	5
is currently in	5
out we have	5
not look like	5
look like anyone's	5
but it does	5
like it's in	5
1 you're gonna	5
sure that they	5
going to say	5
please start a	5
we'll be here	5
calling the police	5
i guess we	5
car or do	5
cleveland's on the	5
car 2 did	5
sounds like we	5
from car 1	5
and go ahead	5
we might need	5
more than a	5
we're on detroit	5
the majority of	5
222 and 218	5
of 117th and	5
look like there's	5
get a read	5
2-car mva minor	5
for a 50	5
set or do	5
at it and	5
says i'll be	5
lake the morningside	5
you check our	5
there and said	5
come outside and	5
he's en route	5
to assist on	5
i'll be getting	5
dropped him off	5
29 years old	5
i came from	5
portion of the	5
the mva and	5
the plate and	5
to be utlgoa	5
are arguing and	5
did you find	5
no i didn't	5
madison and morrison	5
10-4 it looks	5
give the caller	5
the caller a	5
think i have	5
a female down	5
have anything further	5
name is john	5
that hit a	5
can be a	5
on foot in	5
10-4 is that	5
was that the	5
two members of	5
not there right	5
the knox box	5
to check at	5
shooting off fireworks	5
through the front	5
was the apartment	5
a sober party	5
you change this	5
the er and	5
was by the	5
come back down	5
can head back	5
called again and	5
what i was	5
trying to tell	5
can have your	5
about to start	5
type of description	5
all set tonight	5
their parking lot	5
the station please	5
check an area	5
regards to this	5
road if you	5
transporting one male	5
one male to	5
be there for	5
and believes that	5
that she might	5
was calling for	5
get him you	5
got a protection	5
43 years old	5
here to the	5
no i should	5
over here please	5
get a direction	5
transferred to the	5
a party there	5
is clear we'll	5
to tell her	5
the unit number	5
if she wants	5
that's what we're	5
and she wanted	5
have access to	5
respond to 2117	5
medical alert pendant	5
back to cancel	5
female who's been	5
property we're 10-8	5
6 we'll be	5
madison third party	5
he doesn't believe	5
they went to	5
went to a	5
service they can	5
back here i	5
hung up with	5
has to go	5
2062 robin for	5
suv blocking the	5
215 can i	5
copy lakewood heights	5
be john tom	5
on the next	5
21 10-7 lunch	5
get you that	5
that license plate	5
1's in route	5
female that she	5
from here in	5
here but i	5
appear for disorderly	5
another car up	5
for about 10	5
check the premise	5
him through the	5
her keys and	5
on i don't	5
party on the	5
of the suspect	5
as well he	5
he was actually	5
with our department	5
appear on disorderly	5
in for his	5
a female walking	5
to the kirtland	5
on franklin just	5
of warren king	5
car is that	5
both vehicles are	5
have both vehicles	5
warren for an	5
he said when	5
on his right	5
locked herself in	5
key to get	5
229 and 211	5
for a burg	5
a burg alarm	5
check secure we're	5
217 and 218	5
expires 47 year	5
came out with	5
217 i didn't	5
a ds when	5
22 years old	5
permit is valid	5
of 85 40	5
lakewood just north	5
26 25 year	5
211 and 229	5
they're not answering	5
find out if	5
10-4 sounds like	5
he is currently	5
from orchard grove	5
orchard grove in	5
and got into	5
southbound on woodward	5
also head to	5
going on in	5
other cars are	5
she says that	5
and didn't want	5
need to have	5
notes added we're	5
have a list	5
211 and 215	5
not 100 sure	5
sure which apartment	5
he's also on	5
any history with	5
to remain in	5
there's an alarm	5
we try to	5
attempted to make	5
detroit speak to	5
brookfield manor apartments	5
that her mom	5
and threatened to	5
that she doesn't	5
that he can't	5
the last exit	5
me on lunch	5
the bathroom and	5
and the front	5
he did say	5
the front entrance	5
we got in	5
just took a	5
trying to walk	5
to walk out	5
i copy 25	5
to her in	5
berea with john	5
set up at	5
i won't be	5
set on 10-8	5
could send a	5
neighborhood family practice	5
she lost her	5
in a maroon	5
going to copy	5
get back into	5
thanks for all	5
that he said	5
no damage id	5
of delaware and	5
clifton king ocean	5
me a plate	5
hazard found on	5
his way out	5
owner moved it	5
of his vehicle	5
she thinks he	5
a female hit	5
jail order from	5
coming down here	5
15 that vehicle	5
the er with	5
they'd like us	5
to check his	5
call me i	5
you a code	5
call at 120-400	5
at 120-400 madison	5
door and there	5
any medical assistance	5
some notes you	5
she's running out	5
have a public	5
to that same	5
to the basement	5
if it is	5
there's a party	5
a party in	5
was just calling	5
by with a	5
out going to	5
i asked you	5
franklin gas king	5
28 you can	5
and i'm en	5
for a 29	5
at 144-01 detroit	5
with chest pain	5
arriving for review	5
from the water	5
a waterline break	5
we checked in	5
the intersection and	5
to see what's	5
203 are you	5
arrest for drug	5
drug possession drug	5
i'm on 19	5
medical 1 to	5
she made it	5
it's the only	5
her medical alarm	5
when i run	5
of the party	5
phone number it	5
was just letting	5
of the ymca	5
from this one	5
been following him	5
black black valid	5
says they have	5
a vehicle break	5
elmwood and detroit	5
1-b is clear	5
into a telephone	5
10-4 be advised	5
hour follow up	5
cleaned up some	5
up some debris	5
yeah it's the	5
has a fever	5
returning medic 2	5
10-4 26 you	5
back of my	5
out of northfield	5
new jersey plate	5
gonna be david	5
the caller's info	5
the exact address	5
on that as	5
hasn't heard anything	5
thanks i'll be	5
verified engine 3	5
a 2018 black	5
kind of hard	5
of hard to	5
from his apartment	5
dispatch mac 3's	5
king sam charles	5
also i'll be	5
you run an	5
couldn't copy that	5
to be george	5
10-4 it sounds	5
i was driving	5
didn't know where	5
was it was	5
any more info	5
they give you	5
sort of a	5
disregard this is	5
tracks i'll be	5
the neighborhood officers	5
complete medic 3	5
that is valid	5
for dci starting	5
dci starting mileage	5
around clifton and	5
check okay here	5
a baseball hat	5
detroit employee said	5
madison code 3	5
was a dispute	5
to 15 are	5
northbound on 117th	5
that the car	5
i'm all in	5
of cleveland 25	5
have a cch	5
that's the registered	5
ask him what	5
at 19 for	5
that's all right	5
verbal argument that	5
with his parents	5
on it please	5
half in the	5
want to respond	5
that last name	5
if it's going	5
going to work	5
the lakewood ed	5
they're not going	5
but i'll call	5
as they can	5
to the district	5
can let them	5
the state park	5
24 i'm at	5
26 valid no	5
the list for	5
the plate you	5
to a honda	5
of the train	5
vehicle with a	5
old male date	5
ida nora sam	5
that are going	5
welcome back to	5
she's been on	5
upstairs medic 2	5
16 what's your	5
a blue mazda	5
white vehicle that's	5
ahead i was	5
female there that	5
has some kind	5
dealt with them	5
up going to	5
the number to	5
not start kufner	5
having stomach pain	5
9 4 8	5
wants has a	5
suspended ccw permit	5
mom said he's	5
said they've been	5
for the listed	5
mva one should	5
set and i'll	5
20 of 26	5
thing out of	5
toyota camry expires	5
like you guys	5
her she's at	5
of vehicle is	5
have a notice	5
the owner lives	5
his phone or	5
to see where	5
24 did you	5
causing a hazard	5
i'm here now	5
speak with this	5
within 3 feet	5
feet of the	5
of burger king	5
madison and halstead	5
at her door	5
she said his	5
there looks like	5
we advised him	5
in apartment 3	5
don't think we	5
and he got	5
william david lincoln	5
a ds attached	5
with a green	5
2026 44 year	5
loud music coming	5
we're having a	5
just talk to	5
in she said	5
on the trail	5
33 valid no	5
29 on the	5
can't tell me	5
her she's in	5
out he was	5
volkswagen station wagon	5
15 and 22	5
was arrested for	5
10-16 on an	5
and said it's	5
a place to	5
the light madison	5
apartment number 301	5
301 medic 3	5
a vehicle for	5
edwards with king	5
a suspended permit	5
respond back over	5
sure they're all	5
you've been disregard	5
civil issue between	5
between her and	5
7 5 7	5
and marlowe with	5
29 clifton and	5
be king frank	5
vehicle's going to	5
right across from	5
we're with him	5
plate can you	5
10-8 he's all	5
jail ending mileage	5
ix number to	5
that party was	5
henry ocean king	5
the garage is	5
can find anything	5
went to voicemail	5
your cross street	5
cross street on	5
10-4 3 you	5
and that's a	5
and she's saying	5
the two of	5
copy i'm checking	5
in open container	5
answering the phone	5
throwing up and	5
and is very	5
23 is out	5
29 copy thank	5
warrant with us	5
is set up	5
the back up	5
160 black brown	5
11 do we	5
area everything checks	5
either of them	5
27 do you	5
or i can	5
john henry queen	5
out of strongville	5
the 117th and	5
a few things	5
charles henry edward	5
westbound at 117th	5
coming back i	5
of cleveland 2017	5
know i'm not	5
it at all	5
on it was	5
and myself and	5
west of there	5
she said now	5
1 that was	5
guys need any	5
need any more	5
off in a	5
with two males	5
the direction of	5
try name and	5
robert ida sam	5
sam sam adam	5
has any vehicles	5
when the call	5
amount of time	5
that vehicle hit	5
vehicle hit a	5
of the ohio	5
can hear people	5
he's having an	5
edward nora david	5
i'll just go	5
nobody answered the	5
we need someone	5
talking to his	5
just let the	5
the hospital staff	5
information for the	5
they can just	5
so i'll send	5
having abdominal pain	5
you can access	5
we've had a	5
122 23 madison	5
can i try	5
call back to	5
i'll look for	5
for a truck	5
she said she'd	5
king david john	5
look for the	5
i'm clear for	5
25 who's that	5
you'll have to	5
to do 19	5
the resident is	5
i can pick	5
it up at	5
i think your	5
up the slide	5
have two 10-16s	5
for family offense	5
to check with	5
they said to	5
gonna check on	5
send him on	5
inside of her	5
just tried to	5
of the drive	5
they're gonna advise	5
him to get	5
get in and	5
disregard the owner	5
the owner showed	5
lakewood north of	5
to have his	5
his head and	5
in an argument	5
215 go ahead	5
warren south madison	5
for a 17	5
she's having severe	5
warren in athens	5
said she went	5
enbridge respond to	5
and i'll also	5
be around the	5
was advised we	5
2 remain on	5
16 we're 10-7	5
we've been released	5
been released by	5
truck 1 205	5
we're gonna respond	5
and just make	5
far right lane	5
2 we have	5
117th i'm going	5
with a ford	5
2's arriving on	5
damage on the	5
10-4 is it	5
have me on	5
the one you	5
assign a report	5
i'm sorry are	5
in about 5	5
his face and	5
number and a	5
medic 3 arriving	5
2 copy we're	5
copy we're back	5
get the car	5
car out of	5
and name and	5
i couldn't see	5
doing some follow-up	5
home at this	5
this time we'll	5
time we'll be	5
and lincoln i'll	5
was advised she	5
i can hit	5
a female yelling	5
a firearm in	5
verbal argument parties	5
no threats were	5
24 10-7 10-8	5
madison just east	5
george queen king	5
think it's coming	5
a third car	5
10-4 there's a	5
adam mary adam	5
advised we have	5
ida nora george	5
here and we'll	5
kufner i'll be	5
with a tow	5
11850 edgewater number	5
apartment for a	5
quite on arrival	5
make my way	5
as the vehicle	5
any more calls	5
female a ride	5
can probably clear	5
216 and 224	5
the detroit and	5
me when i	5
got all the	5
virginia listing tom	5
us when you	5
brown black 4	5
narcotic equipment possession	5
is complaining that	5
out on clearance	5
any history for	5
the waterford number	5
plates in the	5
get to a	5
lake road for	5
said he'd be	5
sure i got	5
got it right	5
moved we're 10-8	5
a wire in	5
and woodward with	5
to service thank	5
boulevard for a	5
federal 14806 detroit	5
14806 detroit for	5
off car 2	5
is the squad	5
only no injuries	5
ida lincoln adam	5
young sam henry	5
sloan and kenilworth	5
and kenilworth with	5
detroit a resident	5
the street called	5
lot right now	5
24 we're 10-8	5
the fedor 120-400	5
fedor 120-400 madison	5
is there with	5
216 we'll be	5
hear me at	5
me at 21	5
apartment number 710	5
dispatch from cart	5
with this address	5
25 i'll take	5
vehicle at the	5
reached out to	5
side of cleveland	5
9-3 i copy	5
medical attention we'll	5
attention we'll be	5
90 brown and	5
21 we're 10-8	5
take it up	5
it up for	5
that they're gonna	5
they're gonna take	5
has a broken	5
david young victor	5
head there before	5
old male wife	5
to 14819 clifton	5
the car so	5
i agree with	5
out on scene	5
of in the	5
will be investigated	5
thanks for joining	5
that's just the	5
go get the	5
for several days	5
it he said	5
notes added i'll	5
took a picture	5
picture of her	5
she's unsure if	5
the neighbor called	5
large amount of	5
at the tracks	5
to him in	5
there may be	5
he's wearing all	5
for bed bugs	5
him added to	5
on lake just	5
for a grey	5
copy we can	5
belle and marlowe	5
male possibly having	5
edgewater there's a	5
street at the	5
against him the	5
her and said	5
the chain is	5
the female we're	5
call on detroit	5
male 5'10 190	5
190 brown and	5
green not valid	5
been having issues	5
it is it	5
at the fairview	5
may i get	5
going to apartment	5
her thank you	5
on the table	5
a 75-year-old female	5
of 96 29	5
96 29 year	5
responding to a	5
apartment 314 medic	5
king edward charles	5
yeah i'm out	5
and 213 can	5
was going eastbound	5
westbound in the	5
in the eastbound	5
were out here	5
do we want	5
me i don't	5
is that male	5
i lost him	5
caller is at	5
somebody on the	5
the building or	5
caller he said	5
to him he	5
he thinks it	5
if anybody has	5
son of a	5
everything in the	5
the area where	5
with a flashlight	5
have any phone	5
do i need	5
hard to tell	5
any history here	5
george ida sam	5
to find his	5
history with him	5
no longer lives	5
swing back around	5
he's coming down	5
can get back	5
the car a	5
detroit employee called	5
to call an	5
in the business	5
lakewood if you	5
please add him	5
with paul nora	5
complainant is a	5
is the female	5
son he said	5
no i'm good	5
back you up	5
check 90 westbound	5
motorist called said	5
want to assist	5
with a john	5
said for the	5
he told her	5
and now she	5
want to harm	5
kind of assistance	5
the male does	5
for the 24-hour	5
and madison on	5
that vehicle's been	5
unit up here	5
251 can you	5
lincoln edward nick	5
david edward nick	5
on a firearm	5
came back on	5
hit on a	5
engine 3's arriving	5
vehicle and a	5
when i come	5
all be clear	5
on the 19	5
the 19 with	5
resident calls there's	5
in a truck	5
for a copy	5
i'm sorry to	5
i'll see what	5
of the company	5
assist the squad	5
note to the	5
olive for a	5
haven at lakewood	5
at signature health	5
george robert edward	5
off the property	5
the trespass list	5
show us a	5
just passed out	5
fairview engine 3's	5
4 i copy	5
and asked him	5
by a dog	5
i advised the	5
well in the	5
suffers from schizophrenia	5
are they at	5
you send an	5
year old sister	5
make sure to	5
location is going	5
a tree that	5
the process of	5
be the right	5
the right address	5
the door with	5
this thing is	5
on the northwest	5
truck and a	5
lake speak with	5
a while and	5
familiar with this	5
get with the	5
which is a	5
10-4 this is	5
there for two	5
worried about the	5
wrong with her	5
of cleveland 27	5
10-4 21 disregard	5
possibly a consumer	5
a consumer she	5
no she did	5
to go talk	5
i'll just check	5
didn't see a	5
area of hilliard	5
put her in	5
now so you	5
he thought he	5
now in a	5
they still have	5
him up on	5
the phone sounds	5
phone sounds like	5
that back can	5
pulled into a	5
lakewood heights west	5
of 117th king	5
the street right	5
go ahead to	5
up with this	5
a separate can	5
i'm waiting on	5
21 i'll get	5
of those males	5
16 what's the	5
of the tow	5
10-4 i'll send	5
217 i have	5
to assist you	5
detroit and brockley	5
a crash notification	5
that was driving	5
was just having	5
i'll be talking	5
you check detroit	5
120 15 clifton	5
pedestrian struck by	5
lakewood engine 3	5
if it looks	5
a cleveland accident	5
light at clifton	5
call on it	5
on it so	5
wanting to know	5
but i'll check	5
henry queen king	5
it we got	5
flash if you	5
in his blue	5
of athens king	5
having a reaction	5
a reaction to	5
station 3 to	5
john yesterday x-ray	5
103 for a	5
didn't show up	5
up for work	5
17 could you	5
copies we're back	5
medical on the	5
a bike madison	5
for a party	5
with a 10	5
be on him	5
228 are you	5
dispatch mac 1	5
and lakeland with	5
henry x-ray frank	5
21 i'm all	5
on my phone	5
medic 3 son	5
3 son of	5
o'neill health center	5
vehicles are parked	5
are parked in	5
up i'm going	5
he couldn't tell	5
haven't seen or	5
able to be	5
madison king george	5
are we all	5
10-16 that's out	5
anything back from	5
the complainant's driveway	5
205 i copy	5
and handle the	5
we've got him	5
there's anything i	5
of that parking	5
22 this is	5
17 traffic 24	5
from the traffic	5
22 on the	5
a florida dl	5
trying to drive	5
have a ticket	5
franklin go ahead	5
no longer allowed	5
repeat the plate	5
of birth and	5
robert edward lincoln	5
paraphernalia i'll be	5
be standing behind	5
standing behind the	5
behind the back	5
is king edward	5
in the restaurant	5
that one i	5
so i see	5
on it too	5
we might be	5
warrant we'll be	5
my stop and	5
and cove king	5
i'm with a	5
mars in detroit	5
have your partner	5
want to do	5
stay with her	5
to take this	5
her face is	5
i copy yeah	5
10-8 back in	5
calling in to	5
at a parma	5
her neighbor is	5
that the people	5
28 we're 10-8	5
and he's worried	5
into the road	5
a white acura	5
the alger overpass	5
you could take	5
in service dispatch	5
the numbers for	5
thank you dispatch	5
call when you	5
24 copy thank	5
route to clifton	5
is engine 3	5
3 if you're	5
llc on a	5
sleeping in his	5
was evaluated refuse	5
this is sergeant	5
hasn't moved in	5
we checked on	5
attempt to find	5
you're back in	5
for a 80	5
want them back	5
i'm sorry where	5
could you notify	5
in a fire	5
20-4 i'm 10-8	5
on warren just	5
x number please	5
madison and grace	5
please get the	5
get the dl	5
25 and 229	5
detroit and the	5
said her daughter	5
area over here	5
i was coming	5
if they went	5
going to use	5
here and see	5
5 if you	5
said at the	5
tell me was	5
25 valid no	5
had a parked	5
henry henry charlie	5
station do you	5
female shortness of	5
a registered owner	5
at all please	5
with new york	5
a silver hyundai	5
does this list	5
get him franklin	5
to the homeowner	5
is truck 1	5
29 all set	5
give you 21	5
of athens with	5
be a consumer	5
we'll be around	5
didn't find anything	5
and 16 are	5
over here i	5
26 can i	5
13 i'm 10-7	5
grace with king	5
in the list	5
call in the	5
4 6 2	5
hey you can	5
10-4 what's the	5
yeah i do	5
anybody at the	5
this way for	5
the area it	5
would meet you	5
called i guess	5
called mobile crisis	5
his way down	5
they're pulling up	5
any cars in	5
that male voluntarily	5
medic can you	5
looks back to	5
attached to that	5
ahead i'm on	5
thinks it's a	5
q19 for a	5
resident called about	5
the city with	5
detroit and ridgewood	5
bed 1 medic	5
13 stall door	5
a room number	5
can just bring	5
is a working	5
that was left	5
and out at	5
service in the	5
warren and emily	5
for property inbound	5
205 and 213	5
responding back to	5
city for a	5
clifton can you	5
companies from car	5
medic 3 car	5
guys can get	5
can just use	5
202 you can	5
car parked in	5
to 11849 clifton	5
if it's not	5
the key is	5
up thank you	5
home health care	5
health care nurse	5
in a chair	5
to the touch	5
13 i got	5
respond here for	5
black male about	5
a giant eagle	5
giant eagle and	5
225 black and	5
supervised release status	5
and brown she	5
you hear the	5
was concerned because	5
to my phone	5
she lives there	5
you're talking about	5
george x-ray king	5
cleveland 43 year	5
7 7 9	5
3 will take	5
one more unit	5
here not an	5
6 i can	5
we made entry	5
from the day's	5
a squad on	5
king mike zebra	5
of the meridian	5
on the roadway	5
the building check	5
vehicle moved prior	5
front of barrio	5
sparks coming from	5
you notify cei	5
miles out of	5
he said he'd	5
if you try	5
now for the	5
difficulty breathing 1346	5
you guys with	5
property from the	5
set will be	5
us back to	5
that someone might	5
of akron on	5
akron on a	5
white suv that's	5
she's having issues	5
copy from 117th	5
205 you can	5
female does not	5
waiting outside for	5
another male in	5
copy detroit 117	5
with the parties	5
it was already	5
flagged over by	5
can make a	5
madison i have	5
refused any medical	5
options will be	5
argument between both	5
brown brown suspended	5
lives there he	5
to be behind	5
when you bet	5
you bet on	5
i know where	5
from now on	5
download the app	5
and see why	5
why it's never	5
it's never ordinary	5
never ordinary at	5
gambling problems call	5
problems call 1-800-bets-off	5
call 1-800-bets-off 21-plus	5
1-800-bets-off 21-plus only	5
21-plus only must	5
be stopping king	5
detroit from the	5
dispatch minute 2's	5
i'll give her	5
right now they	5
on the lakeland	5
a 2010 black	5
be a negative	5
with king harry	5
valid no harm	5
nora tom edward	5
alarm company and	5
and 211 can	5
11 i'll get	5
john x-ray x-ray	5
24-hour check at	5
out of breath	5
yeah we got	5
is out lakewood	5
parking permission on	5
10-16s on a	5
county for a	5
for that warrant	5
lakewood on a	5
heading to madison	5
i asked him	5
back to uh	5
able to head	5
they look like	5
through the park	5
get them back	5
up and get	5
time did this	5
think he has	5
him up to	5
cove apartment 10	5
1292 cove number	5
lakewood emergency room	5
apartment 924 for	5
a female locked	5
with henry ocean	5
on the cove	5
lake engine 3	5
for a side	5
3 to lakeshore	5
new life church	5
can assist a	5
there any issues	5
i found one	5
haven 1341 marlow	5
says that they	5
and print it	5
on scene they	5
to know how	5
the past week	5
and screaming and	5
medic 2 that	5
may have went	5
as well i'm	5
in any way	5
minutes if you	5
you'd like to	5
of the location	5
dispatch we're on	5
is to the	5
respond to 1415	5
will be cleared	5
16 i'm going	5
the driver to	5
stated that the	5
call to see	5
and if so	5
the north coast	5
can get out	5
10-8 i need	5
good to see	5
513 medic 3	5
clifton king john	5
no wants shows	5
added my passenger	5
of north carolina	5
1 son of	5
is a problem	5
scene go ahead	5
out standing by	5
on scene all	5
in service command's	5
service command's terminated	5
and the male's	5
box in the	5
and madison that	5
12 we have	5
have the station	5
detroit with henry	5
17 car 0	5
her license plate	5
because she was	5
that's been going	5
221 and 217	5
to the edgewater	5
detroit and elber	5
go ahead 10-4	5
lewis i'll be	5
with henry mary	5
hit a car	5
going to terminate	5
the plate's going	5
see it on	5
was just saying	5
not see that	5
that car in	5
signs of any	5
clifton just south	5
out of chicago	5
the rest for	5
received a 911	5
a female arguing	5
john mary henry	5
en route fairview	5
a 15 year	5
no answer we'll	5
give the complainant	5
tried to reach	5
we're in detroit	5
you were calling	5
to put her	5
there's nobody at	5
ran into a	5
why don't we	5
this one is	5
out i'm on	5
here at this	5
days ago and	5
medic 3 station	5
here myself and	5
15 i'm in	5
matching the description	5
the area or	5
lakewood car 2	5
found on the	5
valid id he	5
hear me 21	5
i said to	5
he attempted to	5
vehicle and i'll	5
lake on a	5
117th in the	5
of that apartment	5
do not i	5
corner for a	5
lockout on a	5
he spoke to	5
marks parking lot	5
14861 detroit for	5
warren and clifton	5
clifton i can	5
the time i	5
on him he	5
to 13202 hazelwood	5
with this juvenile	5
for starting mileage	5
131 23 detroit	5
pain all over	5
female pressed her	5
her medical pendant	5
one to metro	5
advised on trespassing	5
can add him	5
out on cove	5
assist only patient	5
transport release obtained	5
burger king on	5
a hispanic female	5
verbal argument the	5
it's the downstairs	5
have you run	5
and that's going	5
respond up here	5
can i also	5
the frye overlook	5
when we arrived	5
to that one	5
here just a	5
a squad at	5
note on the	5
the squad know	5
advised the male	5
jail to assist	5
ride with the	5
be right in	5
unknown if there's	5
10-4 could you	5
12 i'm gonna	5
go ahead 2	5
over here with	5
need anything up	5
what you said	5
we'll be good	5
need anything else	5
starting mileage 2	5
call me real	5
real quick please	5
22 i'm in	5
mcdonald's on 117th	5
also on scene	5
be outside here	5
me down and	5
did not receive	5
east and pick	5
of this address	5
park it's a	5
it's a 2010	5
to it is	5
you stop and	5
gained i'll be	5
she's locked out	5
male they need	5
to the person	5
and i had	5
says she's in	5
all we have	5
belle suite 300	5
on arrival spoke	5
arrival spoke to	5
if you did	5
on a dark	5
10-16 with caution	5
station with that	5
not you can	5
to the watch	5
2026 43 year	5
she fell she	5
the complainant's in	5
17 and 29	5
the at t	5
think i saw	5
have you been	5
it out with	5
cars have been	5
black and blue	5
to the trust	5
the street or	5
117 medic 3	5
old male in	5
dealt with her	5
officers are en	5
250 black and	5
a probation violation	5
211 i have	5
his phone and	5
with engine 3	5
brown medic 1	5
1 copy you	5
go to madison	5
wants to commit	5
fairview truck 1's	5
to them and	5
we're arriving at	5
she can get	5
medic 1's returning	5
1's returning to	5
and dispatch to	5
lakewood park i	5
gambling problem call	5
21 plus only	5
plus only must	5
be on this	5
be the caller	5
bonnevue for a	5
at the city	5
pulling up right	5
step outside and	5
you talk to	5
and he believes	5
madison i'll get	5
9 6 6	5
all be out	5
the pursuit immediately	5
to notify the	5
but i couldn't	5
issues with him	5
possibly in the	5
male and he	5
return back to	5
you the code	5
and her car	5
he has multiple	5
transport to county	5
and madison and	5
work at the	5
id verified we're	5
side of franklin	5
that plate again	5
patient and one	5
117th for an	5
seems to have	5
have the name	5
copy and name	5
show us back	5
it i have	5
car into the	5
flag me down	5
until i get	5
i get there	5
the people are	5
be a red	5
run number for	5
for the unit	5
their way there	5
scene engine 2	5
engine 2 do	5
notes i'm 10-8	5
it off the	5
as a stolen	5
vehicle just hit	5
like to meet	5
he still has	5
i'm going in	5
we'll see you	5
haven't already you	5
evaluated and refused	5
8 7 0	5
at the last	5
would like the	5
there's a honda	5
and it shows	5
get that male's	5
212 will be	5
12 and 16	5
see the truck	5
one patient one	5
car is here	5
the front car	5
making a lot	5
cook and lake	5
show us how	5
on bunts and	5
with the registrar	5
to appear traffic	5
start this way	5
for us please	5
her from the	5
madison apartment 2	5
no music playing	5
get a medicine	5
of the take	5
units are in	5
and brown is	5
i can't copy	5
spoke to those	5
i would have	5
run a party	5
19 in this	5
i'm 10-8 if	5
the tow sheet	5
the 19 real	5
keys for the	5
her front door	5
in an unknown	5
clear from clifton	5
i thought he	5
i'm talking about	5
the garage door	5
smoke detector is	5
out 211 traffic	5
in that unit	5
was referring to	5
the building they	5
copy code 3	5
12 copy that	5
that was at	5
it's a 2022	5
a 2022 white	5
to fairview park	5
said they just	5
you have one	5
old female down	5
to come check	5
keeping an eye	5
the one at	5
i didn't say	5
one of these	5
directly across from	5
route with the	5
he just went	5
need me at	5
and madison now	5
should be down	5
what were you	5
the male from	5
said he did	5
the left of	5
of the juvenile	5
getting in the	5
do they know	5
has been a	5
going east on	5
two females in	5
here he's gonna	5
help you out	5
come and get	5
and get him	5
get him over	5
a minute and	5
walking to the	5
and respond to	5
and take it	5
is here in	5
out but it's	5
females that are	5
to take your	5
way up here	5
down here by	5
madison this is	5
it's probably the	5
the building by	5
here on madison	5
contact number for	5
i'm right around	5
here and take	5
from my car	5
i'm sorry a	5
so i'll just	5
tow for this	5
i'd appreciate it	5
we good to	5
i believe that's	5
clear and i	5
bring it back	5
madison if you	5
in that car	5
be back en	5
having an episode	5
216 and 205	5
and madison medic	5
marlowe and detroit	5
said it's an	5
so it might	5
you on your	5
on the deck	5
the smell of	5
in on her	5
you try it	5
madison and ridgewood	5
will be stopped	5
little closer i	5
first name tom	5
you don't want	5
for 5 minutes	5
and didn't hear	5
on the steps	5
to lakewood ev	5
edward robert sam	5
she was waiting	5
the building at	5
yeah we're going	5
right here in	5
isn't feeling well	5
going to bring	5
is clear and	5
accessible we'll be	5
13 back up	5
them to keep	5
212 and 229	5
was no one	5
you guys try	5
call the number	5
that she did	5
did not wish	5
a report about	5
believe they were	5
if that's the	5
what i have	5
driver's not driving	5
a ford f-150	5
car and then	5
front of corky's	5
out of court	5
who has the	5
out there quite	5
deal for you	5
for ovi can	5
ovi can you	5
up here real	5
we're ready for	5
as she was	5
i got an	5
the building now	5
checks okay we	5
riverside and riverway	5
secured we'll be	5
to mcdonald's 16407	5
bag full of	5
left the store	5
yes i did	5
picture of him	5
be east of	5
city if you	5
to notify cleveland	5
still with the	5
they have someone	5
transporting one female	5
to show up	5
2 will have	5
a silver subaru	5
burglary alarm showing	5
call back they	5
scene turned over	5
from car 5	5
towers 125 06	5
complainant says she	5
file for this	5
says he was	5
apartment number 17	5
and injured her	5
him up and	5
medic 1's clear	5
they say he's	5
for the lunch	5
looks like just	5
traffic all other	5
forward it to	5
they left the	5
john walter mary	5
1381 bunts number	5
there's some sort	5
97 year old	5
can notify cei	5
wires down here	5
on scene investigating	5
was for us	5
we'll head back	5
we were at	5
engine 3 also	5
he's in apartment	5
a black volkswagen	5
she found the	5
but they do	5
ago he was	5
sorry is that	5
there you guys	5
or on the	5
service and will	5
engine 3 did	5
attention companies car	5
they don't see	5
for a trouble	5
alarm in the	5
in the neighborhood	5
to speedway 1511	5
has been there	5
them a ride	5
check can you	5
in for ovi	5
like there's an	5
assault on a	5
attempt to assist	5
taco bell 1-5500	5
bell 1-5500 detroit	5
not see anyone	5
1522 west clifton	5
very unlike him	5
to know what	5
town and country	5
it's a single	5
medic 4 en	5
1 are going	5
anything on that	5
from this call	5
neighbor across the	5
they had an	5
had an argument	5
smoking marijuana and	5
resident that lives	5
advised that she's	5
chesterland for a	5
any more police	5
what she was	5
he was already	5
of the list	5
19 i'll get	5
and blossom park	5
was inside the	5
if he does	5
at the cvs	5
lot i'll get	5
they're just waiting	5
at the circle	5
make me a	5
i'm sorry for	5
29 we're in	5
a vehicle hit	5
like a couple	5
he's going back	5
clifton right now	5
vehicle is king	5
you send him	5
year old brother	5
has not heard	5
for her welfare	5
the fedor number	5
to the county	5
and it's all	5
the sidewalk at	5
he's struggling to	5
to get home	5
and 2 of	5
getting in a	5
29 kufner has	5
hour and he	5
he's gonna have	5
we're clear here	5
the scene of	5
the special attention	5
a month ago	5
he's still at	5
we get that	5
name one more	5
description of what	5
can't find anything	5
you guys give	5
29 let me	5
northland for a	5
a 2009 chevy	5
driven by a	5
male complainant said	5
since last night	5
just put it	5
let her go	5
on go ahead	5
could add that	5
i have is	5
to carry a	5
his mom is	5
his hands up	5
back here and	5
anyone else in	5
from this morning	5
going to help	5
going in the	5
license expired no	5
to enter the	5
and lake for	5
gonna be sam	5
out of station	5
for a small	5
to 90 eastbound	5
old female 5'8	5
on that and	5
wait in the	5
he thinks that	5
saw the male	5
nothing shown from	5
9 i'm with	5
franklin medic 3	5
scene right now	5
our way to	5
could start kufner	5
there trying to	5
injury to person	5
17 to 29	5
to that car	5
can you reopen	5
16408 madison number	5
was up there	5
that she didn't	5
can get up	5
it here in	5
the office and	5
notes and i	5
gone prior to	5
in the notes	5
101 for a	5
101 medic 3	5
lakewood and franklin	5
was set off	5
were advised not	5
to dollar general	5
general 13215 detroit	5
he pulled over	5
13 i'm sorry	5
with a 19	5
on the gas	5
you let them	5
falling out of	5
everybody in the	5
copy myself and	5
could show me	5
10 minutes out	5
from the westerly	5
plate in front	5
a complaint about	5
of the children	5
on it at	5
in my vehicle	5
okay i see	5
gas outside the	5
lakewood cars just	5
driving through the	5
john charlie lincoln	5
you can enter	5
black ford truck	5
that her husband	5
on a smith	5
there a reason	5
franklin gas with	5
have to check	5
in the drive-thru	5
you also dispatch	5
at 12 000	5
this is car	5
up with him	5
17 i'm 10-7	5
and drug abuse	5
having suicidal thoughts	5
the chase bank	5
at cove and	5
wire in the	5
scene do you	5
from the north	5
219 i copy	5
new york dl	5
problem at this	5
to the main	5
3 it's on	5
male with severe	5
i'll go get	5
go get him	5
1614 lakewood apartment	5
lakewood apartment 1	5
detroit detroit extension	5
from car 8	5
46 years old	5
id cautions for	5
in here in	5
sitting in their	5
21 if you	5
1 car is	5
going to clifton	5
caller say if	5
in her room	5
they're still on	5
transporting female to	5
edgewater at the	5
another call from	5
smoke detector in	5
the building if	5
you could call	5
the southbound lane	5
to go into	5
times to leave	5
is with us	5
in addition to	5
male on his	5
party call of	5
get up and	5
this is what	5
to wake him	5
that vehicle pc	5
the winking lizard	5
the building he's	5
i'm heading that	5
the light it's	5
a complaint in	5
sort of mental	5
time of this	5
into the residence	5
may need to	5
hospital i'll be	5
is failure to	5
in service they'll	5
there a couple	5
franklin apartment 3	5
else is going	5
go for medic	5
us to head	5
the name on	5
please go to	5
from new york	5
cook for a	5
i just added	5
waiting on his	5
to pull in	5
105 for a	5
hour and a	5
to advise that	5
right now he	5
answer the phone	5
have you on	5
you on that	5
clifton to detroit	5
nicholson i'll be	5
dispatch medic freezing	5
him on camera	5
lights and sirens	5
in and get	5
want to keep	5
in there for	5
the tracks i	5
29 franklin and	5
clear if you	5
19 on 10	5
the first letter	5
she's gonna meet	5
clifton and st	5
also did not	5
okay and she	5
117th with john	5
have somebody from	5
go back on	5
got multiple 10-16s	5
you stop over	5
you run another	5
a fingerprint scanner	5
no one's there	5
of cleveland 24	5
10-4 19 disregard	5
just parked in	5
the vehicle out	5
want to ask	5
we can bring	5
him a couple	5
owner's coming out	5
king queen tom	5
16 and 9	5
back into her	5
no he's not	5
the house there	5
owner is moving	5
can continue with	5
16 do you	5
and i should	5
parking lot next	5
3 dispatch from	5
the vehicle left	5
blood clot in	5
17 10-7 lunch	5
and cook king	5
turned on the	5
see any smoke	5
you i got	5
1314 west 117th	5
a male possibly	5
he can show	5
on the opposite	5
the opposite side	5
type of disturbance	5
are out to	5
the building was	5
nothing on our	5
has command all	5
talking to us	5
she's alert and	5
29 squad assist	5
taken out of	5
was just there	5
tow notice was	5
into a white	5
left in an	5
unknown if she's	5
if she's injured	5
of the toyota	5
showing a male	5
winton place 12700	5
her up and	5
3 do we	5
we spread some	5
absorbent on a	5
for a 77-year-old	5
me i have	5
i go north	5
back door alarm	5
she should have	5
guys can check	5
female calling from	5
19 i'm right	5
and has an	5
17 you go	5
probation violation original	5
got a name	5
robert tom edward	5
robert first name	5
gave me comes	5
to reinstate id	5
copy that thanks	5
male we have	5
3 and i'll	5
have the female	5
i ran the	5
female's going to	5
vehicles have been	5
to you can	5
with them they're	5
told him he	5
270 can you	5
a company's medic	5
advised he has	5
apartments apartment 303	5
to the 3rd	5
disregard the alarm	5
to the highway	5
out of grafton	5
white suv parked	5
post office parking	5
15 i'm closer	5
lewis for a	5
numbers i found	5
from the ceiling	5
resident called and	5
from city hall	5
being aggressive towards	5
warrant in the	5
can't read the	5
12405 franklin number	5
has chest pain	5
into the park	5
think she said	5
be john ocean	5
the porch and	5
i pulled up	5
went back inside	5
on both sides	5
can find him	5
to be homeless	5
they found him	5
417 you can	5
last couple hours	5
214 if you	5
and the dogs	5
the door in	5
for you i'm	5
off of a	5
she's in number	5
i'll add it	5
around the front	5
19 i'm closer	5
couple times there's	5
see if maybe	5
and pain in	5
in his chest	5
the building i'm	5
first name of	5
210 can you	5
issue a report	5
state of birth	5
waterbury the downstairs	5
like this is	5
already en route	5
sorry i just	5
i just didn't	5
the winchester 12112	5
both copy from	5
in it and	5
lock out at	5
she's inside the	5
and it's running	5
left and went	5
with that date	5
run over by	5
he can't see	5
like they got	5
any vehicles registered	5
myself and 17	5
10-4 i tried	5
old female needs	5
is utl we'll	5
you please change	5
has some mental	5
he's got an	5
we could have	5
and 2 21	5
there has been	5
been a male	5
ask him to	5
to meet him	5
him over there	5
a minute or	5
on coutant just	5
his 17 year	5
i'm at my	5
dispatch you have	5
with henry william	5
henry william mary	5
detroit looks like	5
just needs some	5
follow-up i'll be	5
note in there	5
him a ride	5
owner he's going	5
in madison and	5
10-16 with us	5
can find that	5
no we're good	5
to get away	5
get away from	5
get some of	5
1346 cove be	5
cove be upstairs	5
vehicle that's blocking	5
find her in	5
if anybody else	5
the door here	5
to the mother	5
her daughter was	5
driveway is accessible	5
was a squad	5
hand me the	5
me the list	5
got another one	5
minutes ago there	5
the street with	5
with the trunk	5
fell at the	5
and i can't	5
hanging out of	5
street in front	5
i saw that	5
talking loudly and	5
myself and 21	5
telling me that	5
to the edge	5
speak to them	5
we have them	5
she's coming down	5
national companies medic	5
able to put	5
been staying there	5
42 years old	5
copy what's the	5
will call us	5
with the property	5
at medic 1	5
what you have	5
let them in	5
the fedor 12400	5
this male in	5
there's nothing for	5
reason not to	5
out at 3	5
be testing the	5
lakewood center west	5
someone hit his	5
riverside on the	5
station i copy	5
front of 1363	5
change that to	5
edgewater square for	5
female thinks she	5
5 0 6	5
with the separation	5
the elevator on	5
out with another	5
we're all in	5
all in service	5
the roll call	5
or do they	5
up with them	5
no wants active	5
wants active permit	5
it now i'll	5
a complaint on	5
you assist lfd	5
blocking the roadway	5
1 with a	5
i'll start that	5
he didn't know	5
off for a	5
on arrival we're	5
a 12 year	5
i was here	5
juvenile starting mileage	5
a break for	5
once i get	5
was too far	5
the area so	5
or if it	5
it was involved	5
involved in some	5
to walgreens 117th	5
she have a	5
one with the	5
citation i'll be	5
the store now	5
4 on scene	5
for a 33	5
the right one	5
added we'll be	5
does this show	5
the water for	5
route to portage	5
county starting mileage	5
all of our	5
you say if	5
have her on	5
right now do	5
you need her	5
need her to	5
to respond there	5
car 4 are	5
coutant apartment 205	5
for information and	5
to his residence	5
he's moving the	5
we've done it	5
calls about it	5
female stuck in	5
you also add	5
a black lexus	5
a black bmw	5
caution is for	5
you bye bye	5
and get you	5
larchmont for a	5
me your phone	5
you stop it	5
could please change	5
that to a	5
disabled vehicle in	5
the original complainant	5
could not detect	5
options i'll be	5
alarm showing basement	5
out nothing showing	5
i'll be assuming	5
disregard the vehicle	5
there's a van	5
showing from three	5
the owner a	5
in a different	5
address for a	5
is known to	5
be at this	5
ohio as well	5
of birth of	5
mental health issue	5
vehicle come back	5
just let him	5
a man in	5
man in a	5
out at detroit	5
to a neighbor	5
thanks for that	5
to the service	5
send her to	5
got the car	5
old black male	5
10-16s out of	5
out and he's	5
get a little	5
out but she	5
hear back from	5
get you back	5
i've got it	5
check on lakewood	5
by her boyfriend	5
know it's probably	5
it's entering agency	5
and release to	5
12 i'm all	5
3 lakeshore towers	5
to city we're	5
on scene dispatch	5
is probably going	5
you medic 1	5
squad for the	5
give an eta	5
told me to	5
didn't give me	5
brown it's gonna	5
any place in	5
with one officer	5
send you guys	5
me from this	5
have had a	5
cook with king	5
lakewood we'll be	5
a malfunctioning detector	5
she's waiting for	5
could i get	5
i get an	5
route from warren	5
going through a	5
medic 3 lakeshore	5
it down to	5
detroit there is	5
wearing a tan	5
a tan jacket	5
clear i'll head	5
i didn't mean	5
didn't mean to	5
just give us	5
just have it	5
the complaint on	5
complaint on madison	5
i can say	5
is that it	5
sedan parked in	5
parked in that	5
said he should	5
he's telling me	5
to hit the	5
there i think	5
you the info	5
give me one	5
dark colored clothing	5
she's a black	5
here she was	5
shows the plates	5
john zebra nora	5
can print this	5
the way with	5
5 to dispatch	5
copies responding from	5
they said her	5
in her legs	5
211 and 216	5
a plate to	5
and the house	5
can speak to	5
your work phones	5
call westcom for	5
yes they are	5
for a two-car	5
2-car mva with	5
route to pick	5
has a seizure	5
valid with no	5
with no wants	5
is in disregard	5
2's responding to	5
for an investigation	5
you bring a	5
216 go ahead	5
the michael towers	5
that for 3	5
10-4 i'll try	5
move her car	5
has it i'm	5
giant eagle for	5
eagle for a	5
the back entrance	5
there's no vehicle	5
to take 5	5
we have here	5
i do the	5
it does show	5
out of warrensville	5
of warrensville heights	5
it in a	5
him off the	5
you and the	5
did not hit	5
if she's valid	5
a history there	5
be good to	5
no ds attached	5
i think is	5
walking back towards	5
dispatch in car	5
something wrong with	5
the residents in	5
did not take	5
to exchange information	5
and they keep	5
in the way	5
the way and	5
wants to take	5
we're responding to	5
you could open	5
for a elderly	5
go to county	5
29 i'm 10-8	5
was some type	5
but when i	5
phone number in	5
have an exact	5
last thing you	5
female's on the	5
second if you	5
with that address	5
time we were	5
we have for	5
to the burger	5
drugs in the	5
refusing to come	5
call in a	5
valid temporary id	5
we'll have them	5
moved it i'll	5
be at 21	5
neighbor next door	5
if not can	5
could start kufner's	5
next door at	5
here a little	5
this can you	5
1 is king	5
or something i	5
for the accident	5
and the rest	5
nora nora edward	5
anything on him	5
an accidental activation	5
here and we're	5
is allowed to	5
allowed to have	5
recently had a	5
for a 13	5
sorry i meant	5
we need it	5
on the 10th	5
department at the	5
2 sides we'll	5
with a fire	5
copies car 2's	5
copy i'll have	5
add that please	5
start me another	5
it's a 2021	5
have like a	5
first and then	5
for that please	5
not sure yet	5
stuff in the	5
checked in front	5
to contact them	5
to make my	5
unit 1 medic	5
made patient contact	5
can we confirm	5
a total of	5
said it shows	5
entry to the	5
have we had	5
of the bus	5
assistance from us	5
front of 1464	5
the employees at	5
cuff her as	5
brockley for a	5
a california listing	5
can start coughing	5
to the same	5
medic 1 14300	5
detroit apartment 520	5
520 for a	5
trying to check	5
have the first	5
and 19 if	5
was pulling out	5
marlowe and franklin	5
detroit apartment 1026	5
apartment 1026 medic	5
1026 medic 1	5
the south of	5
want it to	5
you hit a	5
the house he's	5
of westlake on	5
westlake on a	5
back to michael	5
lane of travel	5
station right now	5
west garage for	5
up with a	5
to back up	5
the entrance ramp	5
in we'll be	5
i called them	5
the city we'll	5
going to run	5
we copy we	5
route to you	5
in the night	5
to i-90 westbound	5
be a while	5
they get there	5
to dispatch you	5
has the car	5
8 9 2	5
be 10-8 we	5
was with her	5
in the cad	5
detroit king union	5
that's all we	5
if it comes	5
lincoln lincoln last	5
a black eye	5
cleveland 37 year	5
no i'll be	5
we know where	5
stop back up	5
that car that	5
separate and i'm	5
over the radio	5
patient refused ama	5
you a text	5
obt for this	5
10-4 it was	5
it over to	5
westbound on franklin	5
are still in	5
a dodge durango	5
outside she said	5
last name william	5
for that name	5
try that name	5
he's not coming	5
dark blue jeep	5
well and she	5
and he doesn't	5
there if they	5
detroit extension apartment	5
probably have to	5
can just call	5
on the stairs	5
park on a	5
came out he's	5
2 check the	5
to place a	5
upon my arrival	5
go out of	5
it's all clear	5
is responding from	5
car 2 there's	5
see any cars	5
you open up	5
in can you	5
him come out	5
said he's on	5
been up there	5
have a warrant	5
name john adam	5
the south westerly	5
and his wife	5
black brown she's	5
to 14401 detroit	5
dispatch track 1	5
them out of	5
down in a	5
party in the	5
the southwest early	5
meridian 12550 lake	5
go ahead show	5
sure he doesn't	5
that dl is	5
the highland manor	5
13 this is	5
pull over to	5
no it was	5
was all set	5
on scene you	5
we're getting on	5
out of time	5
time in the	5
coming through the	5
year old is	5
the female starting	5
2014 black ford	5
there's no fire	5
breathing 14306 detroit	5
concerned for his	5
for his welfare	5
out and is	5
is moving the	5
riverside is closed	5
elderly female fell	5
a black mitsubishi	5
gonna call me	5
180 black and	5
front of 13	5
now she's in	5
of the group	5
copy that is	5
can disregard you	5
warren and bays	5
2 from the	5
going back into	5
be there within	5
madison the owner	5
you send us	5
can just take	5
just take it	5
john victor edward	5
117th with king	5
the complaint was	5
him with a	5
to get me	5
for ems medic	5
have to stop	5
9 3 1	5
complainant lives in	5
any info on	5
at the at	5
premise file we'll	5
hall for a	5
of those back	5
detroit to walgreens	5
he went out	5
15425 detroit for	5
from hilliard and	5
it's possibly a	5
other cars in	5
yeah she said	5
parking lot over	5
edgecliff manor 11849	5
manor 11849 edgewater	5
his nephew is	5
open this door	5
some notes for	5
be closer to	5
male called back	5
sam charlie henry	5
wants 10-4 can	5
that does not	5
i'm 10-7 i'm	5
we have history	5
history at that	5
and they're in	5
for a 23	5
detroit it's going	5
heart is beating	5
the berkshire apartment	5
a valid driver's	5
609 medic 3	5
john tom mary	5
the charlie side	5
be clear after	5
said her neighbor	5
double check the	5
send a tow	5
the downstairs a	5
16 and 20	5
with a few	5
a dump truck	5
lobby medic 2	5
called the number	5
both sides of	5
sides of the	5
the door that	5
that leads to	5
leads to the	5
there's a green	5
disturbance in the	5
parking lot said	5
was not the	5
believe it's the	5
have an alarm	5
he thought was	5
henry king edward	5
if there's nothing	5
her face and	5
responding to him	5
to mcdonald's 1430	5
she's having an	5
having an asthma	5
24 i'm 10-7	5
said it's parked	5
it and they	5
adam nora nora	5
guys check at	5
the lot there	5
for him but	5
detroit and hopkins	5
24 i'm sorry	5
is the registered	5
she's coming in	5
male was driving	5
younger black male	5
the police and	5
the bus he	5
the entrance of	5
he's waiting in	5
or just a	5
advised they have	5
if she could	5
tracks for a	5
calling card on	5
can run it	5
the call in	5
would you add	5
203 if you	5
a full response	5
was caused by	5
not showing up	5
thoughts of suicide	5
riverside and bellevue	5
white male red	5
i will get	5
phone with me	5
65 years old	5
but no one's	5
deal for the	5
that they got	5
cad for that	5
one you can	5
as well in	5
they get here	5
211 do you	5
would you please	5
on our 4	5
henry tom charlie	5
transferring 1 over	5
for a 16	5
can get 17	5
group of 4	5
who said that	5
3 1 8	5
1 8 0	5
we can copy	5
now in front	5
of middleburg heights	5
be back at	5
can title it	5
on the court	5
and when they	5
the one who	5
check around lakewood	5
we didn't hear	5
didn't hear or	5
her of the	5
her she was	5
for information please	5
the mail for	5
black male bald	5
not sure he	5
are you talking	5
heights 27 year	5
female i had	5
wanted him to	5
units are 10-8	5
she's valid through	5
38 39 40	5
39 40 41	5
40 41 42	5
here do you	5
the construction crew	5
few times and	5
the door she's	5
female is in	5
i'll tell you	5
tell you where	5
8 3 1	5
10-4 i copy	5
thanks medic 1	5
the residents and	5
4 5 4	5
male and he's	5
just run the	5
150 black and	5
he asked them	5
said he seems	5
do you run	5
king queen boy	5
out of sheffield	5
of sheffield lake	5
need any further	5
warren in detroit	5
have a minute	5
it's a 2003	5
what you're saying	5
you about the	5
can you cancel	5
lakewood 14806 detroit	5
a white hoodie	5
down here i'm	5
here i'm not	5
respond to 12943	5
advised the complaint	5
but i got	5
can add a	5
a minute i'll	5
clifton just west	5
to stop him	5
out with 14	5
and back door	5
wouldn't give me	5
advised it was	5
and it's showing	5
and my partner	5
trying to be	5
i-90 westbound at	5
8 medic 1	5
2 when you	5
on scene just	5
right behind the	5
the scene and	5
6 on 10-7	5
on berea road	5
bus stop at	5
came down and	5
address if you	5
4 9 6	5
car and a	5
there sounds like	5
was a third	5
notify first energy	5
no one i	5
the door was	5
there's no lights	5
the business and	5
a slight odor	5
car 2 back	5
be back to	5
have your report	5
that elderly female	5
if they would	5
they're saying that	5
cart full of	5
it up in	5
driveway on the	5
is a negative	5
this patient was	5
a few cars	5
move it now	5
was open and	5
a gray volkswagen	5
vehicle sighted 10-8	5
to stop in	5
found a couple	5
other than that	5
from her since	5
bunts just north	5
hello this is	5
gray honda civic	5
the ground and	5
just ran out	5
with john frank	5
kicked him out	5
vehicle can you	5
get into a	5
i had it	5
to ean holdings	5
lakewood cliffs apartment	5
madison park for	5
dispatch you're on	5
suspended with driving	5
with driving privileges	5
the pickup correct	5
male 5'8 160	5
i did the	5
car come back	5
a vehicle i	5
a loud music	5
been going on	5
copy madison hilliard	5
was the number	5
i'm sorry that's	5
2 220 and	5
check 90 eastbound	5
mckinley engine 2	5
the disabled vehicle	5
have a tow	5
us to stage	5
she was leaving	5
the wire is	5
the listed vehicle	5
was in our	5
should have some	5
officers on the	5
john ida queen	5
can be out	5
just to get	5
lake shore tower	5
males that were	5
with the store	5
that he doesn't	5
what's the number	5
with him since	5
warren and garfield	5
cook and clifton	5
and clifton for	5
17 name and	5
brown gonna be	5
for the volkswagen	5
we also have	5
clearance medic 1	5
vehicles matching that	5
the second caller	5
she knows that	5
a silver truck	5
put her on	5
can hear him	5
responding to me	5
is a small	5
need any other	5
3 i got	5
for the house	5
male called 911	5
at the get-go	5
he walked out	5
walked out the	5
guys can slow	5
checks okay he's	5
to go home	5
female yelling at	5
this is michael	5
i copy andrews	5
status is suspended	5
to st john's	5
route if you	5
alarm engine 3	5
a black audi	5
try and reset	5
and reset it	5
check on detroit	5
to go around	5
a residential alarm	5
303 medic 3	5
i covered someone	5
he's got his	5
resident called said	5
was on fire	5
but it's still	5
park 2 is	5
just call the	5
to find any	5
drug mart for	5
of the unit	5
address for that	5
says she fell	5
we pulled into	5
they've been trying	5
it for her	5
to you now	5
she doesn't need	5
passed out behind	5
out behind the	5
hilliard and westwood	5
is no need	5
detroit female is	5
the tracks there's	5
tracks there's a	5
gonna be delayed	5
you can still	5
119 22 madison	5
they no longer	5
can show units	5
what she said	5
a blue and	5
she was wearing	5
to lakewood cars	5
13 i'm going	5
the same person	5
the apartment is	5
assist only refusal	5
that lives on	5
medic 3 was	5
plates expiring at	5
engine 3 i'm	5
want to double	5
double check that	5
a faulty detector	5
until they get	5
complaint that there's	5
i'll double check	5
i said that	5
205 we're out	5
of detroit for	5
meet parking enforcement	5
a vehicle without	5
vehicle without standing	5
lift assist the	5
not waking up	5
up and i	5
he was breathing	5
24 they're all	5
able to drive	5
evaluated refusal obtained	5
clifton king victor	5
15 you guys	5
out of frank	5
driving by and	5
and i'll check	5
think he's going	5
of the bike	5
you use the	5
sure it was	5
117 i'll be	5
the station so	5
be advised it	5
18 on the	5
be clear and	5
and i updated	5
for a 53	5
hear a female	5
the passenger was	5
released to her	5
her friend and	5
the lobby the	5
back if it	5
if it continues	5
of cleveland 2007	5
first name brandon	5
sanders out of	5
aware of that	5
gave her a	5
in a 20	5
i copy 1	5
black vehicle parked	5
up here but	5
the road she	5
went in place	5
she's sitting in	5
can add her	5
to the file	5
hi this is	5
it was king	5
other one's a	5
the noise was	5
have another call	5
he was like	5
to respond or	5
black hoodie with	5
respond to 1341	5
of cleveland 26	5
john john charles	5
as well so	5
a second with	5
if you check	5
can try but	5
back to 12	5
of detroit in	5
in the huntington	5
issues with them	5
so i was	5
can tell him	5
23 copy detroit	5
run a mail	5
i'm out 229	5
out 229 i'm	5
229 i'm out	5
is showing a	5
back i'll be	5
play here in	5
of cleveland 45	5
cleveland 45 year	5
his apartment door	5
we arrested him	5
male that called	5
see the plate	5
you as well	5
out of area	5
was confiscated and	5
a stolen plate	5
you were on	5
come in the	5
that back just	5
is the address	5
with a large	5
9 name and	5
14 i'm on	5
orchard grove medic	5
the complainant she's	5
gonna stay in	5
fence in the	5
at least a	5
heading up there	5
sir thank you	5
3 13900 detroit	5
13900 detroit for	5
phone can i	5
and do some	5
another plate for	5
about 6 feet	5
no i copy	5
john yesterday john	5
we're just west	5
for two males	5
two males that	5
males that are	5
heading code 3	5
not in there	5
got in a	5
8 you guys	5
female who was	5
she's saying it's	5
female is being	5
has been running	5
his way up	5
we're pulling up	5
her daughter she	5
just so i	5
1630 west 117th	5
be 10-8 en	5
riverside in detroit	5
can get your	5
sure what happened	5
and detroit medic	5
lakeland in detroit	5
transferring on to	5
got it out	5
they're gonna come	5
on a phone	5
west on detroit	5
lake house apartment	5
on the driver	5
is a honda	5
is advised and	5
knocking on doors	5
the subject's name	5
shirt and blue	5
to the 5th	5
vehicle i didn't	5
calling in saying	5
screaming at a	5
sam king ida	5
in detroit there's	5
he's a little	5
13 i didn't	5
parking violations on	5
a male complainant	5
there is someone	5
minutes or so	5
11 we're 10-8	5
yeah that's what	5
could check westbound	5
for the new	5
blood sugar is	5
just have him	5
use the side	5
photos of the	5
at mckinley on	5
on the off	5
the off ramp	5
that they could	5
this is veteran	5
just pulled out	5
recently had surgery	5
ready to leave	5
said she's got	5
the son was	5
in apartment 8	5
of cleveland 31	5
this is lpd	5
the squad we're	5
we couldn't copy	5
truck is parked	5
adam nick david	5
do i copy	5
a credit card	5
i'm sorry about	5
it on my	5
you start customer	5
kufner's for the	5
i will head	5
with rocky river	5
8 medic 3	5
5 medic 3	5
to the winchester	5
a disturbance in	5
staff at the	5
1 is transferring	5
clear at fairview	5
be a 2023	5
11 and 24	5
check up the	5
the skyview manor	5
on arrival they	5
the street yelling	5
and they left	5
he said this	5
a yellow shirt	5
settled for a	5
refusing to answer	5
passed out she	5
to bring it	5
male who has	5
one respond to	5
can you shut	5
the gas off	5
the basement we	5
may be the	5
to the 1	5
going into the	5
go ahead from	5
bald and brown	5
you start another	5
jail with a	5
we en route	5
vehicle we are	5
if nobody's closer	5
7 can i	5
back hill and	5
do you check	5
shows it's a	5
drug abuse and	5
2 is around	5
that's why he	5
i see them	5
number 2 for	5
1 complainant said	5
food order for	5
the resident said	5
no shoes on	5
at this house	5
her dog and	5
go to lutheran	5
ahead i'm 10-8	5
in detroit now	5
of the hallway	5
where they are	5
said they're at	5
the complaint they	5
other car is	5
there was nobody	5
could you step	5
a gun in	5
charles south of	5
2 2 1	5
your radio cut	5
edward first name	5
on that male	5
the tow i'm	5
the area to	5
saw a female	5
head to detroit	5
available that can	5
william last name	5
ida david edward	5
11 on the	5
off the front	5
you get 7	5
27 i'm all	5
i get your	5
the next call	5
take that if	5
this morning the	5
showing zone 1	5
them if they	5
they need us	5
blue ford fusion	5
from manor park	5
days ago she	5
be at 20	5
i'm sorry is	5
and you have	5
for about a	5
check the lot	5
pulled into that	5
he was involved	5
and the daughter	5
i'm sorry my	5
brown black first	5
our arrival we'll	5
to step outside	5
has pain in	5
all companies the	5
has been turned	5
that group of	5
stop was random	5
woodward south of	5
suspended valid permit	5
copy back out	5
the area down	5
like he just	5
14 will be	5
the store with	5
advised of trespassing	5
the vehicle they're	5
they're going inside	5
not exactly sure	5
sure where she	5
and her family	5
talking loud and	5
was that for	5
was walking on	5
the tracks and	5
at 14306 detroit	5
the community center	5
male a ride	5
might be something	5
see a plate	5
brown suspended valid	5
a fire in	5
engine 3 out	5
i tried that	5
she's not in	5
brought down some	5
first energy know	5
know that this	5
lake front desk	5
hold on to	5
you make this	5
yes this is	5
set up a	5
truck has been	5
trailer attached to	5
odor of something	5
15 i got	5
are yelling and	5
for a honda	5
just wants it	5
wearing a hoodie	5
for an 83	5
what is it	5
17 you said	5
307 for a	5
and if you're	5
employee said that	5
driver license to	5
he is still	5
and 14 i	5
i love you	5
too i'll be	5
the other unit	5
can just see	5
copy is there	5
would have been	5
that call please	5
thank you go	5
on clifton the	5
marlowe on the	5
if she's breathing	5
some of his	5
station with a	5
with the truck	5
mileage 7 8	5
county ending mileage	5
and 19 you	5
see if they'll	5
211 and 219	5
by with him	5
he's just going	5
my way up	5
directly in front	5
on the window	5
property he was	5
a large pothole	5
is not blocking	5
before you get	5
with the name	5
0 2 7	5
their separate ways	5
at the detail	5
send you her	5
cleveland 28 year	5
white male and	5
coming up on	5
14 i'm not	5
have him in	5
gonna be transferring	5
we have his	5
a light-skinned male	5
a male matching	5
just keep me	5
i also checked	5
i just cleared	5
the winter haven	5
haven in apartment	5
apartment 202 medic	5
of back pain	5
19 there's a	5
to first respond	5
i believe a	5
on lakeland just	5
with negative results	5
last saw her	5
she believes she's	5
taco bell parking	5
bell parking lot	5
male called and	5
cleveland 47 year	5
wants the area	5
and they would	5
protected person against	5
she said about	5
on the southwest	5
detroit room 1	5
said they heard	5
if he doesn't	5
and brown the	5
that male also	5
the only description	5
notes to this	5
some notes here	5
can just try	5
no social attached	5
the apartment he's	5
here in lakewood	5
the background and	5
calling the number	5
to a voicemail	5
in right now	5
try and see	5
there i don't	5
and they told	5
18101 clifton road	5
you run it	5
ready to copy	5
of the construction	5
be out speaking	5
the whole thing	5
parts per million	5
radio is breaking	5
a minute 10-4	5
to check a	5
enbridge is on	5
at 14300 detroit	5
they were already	5
of parma on	5
a fire ground	5
in lakewood park	5
it'll be out	5
sitting in her	5
just got here	5
off the floor	5
not see him	5
we're just waiting	5
lakewood family home	5
to the cab	5
the last 5	5
and 19 are	5
in a verbal	5
officer about some	5
to contact cleveland	5
could just put	5
and start kufner	5
11 rush hour	5
clifton king queen	5
front of 11839	5
station this is	5
her dl to	5
because he has	5
trespass if you	5
was a fire	5
dog off leash	5
haze in the	5
and a light	5
12500 edgewater the	5
wants to harm	5
belle and lake	5
truck 1 disregard	5
guy on the	5
saying he wants	5
to a few	5
longer on the	5
returning to station	5
there's no other	5
station at 211	5
a female from	5
and is concerned	5
19 and 20	5
plate that i	5
in the cafe	5
she doesn't feel	5
john mary frank	5
at the dollar	5
she's a consumer	5
john adam king	5
king adam henry	5
it could you	5
she was assaulted	5
john david tom	5
for my last	5
copy 117 madison	5
they are both	5
i'm sorry if	5
15 i'm right	5
car right now	5
no wants 24	5
her cell phone	5
just wanted her	5
like that and	5
station at 224	5
the lakewood er	5
female is unable	5
number 924 medic	5
a gray jacket	5
this female has	5
don't think it	5
to come from	5
no active fire	5
officers are on	5
advised this is	5
get back up	5
he got on	5
17 1 17	5
kufner's en route	5
is the mail	5
or was it	5
for 80 year	5
juveniles that are	5
the house they	5
said he keeps	5
parked in an	5
locked in a	5
so we'll check	5
an open line	5
i copy 15	5
her way home	5
at 1292 cove	5
park and the	5
looking for his	5
4312 detroit apartment	5
from a resident	5
was just waiting	5
male's under arrest	5
vehicle as well	5
you said they	5
house with the	5
at taco bell	5
a separate you	5
there's a gentleman	5
got a flat	5
18645 detroit apartment	5
was assisted no	5
my partner's talking	5
partner's talking to	5
she thought he	5
because she said	5
for three days	5
check's okay she	5
for the address	5
he's found on	5
are coming from	5
car 8 from	5
information and i	5
90 westbound by	5
is a silver	5
getting on 90	5
the wrong location	5
her boyfriend are	5
airbags are deployed	5
checked on her	5
what's the plate	5
they just pulled	5
east side cars	5
the store they	5
will you give	5
there are a	5
the vehicle with	5
have a ride	5
a run for	5
man was just	5
engine companies medic	5
no i'm not	5
there but they	5
area will be	5
14567 madison the	5
lake the meridian	5
vehicle matching that	5
it was very	5
alger for a	5
for a month	5
and lincoln john	5
for misdemeanor theft	5
the light i'll	5
wait for you	5
the er to	5
down at lakewood	5
over a month	5
yes stand by	5
number 202 medic	5
mom on the	5
2 for engine	5
that appears to	5
we checked inside	5
you get an	5
pick up an	5
getting off the	5
front of giant	5
giant eagle on	5
to 19 i	5
there's no music	5
of these vehicles	5
10-8 1b is	5
and get in	5
2 what do	5
there's an ongoing	5
john victor young	5
and i'll start	5
dropped off and	5
showed up at	5
a report and	5
respond to 1433	5
medic 3 that	5
the complainant would	5
the code for	5
that he hasn't	5
john king x-ray	5
hour or so	5
code 3 from	5
gonna head that	5
i'm gonna continue	5
last name adam	5
that the complaint	5
17 from detroit	5
you and i	5
you back to	5
between male and	5
93 year old	5
19 i'm set	5
out at 12	5
can add it	5
still a little	5
i'm just getting	5
tell if he	5
scene they're gonna	5
of the driver	5
that are coming	5
start kufner and	5
i didn't realize	5
has a key	5
that's been running	5
and 2 you	5
and madison is	5
to sit on	5
care at 14800	5
the apartment with	5
closed from detroit	5
bridge for a	5
eastbound for a	5
the woodward overpass	5
the main library	5
in service they're	5
over the valley	5
is it in	5
a dog running	5
vehicle has moved	5
berea and carbon	5
the area looking	5
them a little	5
from detroit for	5
the park i	5
work cell phone	5
detroit number 305	5
need this back	5
last couple days	5
got a car	5
in the alleyway	5
from burger king	5
that male did	5
through alcohol withdrawal	5
have someone come	5
fairview with this	5
me you can	5
and he's now	5
bring the fingerprint	5
yeah we can	5
parking zone and	5
is closed and	5
to plate in	5
and a dog	5
down here but	5
he's highly intoxicated	5
3 beats clear	5
a michigan plate	5
detail i don't	5
his driveway he	5
coutant number 205	5
number 205 medic	5
might be at	5
phone number we	5
lives in number	5
it into the	5
it's just an	5
in the bed	5
15 i sent	5
that'll be it	5
you a phone	5
11 i have	5
at 117 and	5
pursuit of that	5
yes can you	5
like they just	5
gonna get you	5
caller said there's	5
a clothing description	5
28 i'm on	5
out it was	5
have anything on	5
of birth that	5
19 i'm at	5
into the back	5
be at franklin	5
will be set	5
29 i'm checking	5
didn't see or	5
i can leave	5
dispatch for the	5
out of 3	5
was stolen out	5
first name james	5
the tow truck	5
can you step	5
the lakewood garden	5
a 2022 black	5
set i'm gonna	5
on the block	5
them in there	5
copy that vehicle	5
new york lincoln	5
didn't come over	5
okay did you	5
i'm sorry sir	5
she's an employee	5
an employee at	5
i know i	5
complaint would like	5
dark colored jacket	5
camera looks like	5
license expired id	5
edgewater for an	5
the scene we'll	5
his parking spot	5
back seat of	5
the last 20	5
last 20 minutes	5
a little boy	5
years old he	5
an employee said	5
employee said a	5
help them out	5
the people that	5
back and ask	5
cad we're 10-8	5
close to number	5
female complainant called	5
believe he lives	5
for the neighborhood	5
okay she said	5
on the park	5
spring garden in	5
was concerned for	5
like them to	5
the plates were	5
brookfield manor 11839	5
manor 11839 edgewater	5
received another call	5
male he lives	5
sitting in his	5
did you run	5
in his back	5
8 5 0	5
to the cat	5
it up now	5
a black hooded	5
come in off	5
for ems patient	5
male got out	5
gonna call the	5
part of her	5
we copy that	5
have in the	5
on edgewater are	5
headed towards the	5
the first call	5
madison number 3	5
out for you	5
he was fine	5
he in the	5
me that she	5
said they are	5
from the train	5
of them has	5
the jail male	5
them can you	5
the same car	5
25 could you	5
the call is	5
the beck center	5
said he's very	5
i couldn't hear	5
male said that	5
not want him	5
him to come	5
come out the	5
and they went	5
advised and the	5
a doordash driver	5
we just passed	5
madison so there's	5
kind of disturbance	5
madison and mcgee	5
it happened at	5
for me for	5
the registered owner's	5
the back where	5
transport to the	5
the area if	5
to the aristocrat	5
if any other	5
i did a	5
on follow-up at	5
stop was the	5
plates he was	5
male is on	5
difficulty breathing 14306	5
available to come	5
a male left	5
respond to 1624	5
mile an hour	5
the stop with	5
stopping at the	5
at the clifton	5
road right now	5
male he's not	5
be in cleveland	5
could just leave	5
that way i	5
believe it's going	5
for expired plates	5
just send that	5
looks like some	5
the bailey building	5
3 south of	5
215 and 211	5
15207 madison apartment	5
this female beginning	5
a dog inside	5
black pants the	5
of 24 it	5
any of their	5
1 take 1	5
3 i have	5
could be in	5
it was 1	5
cautions as before	5
ocean date of	5
first name's gonna	5
queen union edward	5
edward lincoln ida	5
lincoln ida nora	5
out of university	5
of birth i	5
this male he	5
and not feeling	5
just call me	5
go with them	5
burglar alarm at	5
fell possibly broke	5
closed between athens	5
yes that's what	5
cleveland for the	5
no wants he's	5
pick up please	5
get you on	5
be taking a	5
be attending with	5
of belle and	5
riding their bikes	5
area it's all	5
from the pool	5
edgewater number 303	5
at west 117	5
coutant medic 1	5
44 years old	5
and they haven't	5
that vehicle as	5
with an expired	5
ahead just be	5
14 i'm 10-8	5
to add it	5
was sighted the	5
detroit west 117	5
clifton we'll be	5
be investigating 10-4	5
black chevy malibu	5
go on to	5
go ahead lake	5
following her around	5
t-shirt black shorts	5
a female a	5
was still accessible	5
the list you	5
was evaluated declined	5
ahead did you	5
old male id	5
the edge on	5
clifton apartment a	5
trust additional owner	5
plate expires june	5
medic 2 staging	5
clear right now	5
on clifton we'll	5
commercial fire alarm	5
edgewater a female	5
was a malfunctioning	5
malfunctioning smoke detector	5
little while ago	5
50 brown brown	5
old female no	5
a 2020 gray	5
the same as	5
and she'd like	5
and her daughter	5
looks like someone	5
could you be	5
confirmed the warrant	5
you the vin	5
able to push	5
you can log	5
they're by the	5
he will be	5
the camera i	5
in a motorized	5
that has the	5
but it's got	5
got a plate	5
that she got	5
up and he	5
the wrong address	5
white male he	5
on warren road	5
sorry my radio	5
my radio is	5
and get his	5
19 i'm gonna	5
at the gas	5
i couldn't tell	5
playing very loud	5
very loud music	5
me to just	5
can show car	5
2 0 0	5
7 3 1	5
1 5 0	5
that car was	5
1 do we	5
the area all	5
i didn't catch	5
when she saw	5
okay she just	5
i'm at madison	5
sorry in the	5
t-shirt and black	5
tree branch down	5
on a transport	5
1 14312 detroit	5
unknown if he's	5
a car she	5
a second here	5
of the juveniles	5
not know the	5
didn't see the	5
i send you	5
a green shirt	5
she said this	5
8 do you	5
to the group	5
phone number on	5
a group home	5
212 and 224	5
george lincoln union	5
something burning in	5
you can assure	5
companies marine 2	5
the westerly for	5
just woke up	5
father of the	5
hill with this	5
phone number attached	5
here they said	5
the street so	5
lincoln medic 1	5
set there we're	5
there we're all	5
the owner for	5
1245 hathaway the	5
hathaway the upstairs	5
dairy queen 16803	5
queen 16803 detroit	5
license plate of	5
this is right	5
right out front	5
he found a	5
at east end	5
you pull in	5
that is down	5
for a power	5
i went to	5
can handle that	5
she had some	5
he'll be in	5
it's a 2023	5
ahead we're out	5
10-7 you can	5
24 respond to	5
go ahead be	5
10-8 from lakewood	5
she's feeling dizzy	5
i get his	5
214 i have	5
the complainant will	5
dl for me	5
and can't get	5
get the key	5
detroit engine 2	5
okay with that	5
500 or 10	5
2 5 3	5
5 3 7	5
his way i'll	5
i apologize i	5
we're set 10-4	5
on cleveland side	5
the city 10-4	5
because he was	5
8 8 4	5
4 4 3	5
thinks the male	5
be clearing up	5
clearing up here	5
the house so	5
the west 117	5
it was driving	5
at this residence	5
will not leave	5
there in front	5
just hit at	5
now he's back	5
southbound on 117	5
can leave a	5
did they see	5
they are all	5
14 to 11	5
waiting for an	5
all parties involved	5
already reduced prices	5
reduced prices exclusions	5
all set 8	5
can just figure	5
trouble breathing and	5
14530 clifton apartment	5
15914 lakewood heights	5
calls from the	5
honda lease trust	5
go ahead call	5
an mva with	5
he's got some	5
and if he	5
corner of clifton	5
was advised if	5
there's no power	5
1 copies car	5
gave me was	5
car if you	5
and license plate	5
illuminating company is	5
company is on	5
3 we got	5
issues and he	5
a black 2018	5
ahead john victor	5
male or female	5
have another plate	5
12009 clifton number	5
an employee there	5
and the manager	5
checks okay 10-8	5
clifton for an	5
for an 82	5
she's been vomiting	5
most of the	5
of the jail	5
in case it	5
a highly intoxicated	5
on his property	5
that's correct thank	5
correct thank you	5
you could confirm	5
route to jail	5
possession of marijuana	5
we'll be returning	5
you copy dl	5
a female possibly	5
3 3 1	5
and could you	5
edgewater are you	5
for a 27	5
would like officers	5
gone on arrival	5
9 could you	5
clifton on the	5
be on west	5
her 9 year	5
to the madison	5
madison park near	5
the vehicle it	5
7 could you	5
dispatch on all	5
on all companies	5
pool 13029 madison	5
checks okay i'll	5
a male came	5
back to regular	5
on marine 2	5
that doesn't come	5
an address on	5
it's just north	5
myself and 7	5
ocean nora last	5
the station that	5
have any of	5
female not valid	5
yeah he said	5
apartment building i	5
up on that	5
down to edgewater	5
being in the	5
black male he	5
young last name	5
pain 1341 marlowe	5
agent i copy	5
13520 elber lane	5
you still want	5
you get 11	5
wants he has	5
protection order issued	5
order issued against	5
the vehicle or	5
medic 1 station	5
should be john	5
area on the	5
george yesterday david	5
may have taken	5
foster pool 14532	5
pool 14532 lake	5
kufner says a	5
says a vehicle	5
registered owner has	5
her apartment she	5
truck 1 do	5
complainant is saying	5
her door is	5
was gone through	5
are going off	5
not see or	5
but he can	5
old daughter is	5
company said that	5
2 3 2	5
a direct call	5
you could you	5
no wants thank	5
wants thank you	5
ahead after the	5
call that male	5
says that there's	5
ahead king george	5
go ahead vehicle	5
2 out on	5
she's saying she's	5
go ahead last	5
ahead last name	5
that was an	5
in question is	5
by the main	5
14 i'll get	5
henry x-ray union	5
is actually a	5
1450 west 117	5
for a suicidal	5
a suicidal female	5
with henry queen	5
got like a	5
be the female	5
that the caller	5
swerving in and	5
be by the	5
the car keys	5
the north lot	5
out of 7	5
the owner can	5
is supposed to	5
10-19 to the	5
with the generator	5
got the owner	5
2 be advised	5
of the solstice	5
that a gray	5
to stay out	5
stay out of	5
he was trespassed	5
ahead king ida	5
front of chipotle	5
also cited for	5
respond to marine	5
lakewood ed with	5
on the nissan	5
elderly male fell	5
area for him	5
to stay separate	5
female she advised	5
madison park pool	5
correction on that	5
a pink slip	5
when i called	5
over to court	5
about wanting to	5
to live there	5
the numbers i	5
in the sidewalk	5
said they took	5
cut it up	5
some banner guard	5
down here on	5
car 10 car	5
they'll be waiting	5
ahead the vehicle	5
the patient to	5
w 12700 lake	5
number thank you	5
lakewood park with	5
spelling middle initial	5
in the yard	5
cleveland 29 year	5
not show any	5
david adam lincoln	5
time medic 3	5
the bravo side	5
to ian holding	5
could you 19c	5
in the stairwell	5
parked there since	5
we searched the	5
that apartment building	5
well i'll be	5
he is there	5
211 respond to	5
to open up	5
having severe abdominal	5
that she wasn't	5
nicholson and merl	5
power to the	5
high blood sugar	5
it was about	5
check by the	5
and talking to	5
you did you	5
go ahead see	5
of the railroad	5
the window and	5
grove in detroit	5
of them she	5
talking to that	5
it was taken	5
edgewater number 721	5
right there at	5
lauderdale for a	5
yelling at people	5
i copy kufner	5
the area you	5
you're done there	5
copy and then	5
and that will	5
upset about it	5
to hilliard bridge	5
now he's not	5
from that area	5
somebody up there	5
the call history	5
walking by said	5
her to your	5
he's walking eastbound	5
be in his	5
detroit to clifton	5
male checked okay	5
and brown has	5
the windows are	5
medic 2 10	5
said they're both	5
madison park 13201	5
fell off his	5
is arriving fairview	5
all units will	5
smoke alarm going	5
for an 85	5
we'll have a	5
it i think	5
22 did you	5
his property and	5
officer about his	5
he fell he's	5
beach is closed	5
i'm sorry that	5
white male blue	5
12 in the	5
get back there	5
1 to o'neill	5
could add it	5
asked her if	5
hey go ahead	5
6 5 7	5
black male is	5
eastbound on edgewater	5
the house he	5
on the athens	5
the refuse department	5
name is frank	5
and head over	5
hydrant in front	5
lake lakewood park	5
the cleaning crew	5
advised she has	5
separate can you	5
at navyfederal org	5
navyfederal org navy	5
org navy federal	5
go with that	5
brown he is	5
there's nobody here	5
there are people	5
have it here	5
a gray dodge	5
green honda civic	5
to park in	5
on right now	5
them a few	5
side of hilliard	5
area of warren	5
come back on	5
vehicle added to	5
the pickup i	5
no wants that	5
that is not	5
madison park the	5
that's not the	5
so that she	5
cars if you're	5
and madison i	5
i missed that	5
ocean union sam	5
playing in the	5
was on franklin	5
211 and 212	5
a 2020 honda	5
21 i got	5
on the 15th	5
wherever you need	5
see anyone matching	5
males in the	5
were the last	5
ago and he	5
a nissan altima	5
6 6 6	5
said advise and	5
could you take	5
overlook apartments 11868	5
apartments 11868 clifton	5
a call there's	5
the neighbor's house	5
a minute i	5
what he's doing	5
1341 marlowe for	5
cleveland 44 year	5
10-4 that matches	5
john frank boy	5
reunited with his	5
could you back	5
1446 medic 1	5
10-4 it's going	5
you like it	5
pulling up on	5
the waverly 14567	5
waverly 14567 madison	5
that they're having	5
be set here	5
explains that there's	5
can't make it	5
ahead i spoke	5
the fry overlook	5
just sitting there	5
i still have	5
she heard what	5
on north marginal	5
madison a resident	5
blue suspended valid	5
10-4 212 12	5
212 12 i	5
that keeps going	5
male possibly in	5
down to you	5
and take care	5
doesn't know how	5
1341 marlowe number	5
driver's license valid	5
the area 10-4	5
on franklin near	5
19 kufner has	5
you assist parking	5
walking up to	5
about 5 to	5
8 1 1	5
0 4 9	5
she found a	5
there now and	5
north belle garage	5
is there she	5
and 224 respond	5
14 and 19	5
5 or 10	5
be a robert	5
henry adam nora	5
you let cleveland	5
you were at	5
flight is in	5
security will be	5
male for a	5
was a misunderstanding	5
can respond with	5
like she's a	5
the complainant says	5
off the area	5
be here a	5
castlewood 17600 detroit	5
a bus stop	5
gave me for	5
no idea where	5
be 10 with	5
10 with a	5
resident of the	5
and the downstairs	5
and they stated	5
to the people	5
and refused to	5
they're doing some	5
from the cleveland	5
know where you	5
that is going	5
thinks she's having	5
berea with henry	5
having some mental	5
it's no longer	5
newman medic 1	5
white toyota corolla	5
okay he said	5
and rocky river	5
the 10 tag	5
dispatch en route	5
to handle that	5
2 to respond	5
aid for that	5
two's out on	5
head she is	5
manager there said	5
a barking dog	5
11839 clifton apartment	5
speak with someone	5
but it's been	5
leaving the area	5
they wanted to	5
that was there	5
old black female	5
1511 warren road	5
and black he's	5
handed over to	5
female for the	5
had a dl	5
check south on	5
for a 34	5
detroit speak with	5
they think he's	5
alarm we'll be	5
woodward and margaret	5
out of amherst	5
she is suspended	5
club 18915 detroit	5
that her neighbor	5
on bunts in	5
complaint is that	5
is in contact	5
suv and a	5
the phone stating	5
it's a pretty	5
just call her	5
it's parked on	5
trying to do	5
back of it	5
me that the	5
9 0 6	5
him said he	5
that is in	5
this is her	5
the day and	5
saw him walking	5
to me and	5
cartoon's in service	5
is suspended no	5
male does not	5
consent of court	5
fri 0 00	5
you know it's	5
found the phone	5
group of males	5
to that i'm	5
in the er	5
have to have	5
able to run	5
it did not	5
up there that	5
the backyard on	5
get another unit	5
at this moment	5
remove the vehicle	5
all in the	5
me get you	5
male that she	5
out of way	5
no additional info	5
on lake in	5
they were there	5
we'll have this	5
the hospital he	5
have at least	5
be around to	5
place 13302 detroit	5
he'll be arrested	5
by the door	5
time and the	5
that they gave	5
for that mail	5
copy your listing	5
that's on a	5
just hear it	5
another call for	5
the caller or	5
female called and	5
said something about	5
to officers about	5
that he would	5
i'll be cutting	5
4 2 6	5
25 and 11	5
there's no fireworks	5
holding for a	5
does not drive	5
dollar general at	5
floor smoke detector	5
you leave a	5
215 and 225	5
406 medic 3	5
5 6 2	5
6 2 1	5
listing king george	5
is where the	5
the homeowner and	5
last seen northbound	5
the car you	5
we're at clifton	5
1-8900 detroit number	5
and the mileage	5
day sale save	5
sale save on	5
female that's out	5
229 and 225	5
at the stall	5
a male the	5
another car please	5
front yard and	5
ahead medic 2	5
was standing outside	5
on foot and	5
the way at	5
that they found	5
the residence he	5
need a vacuum	5
a license to	5
and then another	5
he's worried about	5
up or down	5
franklin and warren	5
the county with	5
the bridge for	5
ahead west 117	5
that called it	5
adam nora george	5
be a civil	5
manager of the	5
were arguing and	5
parking lot a	5
said she found	5
to the southwesterly	5
respond to giant	5
male complaining of	5
i advised her	5
him and they	5
this is 2	5
a lakewood er	5
on clifton i	5
a number i	5
send me to	5
there's still a	5
for a living	5
silver dodge ram	5
trying to speak	5
station 2 engine	5
interior of the	5
going eastbound on	5
like he may	5
15 i'm checking	5
called to complain	5
the driver for	5
hear what sounds	5
on the alger	5
for a 60	5
sent to medic	5
car 3 is	5
verified engine 2	5
a trailer parked	5
white toyota 4	5
a 63 year	5
just on a	5
to the castlewood	5
service for the	5
respond on the	5
204 are you	5
got another car	5
wants to meet	5
vehicles in violation	5
in clifton and	5
has been trying	5
closed between madison	5
you 19 with	5
cvs for a	5
handle all the	5
1450 belle suite	5
we got them	5
with the juvenile	5
it out it's	5
executive house apartments	5
fire alarm sounding	5
looking for this	5
parked blocking the	5
50 miles an	5
for unpaid tickets	5
manager called so	5
blue and white	5
of them were	5
of him and	5
check the history	5
hair brown eyes	5
with a minute	5
sorry i'm at	5
park shore apartments	5
george lincoln tom	5
is there another	5
a laceration on	5
laceration on her	5
i put it	5
hall medic 2	5
be switching over	5
here she said	5
speak with me	5
sir if you	5
i copy nicholson	5
any mileage is	5
so if we	5
make our way	5
you're talking to	5
westerly building 11	5
207 will be	5
at fairview park	5
bunts in athens	5
old male failure	5
male failure to	5
front of cvs	5
could notify the	5
have both copy	5
210 for a	5
complaints that he's	5
on a 2004	5
they both have	5
12550 lake apartment	5
on a green	5
i was advised	5
2009 morrison apartment	5
4 7 0	5
to see anything	5
be heading there	5
if we got	5
in detroit right	5
henry robert adam	5
don't have it	5
with george victor	5
the caller meet	5
caller meet us	5
from madison for	5
and they advised	5
direct call to	5
over that way	5
for the resident	5
on the garage	5
we are passing	5
medic 2 dispatch	5
with a history	5
be set back	5
lot it's a	5
a 901 call	5
athens and warren	5
a white 4	5
number do you	5
lives there with	5
and they both	5
that they don't	5
sam henry edward	5
nick date of	5
a semi truck	5
on his head	5
disregard medic 2	5
does not like	5
the issue is	5
long sleeve shirt	5
victor adam nick	5
he goes by	5
the 90 east	5
hiding in the	5
be behind the	5
the corner and	5
warren i'll be	5
within a second	5
the white female	5
check the camera	5
of those parties	5
the plate here	5
they'll call us	5
with a trailer	5
female she checked	5
you assist him	5
on how to	5
15 you said	5
are we looking	5
we looking for	5
waiting outside in	5
now but i	5
of days inn	5
can find out	5
car that can	5
have it for	5
vin when you	5
vehicle turned over	5
to her now	5
we may need	5
with the front	5
4 0 2	5
is standing by	5
25 years old	5
14300 detroit for	5
able to contact	5
marlowe medic 1	5
a 6 year	5
just needed some	5
you can contact	5
pulled in the	5
blocking his driveway	5
that someone was	5
service patient assisted	5
engine 2 responding	5
madison number 10	5
on the 8th	5
there it was	5
08 can you	5
10 shell companies	5
she's valid there's	5
0 2 10	5
company switch to	5
11 i got	5
02 20 i'm	5
believe it's gonna	5
from 1 of	5
wanna check on	5
i wanna be	5
1 i'm out	5
car to assist	5
i copy 10	5
medic one's responding	5
17 or 10	5
with 10 8	5
there's 2 cars	5
have a 1016	5
the 1 with	5
if it's gonna	5
1 90 brown	5
c out of	5
copy that's gonna	5
0 2 can	5
can disregard if	5
20 2 on	5
there was 2	5
respond at the	5
copy we're gonna	5
you wanna see	5
you wanna place	5
dispatch 1 medic	5
of cleveland 02	5
went to voice	5
the library 15425	5
check eastbound from	5
and brown ballad	5
at 13 o	5
2 i'm gonna	5
dispatch 3 back	5
a list please	5
respond to 14	5
the elevator the	5
that mail is	5
20 1 can	5
1 can get	5
you wanna start	5
0 5 5	5
west clifton riverside	5
gonna have it	5
seventeenth in detroit	5
2 in truck	5
dispatch truck 2	5
10 8 back	5
they have 1	5
going to bed	5
seventeenth in madison	5
with 20 9	5
on 4 and	5
1 7 6	5
back in city	5
1 we're at	5
are unable to	5
could talk to	5
1 17 carbon	5
at 14 o	5
2 19 for	5
you go check	5
0 8 1	5
so it's gonna	5
up to 1	5
and 2 70	5
19 70 4	5
get a check	5
a check okay	5
old male valley	5
customer has the	5
02 20 i	5
was your cross	5
1 9 3	5
a white t	5
28 copy 107108	5
206 medic 2	5
2 second 1	5
2 20 traffic	5
henry queen 6	5
a older model	5
0 3 at	5
2 or 10	5
17 south of	5
1 17th north	5
male 6 2	5
id card it's	5
card it's valid	5
belle mason apartment	5
black t shirt	5
4 2 9	5
emerson 13439 clifton	5
f 1 50	5
1 6 1	5
a in the	5
2 8 copy	5
the feeder 12400	5
feeder 12400 madison	5
10 4 the	5
20 9 if	5
with a bunch	5
3 respond for	5
is this gonna	5
this gonna be	5
have 1 of	5
10 8 i'm	5
10 8 now	5
on the elevator	5
you said 108	5
that's attached to	5
2 9 7	5
2 3 and	5
17 in carbon	5
car 2 engine2	5
female she's silent	5
on 90 right	5
like 1 of	5
caller said it's	5
20 i'll take	5
wagon place expiring	5
engine 10 8	5
1 17th south	5
copy it's gonna	5
10 4 i	5
old female '5	5
gonna attempt to	5
can 1 of	5
1 5 5	5
2 and 219	5
that's locked out	5
birth is 12	5
1 45 brown	5
all be 10	5
1998 27 year	5
for that 1	5
callback and see	5
to station for	5
and 2 01	5
1 you gave	5
detroit and hurd	5
me the id	5
the id number	5
the on the	5
the 8th floor	5
for fire alarm	5
mazda c x	5
kia k 4	5
9 on 10	5
17th in franklin	5
the 1 i	5
10 8 separate	5
20375 center ridge	5
20 5 or	5
gonna go back	5
cars are up	5
1 same traffic	5
and 2 10	5
got multiple 10	5
could you raise	5
east of woodward	5
east of mckinley	5
all gonna be	5
1 or 2	5
is that fairview	5
2 80 i'm	5
4 3 0	5
there's 2 people	5
in the garbage	5
10 shop companies	5
down on a	5
run it up	5
i can i	5
number 10 medic	5
with king x-ray	5
ahead and commit	5
10 16 for	5
20 1 please	5
5 5 8	5
2 20 i'm	5
3 5 9	5
from 01 17	5
multiple 10 sixteens	5
be turning from	5
'29 i'll be	5
expiration on the	5
the check's okay	5
door the plate	5
female 5 5	5
of cleveland 2	5
at cleveland heights	5
scene we're gonna	5
a white cadillac	5
and 20 9	5
on the detail	5
gonna have you	5
okay i'm gonna	5
on saint charles	5
a car there	5
take that 1	5
tree on the	5
7 10 8	5
has a 1016	5
25 on set	5
out of 2	5
expired no 1	5
lot i don't	5
2 on closer	5
22 and 220	5
9 7 1	5
5 5 7	5
02 15 are	5
1 2 7	5
on a couple	5
is gonna check	5
20 19 traffic	5
dispatch back 1	5
be checking here	5
birth is 07	5
i'm sure he's	5
can come down	5
1 5 6	5
1 of our	5
no 1 was	5
11 and 217	5
you wanna try	5
mileage is 7	5
wanna come up	5
mail to fairview	5
brake for another	5
10 8 1	5
she's gonna wait	5
engine 2 17	5
4 1 marlowe	5
to lakeshore tower	5
he's conscious breathing	5
richland and madison	5
you want coffee	5
104 can i	5
2 20 i'll	5
medic 3 transport	5
17 switching to	5
special attention for	5
channel companies medic	5
10 16 at	5
for a 19	5
to hurd's vehicles	5
hurd's vehicles llc	5
volkswagen 4 door	5
just wanna add	5
all set 10	5
detroit the 1	5
4 door please	5
between the 2	5
hello and i	5
for commercial burglar	5
104 i'm all	5
caller said the	5
214 and 225	5
last name lincoln	5
9 we're 10	5
104 you can	5
22 is gonna	5
just get 1	5
seventeenth in franklin	5
madison apartment 808	5
city and i'll	5
copy your name	5
from saint charles	5
he's out at	5
yeah with king	5
with the landlord	5
clifton number 10	5
gonna be charlie	5
1 is for	5
okay well i	5
staying in the	5
and 2 16	5
detroit to southwest	5
0 3 copy	5
8 3 8	5
11 and 222	5
with you shortly	5
19 years old	5
that 1 more	5
the coast guard	5
11 to 3	5
2 and 214	5
you check-in area	5
edgewater apartment 806	5
no one's break	5
black hoodie black	5
6 3 6	5
3 transport 1	5
guys could check-in	5
party going on	5
it's gonna have	5
at madison in	5
quite a few	5
at 02 12	5
check's okay he	5
and cars responding	5
second is gonna	5
gonna be adam	5
1 6 4	5
gonna have 1	5
run a vin	5
on the tray	5
closed between nicholson	5
medic 1 10	5
truck 2 will	5
got flagged over	5
1 to arrive	5
to arrive at	5
car mva 1	5
me out there	5
address is gonna	5
the 1 in	5
16 c's on	5
b is clear	5
to 12400 madison	5
gonna be following	5
i copy 107108	5
12 en route	5
to 2 11	5
2 12 will	5
medic 3 route	5
breathing but not	5
you wanna stop	5
squad assist 10	5
assist 10 8	5
the next 1	5
1 6 7	5
6 7 4	5
1 2 6	5
a mail by	5
you get 17	5
violation on the	5
3 6 5	5
the curtland house	5
valley no 1	5
you gonna be	5
alright class tell	5
class tell me	5
me about your	5
about your weekend	5
your weekend leo	5
weekend leo well	5
leo well my	5
well my sister	5
my sister wants	5
sister wants to	5
to go camping	5
go camping so	5
camping so my	5
so my parents	5
my parents took	5
parents took us	5
took us in	5
us in our	5
in our new	5
our new nissan	5
new nissan pathfinder	5
nissan pathfinder through	5
pathfinder through a	5
through a mountain	5
a mountain trail	5
mountain trail thank	5
trail thank you	5
thank you leo	5
you leo no	5
leo no it's	5
not over yet	5
over yet my	5
yet my brother	5
my brother wants	5
brother wants to	5
wants to explore	5
to explore some	5
explore some caves	5
some caves so	5
caves so we	5
so we drove	5
we drove up	5
drove up a	5
up a bunch	5
bunch of sea	5
of sea pills	5
sea pills and	5
pills and then	5
then we with	5
we with its	5
with its v	5
its v 6	5
v 6 engine	5
6 engine and	5
engine and 9	5
and 9 speed	5
9 speed automatic	5
speed automatic transmission	5
automatic transmission the	5
transmission the nissan	5
the nissan pathfinder	5
nissan pathfinder can	5
pathfinder can power	5
can power your	5
power your adventure	5
your adventure that's	5
adventure that's why	5
that's why jd	5
why jd power	5
jd power ranks	5
power ranks nissan	5
ranks nissan number	5
nissan number 1	5
1 in new	5
in new vehicle	5
new vehicle quality	5
vehicle quality among	5
quality among mainstream	5
among mainstream brands	5
mainstream brands the	5
brands the new	5
the new v	5
new v 6	5
v 6 powered	5
6 powered nissan	5
powered nissan pathfinder	5
nissan pathfinder for	5
pathfinder for jd	5
for jd power	5
jd power 20	5
power 20 25	5
20 25 us	5
25 us central	5
us central quality	5
central quality study	5
quality study award	5
study award information	5
award information visit	5
information visit jdpower	5
visit jdpower com	5
jdpower com slash	5
4 6 5	5
to 1 of	5
you run for	5
you said on	5
and breathing 1	5
1 4 1	5
17th just north	5
attempt to lockout	5
1 17 madison	5
contact to a	5
respond to 2	5
adam boy edward	5
would be out	5
medic 2 1	5
on a 20	5
detroit i'm gonna	5
20 5 can	5
americanexpress com explore-platinum	5
cove apartment 401	5
the ohio educational	5
ohio educational credit	5
educational credit union	5
2 we copy	5
of birth 02	5
108 can you	5
22 on 107	5
wanna go ahead	5
we gonna have	5
wanna speak with	5
211 and 222	5
gonna have the	5
your next truck	5
next truck when	5
when you shop	5
you shop with	5
shop with woodhouse	5
with woodhouse chevy	5
woodhouse chevy explore	5
chevy explore our	5
explore our limited	5
our limited time	5
chevy silverado 1	5
silverado 1 500	5
1 500 custom	5
500 custom crew	5
custom crew cab	5
crew cab 4	5
cab 4 by	5
4 by 4	5
by 4 for	5
4 for 4	5
for 4 49	5
4 49 a	5
msrp on all	5
on all retired	5
all retired courtesy	5
courtesy 2026 silverado	5
2026 silverado 15	5
silverado 15 woodhouse	5
15 woodhouse chevy	5
drive with proof	5
with proof credit	5
proof credit retired	5
title license first	5
license first payment	5
must finance through	5
finance through dealer	5
through dealer and	5
22 and 2	5
20 what's the	5
yeah it's gonna	5
question if you	5
24 and 225	5
9 standing by	5
a group credit	5
retired courtesy loaner	5
mileage 8 3	5
12 o b	5
2 black males	5
saint charles and	5
107 in the	5
dispatch from curtain	5
1 10 7	5
out at no	5
20 4 i'll	5
sound of jack	5
of jack buzz	5
jack buzz cutting	5
buzz cutting his	5
cutting his way	5
a small fortune	5
small fortune to	5
fortune to jack	5
to jack every	5
jack every time	5
time he cuts	5
he cuts his	5
cuts his own	5
his own hair	5
own hair that's	5
hair that's 50	5
that's 50 right	5
50 right in	5
his pocket if	5
pocket if jack	5
if jack sees	5
jack sees diy	5
sees diy buzz	5
diy buzz cuts	5
buzz cuts as	5
cuts as a	5
as a saving	5
a saving strategy	5
saving strategy wells	5
strategy wells fargo	5
fargo is right	5
right behind and	5
behind and with	5
and with their	5
with their mobile	5
their mobile app	5
mobile app tracking	5
app tracking his	5
tracking his savings	5
his savings is	5
savings is easy	5
is easy however	5
easy however you	5
money work we	5
work we can	5
we can work	5
with that mobile	5
that mobile carriers	5
mobile carriers message	5
carriers message and	5
message and data	5
and data rates	5
data rates may	5
rates may apply	5
may apply wells	5
apply wells fargo	5
apartment b as	5
0 26 1	5
0 7 and	5
king walter frank	5
20 6 and	5
6 10 8	5
